RESIDENTIAL_UNITS,GROSS_SQUARE_FEET,SALE_PRICE,BUILDING_AGE,LOG_SALE_PRICE,PREDICTED_PRICE,MARGIN,OPTIMAL_LIST_PRICE
1.0,1660.0,1185000.0,94.0,13.985253332551368,1139780.0,0.05,1196769.0
1.0,2330.0,1360000.0,109.0,14.122995257712235,1429978.0,0.060000000000000005,1515777.0
1.0,1440.0,1545000.0,104.0,14.250534468313983,1142196.0,0.05,1199306.0
1.0,1328.0,850000.0,99.0,13.652991628466498,1085721.0,0.05,1140007.0
1.0,1674.0,992000.0,69.0,13.80747838626701,1005683.0,0.05,1055967.0
1.0,2286.0,1325000.0,114.0,14.09692301740246,1452779.0,0.060000000000000005,1539946.0
1.0,1674.0,999000.0,64.0,13.81451005763069,980206.0,0.05,1029216.0
1.0,2007.0,1960000.0,99.0,14.4884550312067,1263772.0,0.060000000000000005,1339598.0
1.0,1152.0,1205000.0,104.0,14.001990124906893,1070946.0,0.05,1124493.0
1.0,1240.0,1030000.0,84.0,13.845069360205818,985687.0,0.05,1034971.0
1.0,1420.0,980000.0,79.0,13.795307850646754,1000180.0,0.05,1050189.0
2.0,2160.0,1655000.0,94.0,14.319311566793301,1143101.0,0.060000000000000005,1211687.0
2.0,2160.0,1560000.0,94.0,14.26019637922572,1143101.0,0.060000000000000005,1211687.0
2.0,1622.0,925000.0,94.0,13.737549016494562,1013513.0,0.05,1064189.0
2.0,1492.0,888000.0,94.0,13.696727021974308,984470.0,0.05,1033694.0
2.0,2536.0,1350000.0,94.0,14.115615150414612,1243384.0,0.060000000000000005,1317987.0
2.0,2536.0,1700000.0,94.0,14.346138809026444,1243384.0,0.060000000000000005,1317987.0
2.0,2660.0,1880000.0,94.0,14.446782334806132,1278348.0,0.060000000000000005,1355049.0
2.0,2888.0,1280000.0,84.0,14.0623706358958,1277929.0,0.060000000000000005,1354605.0
2.0,2025.0,1255000.0,74.0,14.042646130548022,1000913.0,0.060000000000000005,1060968.0
2.0,2003.0,1280000.0,69.0,14.0623706358958,970769.0,0.060000000000000005,1029015.0
2.0,2160.0,1400000.0,84.0,14.151982794585487,1085918.0,0.060000000000000005,1151073.0
2.0,2160.0,1400000.0,84.0,14.151982794585487,1085918.0,0.060000000000000005,1151073.0
2.0,1736.0,1342000.0,104.0,14.109671596513763,1094435.0,0.05,1149157.0
2.0,2120.0,1450000.0,99.0,14.187074114396758,1162368.0,0.060000000000000005,1232110.0
2.0,2240.0,1650000.0,99.0,14.316285845876763,1193985.0,0.060000000000000005,1265625.0
2.0,2288.0,1310000.0,99.0,14.085537695177335,1206872.0,0.060000000000000005,1279284.0
2.0,2125.0,1200000.0,74.0,13.997832114758229,1023551.0,0.060000000000000005,1084964.0
2.0,1765.0,990000.0,89.0,13.805460222110773,1019941.0,0.05,1070938.0
2.0,1802.0,1080000.0,89.0,13.892471599100402,1028416.0,0.05,1079836.0
2.0,1722.0,350000.0,89.0,12.765688433465597,1010179.0,0.05,1060688.0
2.0,2280.0,1395000.0,89.0,14.148404973237604,1144449.0,0.060000000000000005,1213115.0
2.0,2872.0,1580000.0,64.0,14.27293540500315,1149150.0,0.060000000000000005,1218099.0
2.0,1475.0,900000.0,104.0,13.710150042306449,1032379.0,0.05,1083998.0
2.0,1740.0,995000.0,94.0,13.81049801614073,1040616.0,0.05,1092647.0
2.0,2400.0,1660000.0,49.0,14.322328160332725,957415.0,0.060000000000000005,1014860.0
2.0,2300.0,1038888.0,84.0,13.85366146831331,1120456.0,0.060000000000000005,1187684.0
2.0,1928.0,1249000.0,74.0,14.037853789107714,979434.0,0.05,1028405.0
2.0,992.0,650000.0,74.0,13.38472764187182,794442.0,0.04,826220.0
2.0,1914.0,700000.0,69.0,13.458835614025542,951637.0,0.05,999219.0
2.0,1152.0,650000.0,94.0,13.38472764187182,912386.0,0.05,958006.0
2.0,1188.0,999000.0,84.0,13.81451005763069,873751.0,0.05,917438.0
2.0,2280.0,1220000.0,64.0,14.01436141670944,1006645.0,0.060000000000000005,1067044.0
2.0,2280.0,1290000.0,64.0,14.070152776337855,1006645.0,0.060000000000000005,1067044.0
2.0,1440.0,1350000.0,74.0,14.115615150414612,878165.0,0.05,922073.0
2.0,1736.0,955000.0,84.0,13.769466619462868,987675.0,0.05,1037059.0
2.0,1584.0,973000.0,84.0,13.788139361168142,954664.0,0.05,1002397.0
2.0,1631.0,425000.0,84.0,12.959844447906553,964752.0,0.05,1012989.0
2.0,1673.0,1110000.0,79.0,13.919870573288517,949185.0,0.05,996645.0
2.0,1993.0,700000.0,79.0,13.458835614025542,1019606.0,0.05,1070586.0
2.0,2052.0,1180000.0,74.0,13.981024996441848,1006976.0,0.060000000000000005,1067394.0
3.0,3420.0,1550000.0,89.0,14.253765488895429,1324410.0,0.060000000000000005,1403875.0
3.0,3362.0,1700000.0,94.0,14.346138809026444,1341322.0,0.060000000000000005,1421801.0
3.0,2980.0,1800000.0,59.0,14.403297222866392,1029016.0,0.060000000000000005,1090757.0
3.0,2609.0,1955040.0,1.0,14.48592121155035,703262.0,0.07999999999999999,759523.0
3.0,2609.0,1629200.0,1.0,14.303599654756395,703262.0,0.07999999999999999,759523.0
3.0,4125.0,2253899.0,29.0,14.628172163349856,1139649.0,0.060000000000000005,1208028.0
3.0,7169.0,2907104.0,1.0,14.882667954614872,1949959.0,0.07999999999999999,2105955.0
3.0,3288.0,1398000.0,94.0,14.150553201775892,1319306.0,0.060000000000000005,1398464.0
3.0,4662.0,1870000.0,99.0,14.44144898883077,1840537.0,0.060000000000000005,1950969.0
3.0,2899.0,200000.0,99.0,12.206072645530174,1240813.0,0.060000000000000005,1315261.0
3.0,2540.0,1580000.0,104.0,14.27293540500315,1174846.0,0.060000000000000005,1245336.0
3.0,2789.0,1630000.0,104.0,14.304090572782945,1242127.0,0.060000000000000005,1316654.0
3.0,4216.0,1980000.0,27.0,14.498607402670718,1151204.0,0.060000000000000005,1220276.0
3.0,3105.0,1300000.0,123.0,14.077874822431765,1469622.0,0.060000000000000005,1557800.0
3.0,3118.0,1660000.0,64.0,14.322328160332725,1088854.0,0.060000000000000005,1154186.0
3.0,2850.0,1150000.0,104.0,13.955272500339433,1259189.0,0.060000000000000005,1334740.0
3.0,1860.0,1189000.0,69.0,13.988623175672918,843190.0,0.05,885350.0
4.0,3780.0,1990000.0,77.0,14.503645196700676,1210438.0,0.060000000000000005,1283064.0
12.0,13500.0,2120000.0,96.0,14.566926646648195,4908815.0,0.060000000000000005,5203344.0
1.0,1592.0,1013159.0,99.0,13.828583730440123,1151755.0,0.05,1209343.0
1.0,2094.0,1180000.0,31.0,13.981024996441848,908995.0,0.060000000000000005,963534.0
1.0,1672.0,1625000.0,125.0,14.301018373745976,1339921.0,0.05,1406917.0
1.0,2000.0,1601500.0,114.0,14.28645124803135,1362764.0,0.05,1430902.0
1.0,1254.0,890000.0,99.0,13.698976741708323,1067900.0,0.05,1121295.0
1.0,1192.0,1100000.0,99.0,13.9108207377686,1053195.0,0.05,1105854.0
1.0,1192.0,1150000.0,99.0,13.955272500339433,1053195.0,0.05,1105854.0
1.0,1192.0,1288000.0,99.0,14.068601185646436,1053195.0,0.05,1105854.0
1.0,1456.0,570000.0,94.0,13.253391639810733,1088947.0,0.05,1143394.0
1.0,1456.0,985000.0,94.0,13.800396920154226,1088947.0,0.05,1143394.0
1.0,1248.0,1049000.0,104.0,13.863347887378435,1094188.0,0.05,1148897.0
1.0,1916.0,1600000.0,125.0,14.28551418721001,1415072.0,0.05,1485826.0
1.0,2161.0,1225000.0,125.0,14.018451401960965,1494773.0,0.060000000000000005,1584459.0
1.0,2400.0,1700000.0,114.0,14.346138809026444,1490295.0,0.060000000000000005,1579713.0
1.0,960.0,590000.0,94.0,13.287877815881902,974610.0,0.04,1013594.0
1.0,1673.0,850000.0,84.0,13.652991628466498,1085915.0,0.05,1140211.0
1.0,1076.0,780000.0,99.0,13.567049198665774,1026223.0,0.04,1067272.0
1.0,1224.0,1014000.0,99.0,13.829413463133266,1060759.0,0.05,1113797.0
1.0,1840.0,1100000.0,123.0,13.9108207377686,1377017.0,0.05,1445868.0
1.0,1938.0,1050000.0,99.0,13.864300722133706,1244420.0,0.05,1306641.0
1.0,1938.0,1100000.0,99.0,13.9108207377686,1244420.0,0.05,1306641.0
1.0,1520.0,1050000.0,99.0,13.864300722133706,1133358.0,0.05,1190026.0
1.0,1075.0,1205000.0,99.0,14.001990124906893,1025993.0,0.04,1067033.0
1.0,1560.0,1200000.0,99.0,13.997832114758229,1143542.0,0.05,1200719.0
1.0,1810.0,1270000.0,119.0,14.054527458434775,1340017.0,0.05,1407017.0
1.0,1456.0,1290000.0,99.0,14.070152776337855,1117251.0,0.05,1173113.0
1.0,2080.0,1150000.0,109.0,13.955272500339433,1352219.0,0.060000000000000005,1433352.0
1.0,1617.0,999000.0,99.0,13.81451005763069,1158213.0,0.05,1216124.0
1.0,1216.0,1265000.0,99.0,14.050582680143757,1058863.0,0.05,1111806.0
1.0,4121.0,1450000.0,114.0,14.187074114396758,2189935.0,0.060000000000000005,2321331.0
1.0,1690.0,1170000.0,104.0,13.972514306773938,1207877.0,0.05,1268271.0
1.0,2640.0,1575000.0,125.0,14.269765830241871,1663796.0,0.060000000000000005,1763623.0
1.0,768.0,220000.0,5.0,12.301382825334498,591316.0,0.06,626795.0
1.0,1720.0,1080000.0,99.0,13.892471599100402,1185203.0,0.05,1244463.0
1.0,1688.0,1375000.0,99.0,14.133964289082808,1176751.0,0.05,1235589.0
1.0,2205.0,1500000.0,79.0,14.22097566607244,1192132.0,0.060000000000000005,1263660.0
1.0,2250.0,1900000.0,34.0,14.457364444136669,955872.0,0.060000000000000005,1013224.0
1.0,2650.0,1444000.0,125.0,14.182927598434908,1667521.0,0.060000000000000005,1767572.0
1.0,1614.0,1260000.0,119.0,14.04662227892766,1282546.0,0.05,1346673.0
1.0,1632.0,998000.0,104.0,13.813508555293602,1192310.0,0.05,1251926.0
1.0,1638.0,1510000.0,99.0,14.227620208791107,1163666.0,0.05,1221849.0
1.0,1144.0,1050000.0,99.0,13.864300722133706,1041949.0,0.05,1094046.0
1.0,884.0,1300000.0,99.0,14.077874822431765,983089.0,0.04,1022413.0
1.0,1472.0,1100000.0,99.0,13.9108207377686,1121256.0,0.05,1177319.0
1.0,1472.0,1685000.0,99.0,14.3372761217686,1121256.0,0.05,1177319.0
1.0,1584.0,1400000.0,99.0,14.151982794585487,1149697.0,0.05,1207181.0
1.0,1480.0,1350000.0,104.0,14.115615150414612,1152460.0,0.05,1210083.0
1.0,1573.0,1295000.0,104.0,14.074021253115776,1176681.0,0.05,1235515.0
1.0,1480.0,940000.0,104.0,13.753635154246187,1152460.0,0.05,1210083.0
1.0,2080.0,1430000.0,104.0,14.17318500223609,1317963.0,0.060000000000000005,1397041.0
1.0,1816.0,1355000.0,104.0,14.119312012295937,1242399.0,0.05,1304519.0
1.0,1816.0,1450000.0,104.0,14.187074114396758,1242399.0,0.05,1304519.0
1.0,1320.0,1350000.0,99.0,14.115615150414612,1083780.0,0.05,1137969.0
1.0,1200.0,1200000.0,99.0,13.997832114758229,1055081.0,0.05,1107835.0
1.0,2000.0,2150000.0,99.0,14.580978400103845,1261795.0,0.05,1324885.0
1.0,1472.0,1315000.0,99.0,14.089347223594002,1121256.0,0.05,1177319.0
1.0,1536.0,1280000.0,99.0,14.0623706358958,1137420.0,0.05,1194291.0
1.0,1836.0,1675000.0,94.0,14.331323723241304,1185539.0,0.05,1244816.0
1.0,4500.0,4000000.0,89.0,15.201804919084164,2096638.0,0.060000000000000005,2222436.0
1.0,1670.0,1650000.0,104.0,14.316285845876763,1202487.0,0.05,1262611.0
1.0,2087.0,3100000.0,89.0,14.946912669455374,1222225.0,0.060000000000000005,1295559.0
1.0,2106.0,1700000.0,99.0,14.346138809026444,1292066.0,0.060000000000000005,1369589.0
1.0,1596.0,1460000.0,94.0,14.19394699368452,1123582.0,0.05,1179761.0
1.0,1584.0,1600000.0,99.0,14.28551418721001,1149697.0,0.05,1207181.0
1.0,2644.0,2999000.0,114.0,14.913789457731147,1573881.0,0.060000000000000005,1668313.0
1.0,4478.0,2400000.0,99.0,14.690979295318174,2196213.0,0.060000000000000005,2327986.0
1.0,2549.0,2250000.0,104.0,14.626440774180603,1463715.0,0.060000000000000005,1551538.0
1.0,1952.0,1999999.0,104.0,14.508657238524094,1280768.0,0.05,1344807.0
1.0,1392.0,1540000.0,104.0,14.247292974389811,1130000.0,0.05,1186500.0
1.0,2016.0,1950000.0,99.0,14.48333993053993,1266318.0,0.060000000000000005,1342298.0
1.0,1850.0,1100000.0,123.0,13.9108207377686,1380100.0,0.05,1449105.0
1.0,1850.0,1270000.0,123.0,14.054527458434775,1380100.0,0.05,1449105.0
1.0,2680.0,2400000.0,99.0,14.690979295318174,1469050.0,0.060000000000000005,1557193.0
1.0,4074.0,2997999.0,94.0,14.91345562408892,1955647.0,0.060000000000000005,2072985.0
1.0,1911.0,1200000.0,99.0,13.997832114758229,1236928.0,0.05,1298774.0
1.0,1384.0,1225000.0,104.0,14.018451401960965,1127980.0,0.05,1184379.0
1.0,1683.0,450000.0,119.0,13.017002861746503,1302491.0,0.05,1367616.0
1.0,2080.0,2025000.0,104.0,14.521080258522776,1317963.0,0.060000000000000005,1397041.0
1.0,2578.0,2350000.0,104.0,14.669925886120343,1473240.0,0.060000000000000005,1561634.0
1.0,1387.0,1413000.0,104.0,14.161225661666665,1128737.0,0.05,1185174.0
1.0,1626.0,1122000.0,104.0,13.930623365064779,1190712.0,0.05,1250247.0
1.0,2412.0,2999999.0,99.0,14.914122513298995,1383586.0,0.060000000000000005,1466601.0
1.0,4518.0,4600000.0,114.0,15.341566861459324,2393269.0,0.060000000000000005,2536865.0
1.0,1280.0,995000.0,109.0,13.81049801614073,1130691.0,0.05,1187226.0
1.0,2652.0,1800000.0,104.0,14.403297222866392,1497824.0,0.060000000000000005,1587694.0
1.0,2193.0,1735000.0,104.0,14.366517971363097,1351695.0,0.060000000000000005,1432797.0
1.0,2100.0,2400000.0,114.0,14.690979295318174,1393586.0,0.060000000000000005,1477201.0
1.0,1460.0,990000.0,99.0,13.805460222110773,1118251.0,0.05,1174163.0
1.0,1496.0,1737500.0,99.0,14.367957856421084,1127291.0,0.05,1183655.0
1.0,1188.0,998000.0,99.0,13.813508555293602,1052253.0,0.05,1104866.0
1.0,1704.0,1320000.0,94.0,14.093142294562554,1151051.0,0.05,1208604.0
1.0,1544.0,1150000.0,104.0,13.955272500339433,1169074.0,0.05,1227528.0
1.0,1312.0,1120000.0,99.0,13.928839243271277,1081843.0,0.05,1135935.0
1.0,1436.0,1035000.0,109.0,13.849911984681606,1170836.0,0.05,1229378.0
1.0,1504.0,1400000.0,89.0,14.151982794585487,1072815.0,0.05,1126456.0
1.0,1696.0,1440000.0,89.0,14.180153671552183,1119886.0,0.05,1175880.0
1.0,1470.0,1237500.0,99.0,14.028603773424983,1120755.0,0.05,1176792.0
1.0,1408.0,1450000.0,99.0,14.187074114396758,1105321.0,0.05,1160587.0
1.0,1344.0,562000.0,99.0,13.239257128875828,1089613.0,0.05,1144094.0
1.0,1980.0,850000.0,89.0,13.652991628466498,1193324.0,0.05,1252990.0
1.0,1472.0,1100000.0,99.0,13.9108207377686,1121256.0,0.05,1177319.0
1.0,1461.0,800000.0,99.0,13.592367006650065,1118501.0,0.05,1174426.0
1.0,1280.0,500000.0,99.0,13.122363377404328,1074128.0,0.05,1127834.0
1.0,1680.0,1225000.0,114.0,14.018451401960965,1268643.0,0.05,1332075.0
1.0,1078.0,998000.0,114.0,13.813508555293602,1108837.0,0.04,1153191.0
1.0,1960.0,1325000.0,74.0,14.09692301740246,1099978.0,0.05,1154977.0
1.0,2133.0,1280000.0,99.0,14.0623706358958,1299891.0,0.060000000000000005,1377885.0
1.0,1536.0,1175000.0,99.0,13.976778705560397,1137420.0,0.05,1194291.0
1.0,1152.0,1135000.0,84.0,13.94214320889764,966477.0,0.05,1014801.0
1.0,1928.0,720000.0,114.0,13.487006490992238,1340996.0,0.05,1408046.0
1.0,1780.0,960000.0,84.0,13.77468856344402,1112215.0,0.05,1167825.0
2.0,2216.0,1300000.0,84.0,14.077874822431765,1099603.0,0.060000000000000005,1165580.0
2.0,2660.0,1550000.0,114.0,14.253765488895429,1416528.0,0.060000000000000005,1501519.0
2.0,2164.0,1195000.0,125.0,13.993656743347747,1341423.0,0.060000000000000005,1421908.0
2.0,2024.0,1325000.0,99.0,14.09692301740246,1137677.0,0.060000000000000005,1205938.0
2.0,1846.0,1500000.0,114.0,14.22097566607244,1180761.0,0.05,1239799.0
2.0,1260.0,1120000.0,99.0,13.928839243271277,958987.0,0.05,1006936.0
2.0,1778.0,1200000.0,74.0,13.997832114758229,947121.0,0.05,994478.0
2.0,2822.0,1800000.0,125.0,14.403297222866392,1554092.0,0.060000000000000005,1647337.0
2.0,2698.0,600000.0,74.0,13.304684934198283,1163494.0,0.060000000000000005,1233304.0
2.0,3120.0,1250000.0,109.0,14.038654109278484,1530243.0,0.060000000000000005,1622058.0
2.0,2424.0,1650000.0,94.0,14.316285845876763,1212626.0,0.060000000000000005,1285383.0
2.0,2080.0,1425000.0,99.0,14.169682371684887,1152016.0,0.060000000000000005,1221137.0
2.0,992.0,995000.0,104.0,13.81049801614073,926672.0,0.04,963739.0
2.0,2292.0,1610000.0,74.0,14.291744736960645,1062503.0,0.060000000000000005,1126253.0
2.0,3618.0,1600000.0,99.0,14.28551418721001,1624960.0,0.060000000000000005,1722458.0
2.0,2274.0,1850000.0,99.0,14.430696197054507,1203099.0,0.060000000000000005,1275285.0
2.0,2850.0,1210000.0,94.0,14.006130917572923,1333840.0,0.060000000000000005,1413870.0
2.0,2796.0,1425000.0,114.0,14.169682371684887,1460275.0,0.060000000000000005,1547891.0
2.0,2320.0,1100000.0,99.0,13.9108207377686,1215540.0,0.060000000000000005,1288473.0
2.0,2182.0,1520000.0,99.0,14.234220892822458,1178598.0,0.060000000000000005,1249313.0
2.0,2880.0,1248000.0,114.0,14.03705282791151,1487967.0,0.060000000000000005,1577245.0
2.0,2880.0,206379.0,114.0,12.237469563227208,1487967.0,0.060000000000000005,1577245.0
2.0,2760.0,1540000.0,119.0,14.247292974389811,1486216.0,0.060000000000000005,1575389.0
2.0,3192.0,1870000.0,114.0,14.44144898883077,1595503.0,0.060000000000000005,1691233.0
2.0,3120.0,1320000.0,114.0,14.093142294562554,1570017.0,0.060000000000000005,1664218.0
2.0,2452.0,1010000.0,99.0,13.825460888817442,1251960.0,0.060000000000000005,1327077.0
2.0,2560.0,1750000.0,99.0,14.375126345899696,1282568.0,0.060000000000000005,1359522.0
2.0,3138.0,1480000.0,114.0,14.207552645740298,1576350.0,0.060000000000000005,1670931.0
2.0,1404.0,1050000.0,99.0,13.864300722133706,990374.0,0.05,1039893.0
2.0,2600.0,750000.0,99.0,13.527828485512494,1294093.0,0.060000000000000005,1371738.0
2.0,3120.0,1100000.0,114.0,13.9108207377686,1570017.0,0.060000000000000005,1664218.0
2.0,2850.0,1150000.0,99.0,13.955272500339433,1368509.0,0.060000000000000005,1450620.0
2.0,2730.0,1230000.0,123.0,14.0225247273486,1506896.0,0.060000000000000005,1597309.0
2.0,2102.0,1260000.0,109.0,14.04662227892766,1218662.0,0.060000000000000005,1291781.0
2.0,2210.0,1238000.0,109.0,14.02900773222668,1248455.0,0.060000000000000005,1323363.0
2.0,2970.0,1400000.0,119.0,14.151982794585487,1557683.0,0.060000000000000005,1651144.0
2.0,2650.0,1480000.0,119.0,14.207552645740298,1450099.0,0.060000000000000005,1537105.0
2.0,1760.0,1150198.0,114.0,13.95544465943225,1158268.0,0.05,1216181.0
2.0,3085.0,1280000.0,125.0,14.0623706358958,1648244.0,0.060000000000000005,1747139.0
2.0,1900.0,1255000.0,109.0,14.042646130548022,1164831.0,0.05,1223073.0
2.0,2272.0,1480000.0,123.0,14.207552645740298,1360185.0,0.060000000000000005,1441797.0
2.0,2272.0,1500000.0,123.0,14.22097566607244,1360185.0,0.060000000000000005,1441797.0
2.0,2640.0,1300000.0,125.0,14.077874822431765,1492104.0,0.060000000000000005,1581630.0
2.0,3252.0,1265000.0,125.0,14.050582680143757,1710969.0,0.060000000000000005,1813627.0
2.0,1664.0,1280000.0,99.0,14.0623706358958,1049670.0,0.05,1102153.0
2.0,2548.0,1390000.0,99.0,14.144814305106875,1279130.0,0.060000000000000005,1355878.0
2.0,1716.0,1200000.0,104.0,13.997832114758229,1089551.0,0.05,1144028.0
2.0,2446.0,1658000.0,94.0,14.321122614677376,1218607.0,0.060000000000000005,1291723.0
2.0,3144.0,1200000.0,114.0,13.997832114758229,1578467.0,0.060000000000000005,1673175.0
2.0,2520.0,1480000.0,119.0,14.207552645740298,1408546.0,0.060000000000000005,1493058.0
2.0,2840.0,990000.0,104.0,13.805460222110773,1400943.0,0.060000000000000005,1484999.0
2.0,2940.0,1905000.0,104.0,14.459992566542939,1432627.0,0.060000000000000005,1518585.0
2.0,2574.0,1173000.0,69.0,13.975075127635613,1103002.0,0.060000000000000005,1169182.0
2.0,3042.0,4600000.0,74.0,15.341566861459324,1256541.0,0.060000000000000005,1331934.0
2.0,2280.0,1285000.0,99.0,14.066269276311457,1204715.0,0.060000000000000005,1276997.0
2.0,2302.0,1370000.0,99.0,14.130321297804308,1210657.0,0.060000000000000005,1283296.0
2.0,1197.0,900000.0,99.0,13.710150042306449,945570.0,0.05,992848.0
2.0,3001.0,1560000.0,104.0,14.26019637922572,1452306.0,0.060000000000000005,1539444.0
2.0,2192.0,1700000.0,104.0,14.346138809026444,1211939.0,0.060000000000000005,1284655.0
2.0,2280.0,1370000.0,114.0,14.130321297804308,1301116.0,0.060000000000000005,1379183.0
2.0,2520.0,1710000.0,99.0,14.352003928478842,1271145.0,0.060000000000000005,1347414.0
2.0,2392.0,980000.0,109.0,13.795307850646754,1300321.0,0.060000000000000005,1378340.0
2.0,2560.0,600000.0,99.0,13.304684934198283,1282568.0,0.060000000000000005,1359522.0
2.0,2480.0,1550000.0,99.0,14.253765488895429,1259824.0,0.060000000000000005,1335414.0
2.0,2480.0,1615000.0,99.0,14.294845514638894,1259824.0,0.060000000000000005,1335414.0
2.0,2480.0,1765000.0,99.0,14.383661248349535,1259824.0,0.060000000000000005,1335414.0
2.0,2640.0,1031487.0,99.0,13.846512008408693,1305722.0,0.060000000000000005,1384065.0
2.0,2600.0,1620000.0,99.0,14.297936707208567,1294093.0,0.060000000000000005,1371738.0
2.0,2160.0,1460000.0,99.0,14.19394699368452,1172813.0,0.060000000000000005,1243182.0
2.0,1836.0,1250000.0,99.0,14.038654109278484,1090835.0,0.05,1145376.0
2.0,2364.0,1135000.0,119.0,13.94214320889764,1360250.0,0.060000000000000005,1441865.0
2.0,2400.0,200000.0,119.0,12.206072645530174,1371246.0,0.060000000000000005,1453521.0
2.0,2364.0,1180000.0,119.0,13.981024996441848,1360250.0,0.060000000000000005,1441865.0
2.0,2184.0,1255000.0,99.0,14.042646130548022,1179125.0,0.060000000000000005,1249872.0
2.0,2314.0,1275000.0,59.0,14.058456736574664,988633.0,0.060000000000000005,1047951.0
2.0,2230.0,1360000.0,99.0,14.122995257712235,1191318.0,0.060000000000000005,1262797.0
2.0,1060.0,880000.0,99.0,13.687677186454389,917037.0,0.04,953718.0
2.0,1344.0,1300000.0,99.0,14.077874822431765,977173.0,0.05,1026032.0
2.0,2312.0,1180000.0,99.0,13.981024996441848,1213367.0,0.060000000000000005,1286169.0
2.0,2048.0,1320000.0,99.0,14.093142294562554,1143800.0,0.060000000000000005,1212428.0
2.0,3066.0,990000.0,89.0,13.805460222110773,1364393.0,0.060000000000000005,1446257.0
2.0,2449.0,800000.0,125.0,13.592367006650065,1429709.0,0.060000000000000005,1515491.0
2.0,1860.0,1200000.0,125.0,13.997832114758229,1253252.0,0.05,1315915.0
2.0,3638.0,1730000.0,74.0,14.363631966473962,1435706.0,0.060000000000000005,1521848.0
2.0,1788.0,1100000.0,74.0,13.9108207377686,949242.0,0.05,996704.0
2.0,3247.0,1400000.0,99.0,14.151982794585487,1495574.0,0.060000000000000005,1585308.0
2.0,2928.0,1380000.0,99.0,14.137594057133388,1392592.0,0.060000000000000005,1476147.0
2.0,2972.0,924000.0,99.0,13.73646735062382,1406363.0,0.060000000000000005,1490745.0
2.0,1890.0,990000.0,84.0,13.805460222110773,1022285.0,0.05,1073399.0
2.0,2550.0,1384820.0,2.0,14.14108072525862,777887.0,0.07999999999999999,840118.0
2.0,1691.0,1200000.0,94.0,13.997832114758229,1029275.0,0.05,1080738.0
2.0,1908.0,925000.0,89.0,13.737549016494562,1053087.0,0.05,1105741.0
3.0,3042.0,1400000.0,109.0,14.151982794585487,1348601.0,0.060000000000000005,1429517.0
3.0,3042.0,1380000.0,109.0,14.137594057133388,1348601.0,0.060000000000000005,1429517.0
3.0,2790.0,1400000.0,99.0,14.151982794585487,1210930.0,0.060000000000000005,1283586.0
3.0,2796.0,1750000.0,114.0,14.375126345899696,1309585.0,0.060000000000000005,1388160.0
3.0,2796.0,780000.0,114.0,13.567049198665774,1309585.0,0.060000000000000005,1388160.0
3.0,3850.0,1600000.0,99.0,14.28551418721001,1534885.0,0.060000000000000005,1626978.0
3.0,2400.0,1600000.0,99.0,14.28551418721001,1109785.0,0.060000000000000005,1176372.0
3.0,2940.0,1515000.0,114.0,14.230925996925606,1352447.0,0.060000000000000005,1433594.0
3.0,2768.0,1100000.0,119.0,13.9108207377686,1335236.0,0.060000000000000005,1415350.0
3.0,3391.0,1200000.0,44.0,13.997832114758229,1044504.0,0.060000000000000005,1107174.0
3.0,3811.0,1750000.0,99.0,14.375126345899696,1521556.0,0.060000000000000005,1612849.0
3.0,4284.0,2072109.0,99.0,14.54407748715546,1691336.0,0.060000000000000005,1792816.0
7.0,6400.0,2400000.0,104.0,14.690979295318174,1801754.0,0.060000000000000005,1909859.0
4.0,3875.0,1400000.0,101.0,14.151982794585487,1398495.0,0.060000000000000005,1482404.0
6.0,4440.0,1125000.0,118.0,13.933293593620657,1392600.0,0.060000000000000005,1476156.0
5.0,3774.0,1900000.0,93.0,14.457364444136669,1176846.0,0.060000000000000005,1247457.0
6.0,4744.0,1153000.0,96.0,13.957877799251197,1331436.0,0.060000000000000005,1411322.0
6.0,5183.0,1315000.0,101.0,14.089347223594002,1506968.0,0.060000000000000005,1597386.0
4.0,3000.0,1585000.0,99.0,14.276094965293519,1138192.0,0.060000000000000005,1206483.0
1.0,1080.0,550000.0,125.0,13.217673557208654,1173759.0,0.04,1220709.0
1.0,1800.0,1625000.0,125.0,14.301018373745976,1378833.0,0.05,1447775.0
1.0,2376.0,2020000.0,125.0,14.518608069377388,1568404.0,0.060000000000000005,1662508.0
1.0,2250.0,2350000.0,125.0,14.669925886120343,1524824.0,0.060000000000000005,1616313.0
1.0,2470.0,1999000.0,123.0,14.508157613482537,1585369.0,0.060000000000000005,1680491.0
1.0,3801.0,2850000.0,125.0,14.862829552244833,2157082.0,0.060000000000000005,2286507.0
1.0,3948.0,2900000.0,114.0,14.880221294956703,2106823.0,0.060000000000000005,2233232.0
1.0,3420.0,2900000.0,125.0,14.880221294956703,1980891.0,0.060000000000000005,2099744.0
1.0,1452.0,975000.0,39.0,13.790192749979985,820417.0,0.05,861438.0
1.0,1200.0,1990000.0,104.0,14.503645196700676,1082504.0,0.05,1136630.0
1.0,1428.0,1075000.0,24.0,13.8878312195439,755565.0,0.06999999999999999,808455.0
1.0,1530.0,940000.0,24.0,13.753635154246187,772999.0,0.06999999999999999,827109.0
1.0,2250.0,1250000.0,125.0,14.038654109278484,1524824.0,0.060000000000000005,1616313.0
1.0,2250.0,1250000.0,125.0,14.038654109278484,1524824.0,0.060000000000000005,1616313.0
1.0,3040.0,1500000.0,125.0,14.22097566607244,1819498.0,0.060000000000000005,1928668.0
1.0,2700.0,2681250.0,123.0,14.801793661658465,1669053.0,0.060000000000000005,1769196.0
1.0,2001.0,1320000.0,119.0,14.093142294562554,1398498.0,0.060000000000000005,1482408.0
1.0,2400.0,2100000.0,125.0,14.557447902693651,1576845.0,0.060000000000000005,1671456.0
1.0,2520.0,653934.0,125.0,13.390761707915637,1619737.0,0.060000000000000005,1716921.0
1.0,1692.0,1850000.0,125.0,14.430696197054507,1345928.0,0.05,1413224.0
1.0,2220.0,1275000.0,125.0,14.058456736574664,1514627.0,0.060000000000000005,1605505.0
1.0,2100.0,341579.0,114.0,12.741334263597025,1393586.0,0.060000000000000005,1477201.0
1.0,2100.0,1600000.0,104.0,14.28551418721001,1323871.0,0.060000000000000005,1403303.0
1.0,2665.0,3400000.0,125.0,15.03928598958639,1673124.0,0.060000000000000005,1773512.0
1.0,2665.0,1410000.0,125.0,14.15910026235435,1673124.0,0.060000000000000005,1773512.0
1.0,3360.0,2425000.0,104.0,14.70134208235372,1754802.0,0.060000000000000005,1860091.0
1.0,3760.0,2950000.0,124.0,14.897315728316002,2126452.0,0.060000000000000005,2254039.0
1.0,3493.0,2915000.0,123.0,14.88538037776673,1992936.0,0.060000000000000005,2112512.0
1.0,3112.0,2795000.0,104.0,14.843342664571336,1660123.0,0.060000000000000005,1759730.0
1.0,2660.0,1950000.0,114.0,14.48333993053993,1579523.0,0.060000000000000005,1674294.0
1.0,2609.0,3075000.0,119.0,14.938815459222756,1602198.0,0.060000000000000005,1698330.0
2.0,2580.0,1750000.0,125.0,14.375126345899696,1472216.0,0.060000000000000005,1560549.0
2.0,4400.0,1500000.0,20.0,14.22097566607244,1290396.0,0.07999999999999999,1393628.0
2.0,3120.0,1510000.0,22.0,14.227620208791107,979165.0,0.07999999999999999,1057498.0
2.0,2643.0,1486250.0,125.0,14.211766726987129,1493106.0,0.060000000000000005,1582692.0
2.0,2598.0,1380000.0,125.0,14.137594057133388,1478154.0,0.060000000000000005,1566843.0
2.0,1840.0,850000.0,32.0,13.652991628466498,774138.0,0.05,812845.0
2.0,1916.0,1220000.0,31.0,14.01436141670944,783378.0,0.05,822547.0
2.0,1916.0,999000.0,31.0,13.81451005763069,783378.0,0.05,822547.0
2.0,2281.0,750000.0,108.0,13.527828485512494,1261945.0,0.060000000000000005,1337662.0
2.0,2070.0,999000.0,125.0,13.81451005763069,1313517.0,0.060000000000000005,1392328.0
2.0,3000.0,1500000.0,93.0,14.22097566607244,1372285.0,0.060000000000000005,1454622.0
2.0,2001.0,2060000.0,125.0,14.538216540765763,1293403.0,0.060000000000000005,1371007.0
2.0,2247.0,840000.0,125.0,13.641157170819497,1366556.0,0.060000000000000005,1448549.0
2.0,2972.0,980000.0,109.0,13.795307850646754,1480421.0,0.060000000000000005,1569247.0
2.0,2160.0,1565000.0,125.0,14.26339638195639,1340224.0,0.060000000000000005,1420637.0
2.0,2200.0,961315.0,125.0,13.776057417801928,1352267.0,0.060000000000000005,1433403.0
2.0,2800.0,2300000.0,125.0,14.648419680899378,1546464.0,0.060000000000000005,1639252.0
2.0,1680.0,999000.0,34.0,13.81451005763069,754632.0,0.05,792364.0
2.0,2400.0,915000.0,125.0,13.726679344257658,1414126.0,0.060000000000000005,1498974.0
2.0,2520.0,900000.0,125.0,13.710150042306449,1452592.0,0.060000000000000005,1539748.0
2.0,1608.0,900000.0,125.0,13.710150042306449,1184574.0,0.05,1243802.0
2.0,3360.0,1460000.0,125.0,14.19394699368452,1752799.0,0.060000000000000005,1857966.0
2.0,2280.0,250000.0,125.0,12.429216196844383,1376679.0,0.060000000000000005,1459280.0
2.0,2520.0,285000.0,125.0,12.560244459250788,1452592.0,0.060000000000000005,1539748.0
2.0,2520.0,2350000.0,125.0,14.669925886120343,1452592.0,0.060000000000000005,1539748.0
2.0,1900.0,1900000.0,125.0,14.457364444136669,1264514.0,0.05,1327740.0
2.0,2880.0,1300000.0,29.0,14.077874822431765,961936.0,0.060000000000000005,1019652.0
2.0,2001.0,1030000.0,125.0,13.845069360205818,1293403.0,0.060000000000000005,1371007.0
2.0,3040.0,1270000.0,125.0,14.054527458434775,1631739.0,0.060000000000000005,1729643.0
2.0,2301.0,1210000.0,125.0,14.006130917572923,1383160.0,0.060000000000000005,1466150.0
2.0,1500.0,1550000.0,125.0,14.253765488895429,1156304.0,0.05,1214119.0
2.0,2666.0,1250000.0,114.0,14.038654109278484,1418430.0,0.060000000000000005,1503535.0
2.0,2250.0,2260000.0,125.0,14.630875371248468,1367473.0,0.060000000000000005,1449522.0
2.0,2160.0,999000.0,125.0,13.81451005763069,1340224.0,0.060000000000000005,1420637.0
2.0,3040.0,1455000.0,119.0,14.19051645858773,1582261.0,0.060000000000000005,1677196.0
2.0,2400.0,1852500.0,119.0,14.432046636152378,1371246.0,0.060000000000000005,1453521.0
2.0,3360.0,1270000.0,123.0,14.054527458434775,1734900.0,0.060000000000000005,1838994.0
2.0,2520.0,2450000.0,123.0,14.71159858252091,1437759.0,0.060000000000000005,1524025.0
2.0,3024.0,1600000.0,125.0,14.28551418721001,1625911.0,0.060000000000000005,1723465.0
2.0,2241.0,1525000.0,125.0,14.237504968023648,1364724.0,0.060000000000000005,1446607.0
2.0,2364.0,1100000.0,125.0,13.9108207377686,1402786.0,0.060000000000000005,1486954.0
2.0,1594.0,825000.0,125.0,13.623138665316818,1180870.0,0.05,1239914.0
2.0,1944.0,1730000.0,125.0,14.363631966473962,1277019.0,0.05,1340870.0
2.0,1368.0,1555000.0,125.0,14.256986103595471,1122667.0,0.05,1178801.0
2.0,2520.0,2590000.0,123.0,14.767168433675721,1437759.0,0.060000000000000005,1524025.0
2.0,2394.0,1335000.0,123.0,14.104441849816487,1397809.0,0.060000000000000005,1481678.0
2.0,3600.0,2700000.0,123.0,14.808762330974558,1830566.0,0.060000000000000005,1940400.0
2.0,1600.0,1250000.0,125.0,14.038654109278484,1182456.0,0.05,1241579.0
2.0,2400.0,1250000.0,125.0,14.038654109278484,1414126.0,0.060000000000000005,1498974.0
2.0,2250.0,1650000.0,123.0,14.316285845876763,1353509.0,0.060000000000000005,1434720.0
2.0,3456.0,1625000.0,125.0,14.301018373745976,1790838.0,0.060000000000000005,1898289.0
2.0,3920.0,3300000.0,125.0,15.009433026436708,1986663.0,0.060000000000000005,2105863.0
2.0,2788.0,1850000.0,125.0,14.430696197054507,1542319.0,0.060000000000000005,1634858.0
2.0,2648.0,2475000.0,125.0,14.721750953984929,1494776.0,0.060000000000000005,1584463.0
2.0,2490.0,1240000.0,125.0,14.03062193758122,1442879.0,0.060000000000000005,1529451.0
2.0,1872.0,950000.0,20.0,13.764217263576723,733130.0,0.06999999999999999,784449.0
2.0,2058.0,1300000.0,125.0,14.077874822431765,1309996.0,0.060000000000000005,1388596.0
2.0,1800.0,855000.0,125.0,13.658856747918897,1236548.0,0.05,1298375.0
2.0,2182.0,990000.0,125.0,13.805460222110773,1346834.0,0.060000000000000005,1427644.0
2.0,2185.0,1395000.0,125.0,14.148404973237604,1347738.0,0.060000000000000005,1428602.0
2.0,2376.0,2050000.0,125.0,14.53335035111459,1406556.0,0.060000000000000005,1490950.0
2.0,2490.0,1185000.0,125.0,13.985253332551368,1442879.0,0.060000000000000005,1529451.0
2.0,2430.0,1250000.0,125.0,14.038654109278484,1423646.0,0.060000000000000005,1509065.0
2.0,2364.0,2460000.0,125.0,14.715671907908545,1402786.0,0.060000000000000005,1486954.0
2.0,2520.0,1650000.0,125.0,14.316285845876763,1452592.0,0.060000000000000005,1539748.0
2.0,2474.0,1580000.0,125.0,14.27293540500315,1437725.0,0.060000000000000005,1523988.0
2.0,2328.0,2300000.0,123.0,14.648419680899378,1377328.0,0.060000000000000005,1459968.0
2.0,2328.0,1257539.0,123.0,14.04466719439161,1377328.0,0.060000000000000005,1459968.0
2.0,2342.0,1975000.0,125.0,14.496078956317358,1395901.0,0.060000000000000005,1479655.0
2.0,2584.0,1999000.0,125.0,14.508157613482537,1473533.0,0.060000000000000005,1561945.0
2.0,2358.0,1990000.0,125.0,14.503645196700676,1400905.0,0.060000000000000005,1484960.0
2.0,1840.0,1670000.0,125.0,14.328334184392938,1247659.0,0.05,1310042.0
2.0,2121.0,1540000.0,125.0,14.247292974389811,1328585.0,0.060000000000000005,1408300.0
2.0,2472.0,1350000.0,125.0,14.115615150414612,1437082.0,0.060000000000000005,1523307.0
2.0,2084.0,1300000.0,125.0,14.077874822431765,1317636.0,0.060000000000000005,1396694.0
2.0,2784.0,850001.0,125.0,13.652992804936396,1540940.0,0.060000000000000005,1633396.0
2.0,2496.0,925000.0,125.0,13.737549016494562,1444816.0,0.060000000000000005,1531505.0
2.0,2494.0,2385000.0,125.0,14.684709682304579,1444170.0,0.060000000000000005,1530820.0
2.0,1890.0,1365000.0,123.0,14.126664986601197,1248806.0,0.05,1311246.0
2.0,1344.0,670000.0,123.0,13.415032991367148,1105255.0,0.05,1160518.0
2.0,2324.0,1236406.0,125.0,14.02771934202677,1390293.0,0.060000000000000005,1473711.0
2.0,1680.0,1200000.0,123.0,13.997832114758229,1191510.0,0.05,1251086.0
2.0,2124.0,575000.0,123.0,13.262125319779487,1315900.0,0.060000000000000005,1394854.0
2.0,3145.0,1100000.0,19.0,13.9108207377686,969611.0,0.07999999999999999,1047180.0
2.0,1944.0,2400000.0,31.0,14.690979295318174,788299.0,0.05,827714.0
2.0,1944.0,1999000.0,30.0,14.508157613482537,784264.0,0.05,823477.0
2.0,2794.0,1545000.0,32.0,14.250534468313983,958252.0,0.060000000000000005,1015747.0
2.0,1944.0,2300000.0,29.0,14.648419680899378,780250.0,0.05,819262.0
2.0,1944.0,1700000.0,31.0,14.346138809026444,788299.0,0.05,827714.0
2.0,2139.0,950000.0,114.0,13.764217263576723,1260726.0,0.060000000000000005,1336370.0
2.0,2760.0,1950000.0,123.0,14.48333993053993,1517040.0,0.060000000000000005,1608062.0
2.0,2160.0,1750000.0,125.0,14.375126345899696,1340224.0,0.060000000000000005,1420637.0
2.0,3048.0,2100000.0,123.0,14.557447902693651,1617969.0,0.060000000000000005,1715047.0
2.0,1470.0,1250000.0,114.0,14.038654109278484,1085529.0,0.05,1139806.0
2.0,2223.0,1800000.0,18.0,14.403297222866392,784903.0,0.07999999999999999,847695.0
2.0,2520.0,1950000.0,114.0,14.48333993053993,1372862.0,0.060000000000000005,1455234.0
2.0,3200.0,2325000.0,114.0,14.659230597003594,1598360.0,0.060000000000000005,1694262.0
2.0,3460.0,1350000.0,114.0,14.115615150414612,1694058.0,0.060000000000000005,1795701.0
2.0,1980.0,2999900.0,33.0,14.914089512743482,802870.0,0.05,843014.0
2.0,2250.0,850000.0,114.0,13.652991628466498,1292416.0,0.060000000000000005,1369960.0
2.0,2280.0,650000.0,104.0,13.38472764187182,1236027.0,0.060000000000000005,1310189.0
2.0,2970.0,2850000.0,125.0,14.862829552244833,1606393.0,0.060000000000000005,1702776.0
2.0,2700.0,1217100.0,20.0,14.011981537862649,882275.0,0.07999999999999999,952857.0
2.0,2205.0,1110000.0,125.0,13.919870573288517,1353780.0,0.060000000000000005,1435007.0
2.0,2700.0,750000.0,20.0,13.527828485512494,882275.0,0.07999999999999999,952857.0
2.0,2700.0,1400000.0,20.0,14.151982794585487,882275.0,0.07999999999999999,952857.0
2.0,2250.0,2200000.0,125.0,14.603967918328545,1367473.0,0.060000000000000005,1449522.0
2.0,2250.0,489250.0,125.0,13.100628885258322,1367473.0,0.060000000000000005,1449522.0
2.0,3520.0,600000.0,125.0,13.304684934198283,1816656.0,0.060000000000000005,1925655.0
2.0,1986.0,1600000.0,125.0,14.28551418721001,1289071.0,0.05,1353524.0
2.0,1719.0,1500000.0,125.0,14.22097566607244,1214349.0,0.05,1275066.0
2.0,3360.0,2700000.0,123.0,14.808762330974558,1734900.0,0.060000000000000005,1838994.0
2.0,2700.0,304200.0,125.0,12.62544065880733,1512261.0,0.060000000000000005,1602997.0
2.0,2700.0,2075000.0,125.0,14.545471711646936,1512261.0,0.060000000000000005,1602997.0
2.0,2700.0,200000.0,125.0,12.206072645530174,1512261.0,0.060000000000000005,1602997.0
2.0,3000.0,2825000.0,125.0,14.854018922562679,1617207.0,0.060000000000000005,1714239.0
2.0,2268.0,800000.0,123.0,13.592367006650065,1358969.0,0.060000000000000005,1440507.0
2.0,2100.0,2225000.0,94.0,14.615267473582477,1127865.0,0.060000000000000005,1195537.0
2.0,2652.0,1950000.0,17.0,14.48333993053993,859519.0,0.07999999999999999,928280.0
2.0,2598.0,999999.0,125.0,13.815509557963773,1478154.0,0.060000000000000005,1566843.0
2.0,2400.0,1050000.0,125.0,13.864300722133706,1414126.0,0.060000000000000005,1498974.0
2.0,1440.0,650000.0,125.0,13.38472764187182,1140892.0,0.05,1197936.0
2.0,3004.0,2425000.0,125.0,14.70134208235372,1618654.0,0.060000000000000005,1715773.0
2.0,2364.0,1346000.0,123.0,14.112647789186811,1388462.0,0.060000000000000005,1471770.0
2.0,2280.0,1419950.0,125.0,14.166132217689906,1376679.0,0.060000000000000005,1459280.0
2.0,2475.0,2650000.0,125.0,14.790070197962406,1438046.0,0.060000000000000005,1524329.0
2.0,2475.0,1370000.0,125.0,14.130321297804308,1438046.0,0.060000000000000005,1524329.0
2.0,2520.0,1575000.0,125.0,14.269765830241871,1452592.0,0.060000000000000005,1539748.0
2.0,2520.0,2600000.0,125.0,14.77102200299171,1452592.0,0.060000000000000005,1539748.0
2.0,2130.0,2150000.0,74.0,14.580978400103845,1024696.0,0.060000000000000005,1086178.0
2.0,3520.0,1500000.0,125.0,14.22097566607244,1816656.0,0.060000000000000005,1925655.0
2.0,2400.0,2723000.0,109.0,14.817244771655897,1302649.0,0.060000000000000005,1380808.0
2.0,2400.0,1265000.0,114.0,14.050582680143757,1336508.0,0.060000000000000005,1416698.0
2.0,2001.0,2475000.0,114.0,14.721750953984929,1222410.0,0.060000000000000005,1295755.0
2.0,2040.0,1900000.0,114.0,14.457364444136669,1233119.0,0.060000000000000005,1307106.0
2.0,3200.0,1385000.0,114.0,14.141210697603576,1598360.0,0.060000000000000005,1694262.0
2.0,3599.0,3390000.0,124.0,15.036340479356634,1839573.0,0.060000000000000005,1949947.0
2.0,3300.0,3250000.0,125.0,14.994165554305921,1729435.0,0.060000000000000005,1833201.0
2.0,3208.0,2650000.0,123.0,14.790070197962406,1676914.0,0.060000000000000005,1777529.0
2.0,3652.0,3250000.0,4.0,14.994165554305921,1005565.0,0.07999999999999999,1086010.0
2.0,3240.0,1100000.0,109.0,13.9108207377686,1571867.0,0.060000000000000005,1666179.0
2.0,4440.0,2650000.0,125.0,14.790070197962406,2231677.0,0.060000000000000005,2365577.0
2.0,4440.0,1400000.0,125.0,14.151982794585487,2231677.0,0.060000000000000005,2365577.0
2.0,3600.0,2240150.0,125.0,14.62205338587493,1849452.0,0.060000000000000005,1960419.0
2.0,2520.0,1312500.0,125.0,14.087444273447916,1452592.0,0.060000000000000005,1539748.0
2.0,3024.0,1150000.0,119.0,13.955272500339433,1576609.0,0.060000000000000005,1671205.0
2.0,3760.0,1570000.0,123.0,14.266586177324491,1897256.0,0.060000000000000005,2011092.0
2.0,3024.0,2950000.0,123.0,14.897315728316002,1609308.0,0.060000000000000005,1705866.0
2.0,3198.0,1750000.0,123.0,14.375126345899696,1673168.0,0.060000000000000005,1773558.0
2.0,2626.0,1280000.0,125.0,14.0623706358958,1487440.0,0.060000000000000005,1576686.0
2.0,2280.0,1310000.0,114.0,14.085537695177335,1301116.0,0.060000000000000005,1379183.0
2.0,4050.0,2100000.0,93.0,14.557447902693651,1735520.0,0.060000000000000005,1839652.0
2.0,2968.0,2550000.0,125.0,14.75160391713461,1605674.0,0.060000000000000005,1702015.0
2.0,3600.0,1875000.0,125.0,14.444119217386648,1849452.0,0.060000000000000005,1960419.0
2.0,2040.0,470000.0,123.0,13.060487973686241,1291410.0,0.060000000000000005,1368895.0
2.0,2268.0,1125000.0,123.0,13.933293593620657,1358969.0,0.060000000000000005,1440507.0
2.0,2604.0,1375000.0,123.0,14.133964289082808,1465025.0,0.060000000000000005,1552926.0
2.0,2169.0,990000.0,125.0,13.805460222110773,1342924.0,0.060000000000000005,1423499.0
2.0,1920.0,1200000.0,125.0,13.997832114758229,1270183.0,0.05,1333692.0
2.0,1785.0,2200000.0,123.0,14.603967918328545,1219822.0,0.05,1280813.0
2.0,2040.0,2025000.0,114.0,14.521080258522776,1233119.0,0.060000000000000005,1307106.0
2.0,2093.0,483526.0,123.0,13.088860366990183,1306809.0,0.060000000000000005,1385217.0
2.0,2093.0,2600000.0,123.0,14.77102200299171,1306809.0,0.060000000000000005,1385217.0
2.0,1830.0,1300000.0,125.0,14.077874822431765,1244872.0,0.05,1307116.0
2.0,2288.0,1900000.0,125.0,14.457364444136669,1379144.0,0.060000000000000005,1461893.0
2.0,2604.0,860421.0,14.0,13.6651770833303,837350.0,0.07999999999999999,904338.0
2.0,2604.0,1025000.0,14.0,13.840203170554645,837350.0,0.07999999999999999,904338.0
2.0,2340.0,1340000.0,125.0,14.108180171927094,1395277.0,0.060000000000000005,1478994.0
2.0,1995.0,1340000.0,125.0,14.108180171927094,1291668.0,0.05,1356252.0
2.0,2828.0,1950000.0,125.0,14.48333993053993,1556178.0,0.060000000000000005,1649549.0
2.0,3240.0,3250000.0,125.0,14.994165554305921,1706383.0,0.060000000000000005,1808766.0
2.0,2310.0,1800000.0,93.0,14.403297222866392,1176049.0,0.060000000000000005,1246612.0
2.0,1890.0,1999500.0,125.0,14.50840770726901,1261689.0,0.05,1324774.0
2.0,3570.0,3200000.0,119.0,14.978661367769956,1781379.0,0.060000000000000005,1888262.0
2.0,2880.0,2712500.0,123.0,14.813381276830851,1558305.0,0.060000000000000005,1651804.0
2.0,2501.0,3027500.0,119.0,14.923247754409385,1402573.0,0.060000000000000005,1486727.0
2.0,2432.0,1555000.0,123.0,14.256986103595471,1409739.0,0.060000000000000005,1494323.0
3.0,4000.0,1999000.0,125.0,14.508157613482537,1813818.0,0.060000000000000005,1922647.0
3.0,2310.0,1632000.0,123.0,14.30531681450619,1230235.0,0.060000000000000005,1304049.0
3.0,1968.0,999000.0,125.0,13.81451005763069,1151404.0,0.05,1208974.0
3.0,2700.0,1525000.0,125.0,14.237504968023648,1356207.0,0.060000000000000005,1437580.0
3.0,2331.0,1236000.0,125.0,14.027390916999773,1248779.0,0.060000000000000005,1323705.0
3.0,2972.0,1400000.0,125.0,14.151982794585487,1441269.0,0.060000000000000005,1527746.0
3.0,2430.0,999000.0,125.0,13.81451005763069,1276736.0,0.060000000000000005,1353341.0
3.0,2850.0,1020000.0,125.0,13.835313185260453,1402476.0,0.060000000000000005,1486625.0
3.0,3464.0,1860000.0,125.0,14.436087045689384,1608913.0,0.060000000000000005,1705448.0
3.0,4130.0,900000.0,19.0,13.710150042306449,1083849.0,0.07999999999999999,1170557.0
3.0,3600.0,1221900.0,125.0,14.015917582304613,1658602.0,0.060000000000000005,1758118.0
3.0,3760.0,1650000.0,125.0,14.316285845876763,1719027.0,0.060000000000000005,1822169.0
3.0,3040.0,1410000.0,125.0,14.15910026235435,1463356.0,0.060000000000000005,1551157.0
3.0,3068.0,2220000.0,114.0,14.613017753848462,1391723.0,0.060000000000000005,1475227.0
3.0,3200.0,1500000.0,119.0,14.22097566607244,1470679.0,0.060000000000000005,1558919.0
3.0,3360.0,2995000.0,125.0,14.912454789531687,1571923.0,0.060000000000000005,1666238.0
3.0,3776.0,1700000.0,93.0,14.346138809026444,1463914.0,0.060000000000000005,1551749.0
3.0,3344.0,1280000.0,119.0,14.0623706358958,1518813.0,0.060000000000000005,1609942.0
3.0,3344.0,2800000.0,119.0,14.845129975145433,1518813.0,0.060000000000000005,1609942.0
3.0,3520.0,1700000.0,114.0,14.346138809026444,1539767.0,0.060000000000000005,1632153.0
3.0,3048.0,2650000.0,125.0,14.790070197962406,1465976.0,0.060000000000000005,1553935.0
3.0,2640.0,1580000.0,125.0,14.27293540500315,1338130.0,0.060000000000000005,1418418.0
3.0,3168.0,700000.0,18.0,13.458835614025542,869565.0,0.07999999999999999,939130.0
3.0,2100.0,1400000.0,125.0,14.151982794585487,1185902.0,0.060000000000000005,1257056.0
3.0,2661.0,1300000.0,125.0,14.077874822431765,1344430.0,0.060000000000000005,1425095.0
3.0,2832.0,1400000.0,114.0,14.151982794585487,1320172.0,0.060000000000000005,1399382.0
3.0,3144.0,775000.0,114.0,13.560618308335483,1415581.0,0.060000000000000005,1500516.0
3.0,2931.0,2261000.0,125.0,14.631317751260108,1428114.0,0.060000000000000005,1513801.0
3.0,2716.0,1249458.0,125.0,14.03822041524682,1361069.0,0.060000000000000005,1442733.0
3.0,4800.0,2255000.0,114.0,14.628660530918916,2050124.0,0.060000000000000005,2173132.0
3.0,1600.0,820000.0,123.0,13.617059619240436,1049607.0,0.05,1102087.0
3.0,2100.0,1900000.0,125.0,14.457364444136669,1185902.0,0.060000000000000005,1257056.0
3.0,2713.0,1017378.0,125.0,13.832739287390199,1360156.0,0.060000000000000005,1441765.0
3.0,3282.0,1340000.0,125.0,14.108180171927094,1544739.0,0.060000000000000005,1637423.0
3.0,2733.0,1473400.0,125.0,14.203083213230851,1366254.0,0.060000000000000005,1448229.0
3.0,4230.0,995000.0,19.0,13.81049801614073,1108362.0,0.07999999999999999,1197031.0
3.0,3750.0,1500000.0,93.0,14.22097566607244,1455426.0,0.060000000000000005,1542752.0
3.0,3240.0,1850000.0,19.0,14.430696197054507,888227.0,0.07999999999999999,959285.0
3.0,3003.0,1330000.0,20.0,14.100689500197937,846707.0,0.07999999999999999,914444.0
3.0,2400.0,2650000.0,125.0,14.790070197962406,1268199.0,0.060000000000000005,1344291.0
3.0,3360.0,2200000.0,125.0,14.603967918328545,1571923.0,0.060000000000000005,1666238.0
3.0,1752.0,1999000.0,123.0,14.508157613482537,1085901.0,0.05,1140196.0
3.0,3120.0,1825000.0,125.0,14.417090544998729,1489773.0,0.060000000000000005,1579160.0
3.0,2100.0,1937730.0,93.0,14.477027742841623,1006300.0,0.060000000000000005,1066678.0
3.0,2268.0,2360000.0,125.0,14.674172177001793,1231307.0,0.060000000000000005,1305185.0
3.0,2988.0,900000.0,99.0,13.710150042306449,1265758.0,0.060000000000000005,1341703.0
3.0,3528.0,2835000.0,20.0,14.85755249514399,952195.0,0.07999999999999999,1028371.0
2.0,2752.0,2100000.0,114.0,14.557447902693651,1445975.0,0.060000000000000005,1532734.0
3.0,1995.0,1505000.0,114.0,14.224303456165114,1094797.0,0.05,1149536.0
3.0,3332.0,1950000.0,114.0,14.48333993053993,1476369.0,0.060000000000000005,1564951.0
3.0,3925.0,1262630.0,19.0,14.048707405127605,1035279.0,0.07999999999999999,1118101.0
3.0,3225.0,2100000.0,19.0,14.557447902693651,885252.0,0.07999999999999999,956072.0
3.0,2700.0,1050000.0,24.0,13.864300722133706,807641.0,0.07999999999999999,872252.0
3.0,2139.0,1500000.0,125.0,14.22097566607244,1196291.0,0.060000000000000005,1268068.0
3.0,4304.0,2125000.0,19.0,14.569282360340654,1126858.0,0.07999999999999999,1217007.0
3.0,2068.0,2315000.0,125.0,14.654920245502472,1177445.0,0.060000000000000005,1248092.0
3.0,2574.0,1400000.0,18.0,14.151982794585487,761390.0,0.07999999999999999,822301.0
3.0,3192.0,1489548.0,125.0,14.213983276195295,1513957.0,0.060000000000000005,1604794.0
3.0,3004.0,1220000.0,125.0,14.01436141670944,1451621.0,0.060000000000000005,1538718.0
3.0,2957.0,970000.0,18.0,13.785051350479566,829483.0,0.07999999999999999,895842.0
3.0,3152.0,2075000.0,119.0,14.545471711646936,1454975.0,0.060000000000000005,1542274.0
3.0,2001.0,1160000.0,125.0,13.963930563082547,1159933.0,0.060000000000000005,1229529.0
3.0,3600.0,400000.0,125.0,12.89921982609012,1658602.0,0.060000000000000005,1758118.0
3.0,2048.0,1250000.0,20.0,14.038654109278484,683872.0,0.07999999999999999,738582.0
3.0,1938.0,2500000.0,104.0,14.73180128983843,1026855.0,0.05,1078198.0
3.0,3652.0,950000.0,18.0,13.764217263576723,968974.0,0.07999999999999999,1046492.0
3.0,3200.0,1272813.0,79.0,14.056739969655629,1197750.0,0.060000000000000005,1269615.0
3.0,3360.0,3150000.0,114.0,14.962913010801817,1485643.0,0.060000000000000005,1574782.0
3.0,3480.0,1527375.0,114.0,14.239061133618824,1526054.0,0.060000000000000005,1617618.0
3.0,4456.0,850000.0,114.0,13.652991628466498,1898313.0,0.060000000000000005,2012212.0
3.0,4840.0,1955250.0,20.0,14.486028620463857,1276906.0,0.07999999999999999,1379059.0
3.0,3148.0,900000.0,123.0,13.710150042306449,1483824.0,0.060000000000000005,1572853.0
3.0,3600.0,1000000.0,125.0,13.815510557964274,1658602.0,0.060000000000000005,1758118.0
3.0,3225.0,1680000.0,20.0,14.334304351379442,889807.0,0.07999999999999999,960992.0
3.0,3600.0,1480000.0,109.0,14.207552645740298,1527853.0,0.060000000000000005,1619524.0
3.0,3600.0,1535249.0,125.0,14.24420314083172,1658602.0,0.060000000000000005,1758118.0
3.0,3180.0,2205000.0,119.0,14.606238066863083,1464115.0,0.060000000000000005,1551962.0
3.0,3600.0,2385000.0,125.0,14.684709682304579,1658602.0,0.060000000000000005,1758118.0
3.0,2720.0,1400000.0,123.0,14.151982794585487,1348376.0,0.060000000000000005,1429279.0
3.0,3360.0,2500000.0,125.0,14.73180128983843,1571923.0,0.060000000000000005,1666238.0
3.0,2280.0,2875000.0,114.0,14.871563232213587,1166851.0,0.060000000000000005,1236862.0
3.0,3420.0,1500000.0,93.0,14.22097566607244,1351878.0,0.060000000000000005,1432991.0
3.0,3696.0,2972000.0,125.0,14.904745684819787,1694597.0,0.060000000000000005,1796273.0
3.0,3600.0,1500000.0,125.0,14.22097566607244,1658602.0,0.060000000000000005,1758118.0
3.0,4000.0,2200000.0,125.0,14.603967918328545,1813818.0,0.060000000000000005,1922647.0
3.0,2800.0,1300000.0,125.0,14.077874822431765,1386880.0,0.060000000000000005,1470093.0
3.0,3180.0,675000.0,19.0,13.422467969854667,876388.0,0.07999999999999999,946499.0
3.0,2500.0,2800000.0,123.0,14.845129975145433,1283638.0,0.060000000000000005,1360657.0
3.0,2787.0,3050000.0,123.0,14.930652148583594,1368733.0,0.060000000000000005,1450857.0
3.0,2344.0,3450000.0,123.0,15.053884789007542,1239626.0,0.060000000000000005,1314003.0
3.0,2442.0,1800000.0,16.0,14.403297222866392,731693.0,0.07999999999999999,790228.0
3.0,2442.0,1800000.0,16.0,14.403297222866392,731693.0,0.07999999999999999,790228.0
3.0,2442.0,1800000.0,16.0,14.403297222866392,731693.0,0.07999999999999999,790228.0
3.0,2442.0,1550000.0,16.0,14.253765488895429,731693.0,0.07999999999999999,790228.0
3.0,2442.0,1550000.0,16.0,14.253765488895429,731693.0,0.07999999999999999,790228.0
3.0,1800.0,2250000.0,119.0,14.626440774180603,1075319.0,0.05,1129085.0
3.0,2656.0,2050000.0,123.0,14.53335035111459,1329214.0,0.060000000000000005,1408967.0
3.0,3200.0,2287000.0,123.0,14.642751473004918,1501181.0,0.060000000000000005,1591252.0
3.0,2520.0,2637500.0,125.0,14.785342056766458,1302695.0,0.060000000000000005,1380857.0
3.0,3600.0,2142000.0,125.0,14.577250529989831,1658602.0,0.060000000000000005,1758118.0
3.0,3225.0,1785104.0,20.0,14.394987234803958,889807.0,0.07999999999999999,960992.0
3.0,3744.0,1855000.0,15.0,14.433395254023672,974006.0,0.07999999999999999,1051927.0
3.0,3600.0,3600000.0,129.0,15.096444403426338,1693001.0,0.060000000000000005,1794581.0
3.0,3296.0,1999000.0,125.0,14.508157613482537,1549583.0,0.060000000000000005,1642558.0
3.0,3480.0,1999999.0,125.0,14.508657238524094,1614681.0,0.060000000000000005,1711562.0
3.0,4816.0,600000.0,125.0,13.304684934198283,2176963.0,0.060000000000000005,2307580.0
16.0,14615.0,6200000.0,17.0,15.64005985001532,2716426.0,0.07999999999999999,2933740.0
5.0,3869.0,2250000.0,93.0,14.626440774180603,1202118.0,0.060000000000000005,1274245.0
4.0,2700.0,1970000.0,93.0,14.493544100714171,1032058.0,0.060000000000000005,1093981.0
5.0,3600.0,3500000.0,125.0,15.068273526459642,1333953.0,0.060000000000000005,1413990.0
5.0,3600.0,3500000.0,125.0,15.068273526459642,1333953.0,0.060000000000000005,1413990.0
2.0,3420.0,2735000.0,93.0,14.821641993838218,1507435.0,0.060000000000000005,1597881.0
4.0,2142.0,399999.0,93.0,12.899217326086994,910974.0,0.060000000000000005,965633.0
8.0,5280.0,4600000.0,93.0,15.341566861459324,1188758.0,0.060000000000000005,1260084.0
4.0,2520.0,1250000.0,93.0,14.038654109278484,991336.0,0.060000000000000005,1050816.0
32.0,38000.0,3563259.0,93.0,15.086186133498133,131199978.0,0.060000000000000005,139071977.0
6.0,2599.0,1015000.0,93.0,13.830399170458024,811507.0,0.060000000000000005,860198.0
8.0,8800.0,2100000.0,93.0,14.557447902693651,2612086.0,0.060000000000000005,2768811.0
5.0,2520.0,1200000.0,93.0,13.997832114758229,889037.0,0.060000000000000005,942379.0
4.0,2565.0,1050000.0,93.0,13.864300722133706,1001363.0,0.060000000000000005,1061445.0
8.0,7907.0,3325000.0,9.0,15.016980232072092,1390058.0,0.07999999999999999,1501263.0
4.0,3982.0,1700000.0,125.0,14.346138809026444,1620110.0,0.060000000000000005,1717317.0
7.0,1383.0,975000.0,93.0,13.790192749979985,554476.0,0.05,582200.0
4.0,3120.0,1430000.0,93.0,14.17318500223609,1133700.0,0.060000000000000005,1201722.0
16.0,8320.0,3300000.0,114.0,15.009433026436708,1093361.0,0.060000000000000005,1158963.0
5.0,2501.0,1100000.0,114.0,13.9108207377686,986005.0,0.060000000000000005,1045165.0
4.0,4082.0,2000000.0,125.0,14.508657738524219,1656752.0,0.060000000000000005,1756157.0
4.0,2700.0,1650000.0,114.0,14.316285845876763,1149499.0,0.060000000000000005,1218469.0
4.0,3600.0,2590000.0,114.0,14.767168433675721,1405804.0,0.060000000000000005,1490152.0
4.0,6300.0,3800000.0,114.0,15.150511624696614,2571419.0,0.060000000000000005,2725704.0
6.0,3750.0,2700000.0,93.0,14.808762330974558,1049755.0,0.060000000000000005,1112740.0
4.0,4900.0,2600000.0,93.0,14.77102200299171,1688059.0,0.060000000000000005,1789343.0
4.0,1880.0,2780000.0,93.0,14.83796148566682,859129.0,0.05,902085.0
8.0,6000.0,3550000.0,93.0,15.082458161451598,1396453.0,0.060000000000000005,1480240.0
8.0,6000.0,3500000.0,93.0,15.068273526459642,1396453.0,0.060000000000000005,1480240.0
4.0,2700.0,2800000.0,93.0,14.845129975145433,1032058.0,0.060000000000000005,1093981.0
4.0,3024.0,2500000.0,125.0,14.73180128983843,1307661.0,0.060000000000000005,1386120.0
4.0,2520.0,2400000.0,93.0,14.690979295318174,991336.0,0.060000000000000005,1050816.0
5.0,6600.0,1050000.0,18.0,13.864300722133706,1506770.0,0.07999999999999999,1627311.0
4.0,5200.0,2275000.0,93.0,14.637490610367188,1805204.0,0.060000000000000005,1913517.0
4.0,1904.0,1361707.0,93.0,14.124249617732486,863753.0,0.05,906940.0
20.0,17600.0,3500000.0,93.0,15.068273526459642,5059558.0,0.060000000000000005,5363132.0
4.0,2520.0,990150.0,93.0,13.805611725785026,991336.0,0.060000000000000005,1050816.0
4.0,2520.0,1500000.0,93.0,14.22097566607244,991336.0,0.060000000000000005,1050816.0
6.0,2750.0,875000.0,93.0,13.681979165339751,839380.0,0.060000000000000005,889743.0
8.0,10360.0,1800000.0,93.0,14.403297222866392,3702615.0,0.060000000000000005,3924772.0
8.0,6600.0,1000000.0,93.0,13.815510557964274,1596996.0,0.060000000000000005,1692815.0
7.0,6500.0,1075000.0,114.0,13.8878312195439,1939529.0,0.060000000000000005,2055900.0
7.0,4870.0,3125000.0,125.0,14.954944841152638,1425255.0,0.060000000000000005,1510771.0
4.0,2052.0,2800000.0,93.0,14.845129975145433,892821.0,0.060000000000000005,946390.0
7.0,5280.0,2425000.0,11.0,14.70134208235372,870229.0,0.07999999999999999,939847.0
4.0,2830.0,1424500.0,114.0,14.1693314329201,1183410.0,0.060000000000000005,1254415.0
4.0,2425.0,1425000.0,93.0,14.169682371684887,970495.0,0.060000000000000005,1028725.0
8.0,5794.0,496000.0,114.0,13.114331205707064,1485328.0,0.060000000000000005,1574448.0
9.0,5160.0,977500.0,124.0,13.792753570841658,1216829.0,0.060000000000000005,1289839.0
8.0,4400.0,800000.0,114.0,13.592367006650065,1087488.0,0.060000000000000005,1152738.0
4.0,1838.0,1300000.0,124.0,14.077874822431765,997864.0,0.05,1047757.0
4.0,3800.0,1467000.0,124.0,14.198730057125118,1547527.0,0.060000000000000005,1640379.0
4.0,3240.0,2050000.0,125.0,14.53335035111459,1372382.0,0.060000000000000005,1454725.0
6.0,3040.0,1400000.0,125.0,14.151982794585487,1055474.0,0.060000000000000005,1118802.0
4.0,3360.0,1938880.0,119.0,14.477621044738761,1366966.0,0.060000000000000005,1448984.0
8.0,8495.0,2850000.0,119.0,14.862829552244833,2788121.0,0.060000000000000005,2955408.0
4.0,4400.0,1650000.0,94.0,14.316285845876763,1517232.0,0.060000000000000005,1608266.0
6.0,2400.0,1700000.0,94.0,14.346138809026444,780176.0,0.060000000000000005,826986.0
8.0,11200.0,3000000.0,94.0,14.914122846632385,4490821.0,0.060000000000000005,4760270.0
5.0,2700.0,1405000.0,94.0,14.155547860749984,930319.0,0.060000000000000005,986138.0
1.0,1777.0,1050000.0,84.0,13.864300722133706,1111469.0,0.05,1167042.0
1.0,2445.0,1513000.0,104.0,14.229604992770494,1430063.0,0.060000000000000005,1515867.0
1.0,1600.0,830000.0,109.0,13.62918097977278,1214577.0,0.05,1275306.0
1.0,1444.0,1300000.0,99.0,14.077874822431765,1114256.0,0.05,1169969.0
1.0,1592.0,800000.0,94.0,13.592367006650065,1122577.0,0.05,1178706.0
1.0,1440.0,1180000.0,94.0,13.981024996441848,1085057.0,0.05,1139310.0
1.0,2088.0,1300000.0,104.0,14.077874822431765,1320323.0,0.060000000000000005,1399542.0
1.0,2413.0,1330000.0,99.0,14.100689500197937,1383895.0,0.060000000000000005,1466929.0
1.0,1054.0,845000.0,89.0,13.64709190633931,970101.0,0.04,1008905.0
1.0,1188.0,920000.0,114.0,13.732128949025222,1136454.0,0.05,1193277.0
1.0,1264.0,1050000.0,94.0,13.864300722133706,1043177.0,0.05,1095336.0
1.0,1264.0,1140000.0,94.0,13.946538820370678,1043177.0,0.05,1095336.0
1.0,1328.0,730000.0,99.0,13.500799813124575,1085721.0,0.05,1140007.0
1.0,1122.0,770000.0,99.0,13.554145793829866,1036835.0,0.05,1088677.0
1.0,1122.0,790000.0,99.0,13.579788224443204,1036835.0,0.05,1088677.0
1.0,1122.0,815000.0,99.0,13.610943392223,1036835.0,0.05,1088677.0
1.0,1404.0,1250000.0,94.0,14.038654109278484,1076356.0,0.05,1130174.0
1.0,1545.0,1100000.0,94.0,13.9108207377686,1110839.0,0.05,1166381.0
1.0,1026.0,823500.0,114.0,13.621318828599833,1096017.0,0.04,1139857.0
1.0,986.0,720000.0,114.0,13.487006490992238,1086255.0,0.04,1129706.0
1.0,1344.0,990000.0,99.0,13.805460222110773,1089613.0,0.05,1144094.0
1.0,1440.0,1280000.0,104.0,14.0623706358958,1142196.0,0.05,1199306.0
1.0,1400.0,1080000.0,94.0,13.892471599100402,1075394.0,0.05,1129164.0
1.0,1644.0,998000.0,104.0,13.813508555293602,1195515.0,0.05,1255290.0
1.0,1644.0,988000.0,104.0,13.803437976730004,1195515.0,0.05,1255290.0
1.0,1518.0,1500000.0,104.0,14.22097566607244,1162296.0,0.05,1220411.0
1.0,1650.0,1200000.0,99.0,13.997832114758229,1166793.0,0.05,1225132.0
1.0,1312.0,996000.0,99.0,13.811502536566735,1081843.0,0.05,1135935.0
1.0,1404.0,1183000.0,99.0,13.983564142960525,1104333.0,0.05,1159550.0
1.0,1696.0,1100000.0,104.0,13.9108207377686,1209499.0,0.05,1269974.0
1.0,1760.0,1405000.0,99.0,14.155547860749984,1195853.0,0.05,1255646.0
1.0,2468.0,1300000.0,109.0,14.077874822431765,1474800.0,0.060000000000000005,1563288.0
1.0,1764.0,1370000.0,104.0,14.130321297804308,1228034.0,0.05,1289436.0
1.0,1260.0,1100000.0,104.0,13.9108207377686,1097128.0,0.05,1151985.0
1.0,1600.0,900000.0,119.0,13.710150042306449,1278536.0,0.05,1342463.0
1.0,1890.0,1270000.0,99.0,14.054527458434775,1231132.0,0.05,1292689.0
1.0,1776.0,1250000.0,104.0,14.038654109278484,1231334.0,0.05,1292901.0
2.0,1732.0,1100000.0,84.0,13.9108207377686,986792.0,0.05,1036132.0
2.0,1740.0,1495000.0,99.0,14.217636764806924,1067664.0,0.05,1121047.0
2.0,1528.0,1098000.0,99.0,13.909000901051613,1018224.0,0.05,1069135.0
2.0,2640.0,1980000.0,94.0,14.498607402670718,1272643.0,0.060000000000000005,1349002.0
2.0,2640.0,1730000.0,94.0,14.363631966473962,1272643.0,0.060000000000000005,1349002.0
2.0,1870.0,990000.0,99.0,13.805460222110773,1099161.0,0.05,1154119.0
2.0,1508.0,1180000.0,99.0,13.981024996441848,1013679.0,0.05,1064363.0
2.0,2440.0,1650000.0,104.0,14.316285845876763,1281058.0,0.060000000000000005,1357921.0
2.0,1580.0,269000.0,109.0,12.502466658583977,1084381.0,0.05,1138600.0
2.0,1732.0,1340000.0,74.0,14.108180171927094,937428.0,0.05,984299.0
2.0,2480.0,1810000.0,94.0,14.408837403242009,1227909.0,0.060000000000000005,1301583.0
2.0,2320.0,1680800.0,99.0,14.334780428512929,1215540.0,0.060000000000000005,1288473.0
2.0,1792.0,1470000.0,99.0,14.20077295875492,1080153.0,0.05,1134161.0
2.0,2098.0,1300000.0,99.0,14.077874822431765,1156663.0,0.060000000000000005,1226062.0
2.0,1646.0,1288000.0,94.0,14.068601185646436,1018968.0,0.05,1069916.0
2.0,1516.0,1280000.0,94.0,14.0623706358958,989769.0,0.05,1039257.0
2.0,2560.0,298535.0,114.0,12.60664245787253,1385199.0,0.060000000000000005,1468311.0
2.0,1584.0,1380000.0,104.0,14.137594057133388,1057856.0,0.05,1110748.0
2.0,1850.0,1600000.0,104.0,14.28551418721001,1122697.0,0.05,1178832.0
2.0,2370.0,1580000.0,104.0,14.27293540500315,1261159.0,0.060000000000000005,1336828.0
2.0,1596.0,1180000.0,104.0,13.981024996441848,1060698.0,0.05,1113733.0
2.0,2415.0,1380000.0,104.0,14.137594057133388,1273915.0,0.060000000000000005,1350350.0
2.0,3540.0,1200000.0,94.0,13.997832114758229,1556405.0,0.060000000000000005,1649790.0
2.0,2842.0,1610000.0,69.0,14.291744736960645,1171135.0,0.060000000000000005,1241403.0
2.0,1936.0,980000.0,104.0,13.795307850646754,1144500.0,0.05,1201725.0
2.0,2480.0,1398000.0,94.0,14.150553201775892,1227909.0,0.060000000000000005,1301583.0
2.0,4290.0,1790000.0,94.0,14.397726177816939,1840642.0,0.060000000000000005,1951081.0
2.0,2480.0,1800000.0,94.0,14.403297222866392,1227909.0,0.060000000000000005,1301583.0
2.0,2400.0,1700000.0,94.0,14.346138809026444,1206134.0,0.060000000000000005,1278502.0
2.0,2480.0,1550000.0,94.0,14.253765488895429,1227909.0,0.060000000000000005,1301583.0
2.0,2480.0,1730000.0,94.0,14.363631966473962,1227909.0,0.060000000000000005,1301583.0
2.0,1764.0,1300000.0,99.0,14.077874822431765,1073410.0,0.05,1127080.0
2.0,3000.0,1400000.0,74.0,14.151982794585487,1244793.0,0.060000000000000005,1319481.0
2.0,2024.0,900000.0,94.0,13.710150042306449,1108856.0,0.060000000000000005,1175388.0
2.0,1122.0,690000.0,99.0,13.444446876573442,929841.0,0.05,976333.0
2.0,1888.0,1300000.0,94.0,14.077874822431765,1075637.0,0.05,1129419.0
2.0,2480.0,1730000.0,99.0,14.363631966473962,1259824.0,0.060000000000000005,1335414.0
2.0,1616.0,1720000.0,99.0,14.357834848789636,1038462.0,0.05,1090385.0
2.0,2440.0,1799000.0,94.0,14.40274151293267,1216973.0,0.060000000000000005,1289991.0
2.0,3072.0,1080000.0,123.0,13.892471599100402,1626677.0,0.060000000000000005,1724277.0
2.0,2492.0,1200000.0,94.0,13.997832114758229,1231208.0,0.060000000000000005,1305081.0
2.0,2152.0,1450000.0,94.0,14.187074114396758,1141058.0,0.060000000000000005,1209521.0
2.0,2282.0,1590000.0,109.0,14.279244574196415,1268722.0,0.060000000000000005,1344845.0
2.0,1476.0,1190000.0,99.0,13.989463865087712,1006451.0,0.05,1056773.0
2.0,1416.0,1215000.0,99.0,14.010254634756786,993035.0,0.05,1042687.0
2.0,3372.0,1470000.0,99.0,14.20077295875492,1537974.0,0.060000000000000005,1630252.0
2.0,2184.0,1820000.0,99.0,14.414347059052979,1179125.0,0.060000000000000005,1249872.0
2.0,1608.0,600000.0,99.0,13.304684934198283,1036606.0,0.05,1088436.0
2.0,1620.0,1200000.0,94.0,13.997832114758229,1013060.0,0.05,1063713.0
2.0,2000.0,1060000.0,94.0,13.87377946608825,1102920.0,0.05,1158066.0
2.0,2404.0,1725000.0,104.0,14.360737608447597,1270785.0,0.060000000000000005,1347032.0
2.0,2144.0,1230000.0,104.0,14.0225247273486,1198998.0,0.060000000000000005,1270938.0
2.0,1494.0,990000.0,104.0,13.805460222110773,1036776.0,0.05,1088614.0
2.0,2480.0,995000.0,99.0,13.81049801614073,1259824.0,0.060000000000000005,1335414.0
2.0,2800.0,1705000.0,104.0,14.349075668699754,1388466.0,0.060000000000000005,1471774.0
2.0,2152.0,1600000.0,64.0,14.28551418721001,978237.0,0.060000000000000005,1036931.0
2.0,1216.0,839000.0,104.0,13.639965985449344,974278.0,0.05,1022992.0
2.0,2520.0,1670000.0,104.0,14.328334184392938,1304185.0,0.060000000000000005,1382436.0
2.0,2588.0,998888.0,125.0,13.814397939233546,1474852.0,0.060000000000000005,1563343.0
2.0,1548.0,1200000.0,104.0,13.997832114758229,1049373.0,0.05,1101841.0
2.0,1536.0,995000.0,104.0,13.81049801614073,1046560.0,0.05,1098888.0
2.0,2480.0,470000.0,99.0,13.060487973686241,1259824.0,0.060000000000000005,1335414.0
2.0,1586.0,960000.0,99.0,13.77468856344402,1031518.0,0.05,1083094.0
2.0,2600.0,1550000.0,99.0,14.253765488895429,1294093.0,0.060000000000000005,1371738.0
2.0,2200.0,1320000.0,99.0,14.093142294562554,1183352.0,0.060000000000000005,1254353.0
2.0,2200.0,1460000.0,104.0,14.19394699368452,1214109.0,0.060000000000000005,1286956.0
2.0,1836.0,1333000.0,94.0,14.102942599160846,1063200.0,0.05,1116360.0
2.0,2240.0,950000.0,94.0,13.764217263576723,1163738.0,0.060000000000000005,1233562.0
2.0,2670.0,1145000.0,94.0,13.950915194970477,1281211.0,0.060000000000000005,1358083.0
2.0,3230.0,1890000.0,104.0,14.452087387035824,1528624.0,0.060000000000000005,1620341.0
2.0,2204.0,1440000.0,74.0,14.180153671552183,1041796.0,0.060000000000000005,1104304.0
2.0,1938.0,1285000.0,74.0,14.066269276311457,981627.0,0.05,1030708.0
2.0,1938.0,1200000.0,74.0,13.997832114758229,981627.0,0.05,1030708.0
2.0,2371.0,1300000.0,99.0,14.077874822431765,1229484.0,0.060000000000000005,1303253.0
2.0,1800.0,995000.0,125.0,13.81049801614073,1236548.0,0.05,1298375.0
2.0,2018.0,1200000.0,64.0,13.997832114758229,949355.0,0.060000000000000005,1006317.0
2.0,1960.0,1450000.0,94.0,14.187074114396758,1093098.0,0.05,1147753.0
2.0,1872.0,1185000.0,69.0,13.985253332551368,942740.0,0.05,989877.0
2.0,1824.0,1199998.0,69.0,13.997830448090173,932674.0,0.05,979307.0
2.0,2556.0,1950000.0,94.0,14.48333993053993,1248958.0,0.060000000000000005,1323895.0
2.0,2420.0,1635000.0,104.0,14.30715336231349,1275341.0,0.060000000000000005,1351861.0
2.0,2090.0,1350000.0,125.0,14.115615150414612,1319405.0,0.060000000000000005,1398570.0
2.0,2406.0,1598000.0,104.0,14.284263405308357,1271354.0,0.060000000000000005,1347635.0
2.0,1812.0,980000.0,114.0,13.795307850646754,1171817.0,0.05,1230408.0
2.0,1680.0,1360000.0,94.0,14.122995257712235,1026746.0,0.05,1078083.0
2.0,1800.0,1980000.0,89.0,14.498607402670718,1027956.0,0.05,1079353.0
3.0,2240.0,1400000.0,94.0,14.151982794585487,1043649.0,0.060000000000000005,1106267.0
3.0,2400.0,1450000.0,99.0,14.187074114396758,1109785.0,0.060000000000000005,1176372.0
3.0,2980.0,1560000.0,64.0,14.26019637922572,1055762.0,0.060000000000000005,1119108.0
3.0,2778.0,2200000.0,104.0,14.603967918328545,1239075.0,0.060000000000000005,1313419.0
3.0,3628.0,2020000.0,94.0,14.518608069377388,1423539.0,0.060000000000000005,1508951.0
3.0,2640.0,1850000.0,84.0,14.430696197054507,1084221.0,0.060000000000000005,1149275.0
3.0,2560.0,1730000.0,94.0,14.363631966473962,1121077.0,0.060000000000000005,1188342.0
3.0,2560.0,685422.0,94.0,13.43778998595245,1121077.0,0.060000000000000005,1188342.0
3.0,3090.0,950000.0,99.0,13.764217263576723,1294964.0,0.060000000000000005,1372662.0
3.0,3300.0,1630000.0,104.0,14.304090572782945,1392512.0,0.060000000000000005,1476062.0
3.0,2800.0,1900000.0,104.0,14.457364444136669,1245186.0,0.060000000000000005,1319898.0
3.0,2640.0,1650000.0,99.0,14.316285845876763,1170981.0,0.060000000000000005,1241240.0
3.0,2640.0,1600000.0,104.0,14.28551418721001,1201417.0,0.060000000000000005,1273502.0
3.0,2520.0,990000.0,109.0,13.805460222110773,1200003.0,0.060000000000000005,1272003.0
3.0,3372.0,1725000.0,109.0,14.360737608447597,1451898.0,0.060000000000000005,1539012.0
3.0,2196.0,1450000.0,89.0,14.187074114396758,1007249.0,0.060000000000000005,1067683.0
3.0,2016.0,1600000.0,94.0,14.28551418721001,992653.0,0.060000000000000005,1052212.0
3.0,2016.0,1500000.0,94.0,14.22097566607244,992653.0,0.060000000000000005,1052212.0
3.0,3327.0,288334.0,54.0,12.571874809381962,1083882.0,0.060000000000000005,1148914.0
3.0,3828.0,1688000.0,109.0,14.339054954138039,1607781.0,0.060000000000000005,1704248.0
3.0,1252.0,1750000.0,109.0,14.375126345899696,903697.0,0.05,948882.0
3.0,1200.0,1100000.0,89.0,13.9108207377686,806113.0,0.05,846419.0
3.0,3055.0,1820000.0,49.0,14.414347059052979,994074.0,0.060000000000000005,1053719.0
3.0,3327.0,1500500.0,54.0,14.221308943862558,1083882.0,0.060000000000000005,1148914.0
3.0,3410.0,1600000.0,94.0,14.28551418721001,1355798.0,0.060000000000000005,1437146.0
3.0,1404.0,1150000.0,119.0,13.955272500339433,984179.0,0.05,1033388.0
3.0,2096.0,1268888.0,119.0,14.05365148433028,1148914.0,0.060000000000000005,1217849.0
3.0,2860.0,1600000.0,49.0,14.28551418721001,951653.0,0.060000000000000005,1008752.0
3.0,3846.0,1550000.0,94.0,14.253765488895429,1494663.0,0.060000000000000005,1584343.0
3.0,2695.0,900000.0,59.0,13.710150042306449,965473.0,0.060000000000000005,1023402.0
3.0,3051.0,1638000.0,54.0,14.308986543395152,1019000.0,0.060000000000000005,1080140.0
3.0,3660.0,1970000.0,18.0,14.493544100714171,970710.0,0.07999999999999999,1048366.0
3.0,3780.0,2150000.0,18.0,14.580978400103845,997114.0,0.07999999999999999,1076883.0
3.0,3741.0,1850000.0,17.0,14.430696197054507,983395.0,0.07999999999999999,1062067.0
3.0,2620.0,1500000.0,109.0,14.22097566607244,1227143.0,0.060000000000000005,1300771.0
4.0,3520.0,1910000.0,93.0,14.462613800022813,1239795.0,0.060000000000000005,1314182.0
4.0,3344.0,1930000.0,93.0,14.473030560881067,1191942.0,0.060000000000000005,1263458.0
64.0,48000.0,5100000.0,99.0,15.444751097694555,38812380.0,0.060000000000000005,41141122.0
4.0,3510.0,2000000.0,93.0,14.508657738524219,1237025.0,0.060000000000000005,1311246.0
4.0,3360.0,1860000.0,93.0,14.436087045689384,1196215.0,0.060000000000000005,1267987.0
4.0,3080.0,1576000.0,100.0,14.27040054939996,1164701.0,0.060000000000000005,1234583.0
6.0,4788.0,800000.0,97.0,13.592367006650065,1351521.0,0.060000000000000005,1432612.0
4.0,3280.0,1890000.0,99.0,14.452087387035824,1211746.0,0.060000000000000005,1284451.0
4.0,3388.0,1988000.0,99.0,14.502639666198656,1241371.0,0.060000000000000005,1315853.0
6.0,4797.0,1200000.0,99.0,13.997832114758229,1368216.0,0.060000000000000005,1450309.0
4.0,3120.0,2030000.0,93.0,14.52354635101797,1133700.0,0.060000000000000005,1201722.0
4.0,3120.0,1765000.0,93.0,14.383661248349535,1133700.0,0.060000000000000005,1201722.0
6.0,4818.0,1210000.0,93.0,14.006130917572923,1332973.0,0.060000000000000005,1412952.0
4.0,3520.0,2100000.0,93.0,14.557447902693651,1239795.0,0.060000000000000005,1314182.0
4.0,3198.0,1700000.0,93.0,14.346138809026444,1153650.0,0.060000000000000005,1222869.0
4.0,3520.0,1930000.0,93.0,14.473030560881067,1239795.0,0.060000000000000005,1314182.0
4.0,3680.0,1700000.0,99.0,14.346138809026444,1325144.0,0.060000000000000005,1404653.0
16.0,16350.0,3300000.0,101.0,15.009433026436708,6162188.0,0.060000000000000005,6531919.0
4.0,3178.0,1680000.0,93.0,14.334304351379442,1148502.0,0.060000000000000005,1217412.0
4.0,3116.0,1785000.0,93.0,14.394928973195876,1132686.0,0.060000000000000005,1200647.0
4.0,3116.0,1700000.0,93.0,14.346138809026444,1132686.0,0.060000000000000005,1200647.0
4.0,3280.0,1600000.0,93.0,14.28551418721001,1175002.0,0.060000000000000005,1245503.0
4.0,4900.0,2295000.0,95.0,14.646243401476783,1705475.0,0.060000000000000005,1807803.0
4.0,3280.0,1950000.0,100.0,14.48333993053993,1217980.0,0.060000000000000005,1291059.0
4.0,3588.0,1800000.0,101.0,14.403297222866392,1311550.0,0.060000000000000005,1390243.0
4.0,3116.0,1765000.0,99.0,14.383661248349535,1168106.0,0.060000000000000005,1238193.0
4.0,2880.0,1880000.0,100.0,14.446782334806132,1113753.0,0.060000000000000005,1180578.0
4.0,3075.0,1780000.0,99.0,14.392123922268269,1157444.0,0.060000000000000005,1226891.0
1.0,1240.0,387600.0,99.0,12.867729158998749,1064562.0,0.05,1117790.0
1.0,1240.0,530000.0,99.0,13.180632285528304,1064562.0,0.05,1117790.0
1.0,1026.0,920000.0,99.0,13.732128949025222,1014811.0,0.04,1055404.0
1.0,1314.0,755000.0,28.0,13.534473028231162,751821.0,0.05,789412.0
1.0,2235.0,792000.0,19.0,13.582316670796564,882086.0,0.07999999999999999,952653.0
1.0,1200.0,778000.0,20.0,13.564481803160529,703414.0,0.06999999999999999,752653.0
1.0,1836.0,722500.0,54.0,13.490472698968725,965526.0,0.05,1013803.0
1.0,1585.0,975000.0,20.0,13.790192749979985,766666.0,0.06999999999999999,820332.0
1.0,1296.0,649000.0,59.0,13.383187995686226,877927.0,0.05,921823.0
1.0,1881.0,783670.0,59.0,13.571743292354196,1000642.0,0.05,1050675.0
1.0,1710.0,755000.0,59.0,13.534473028231162,963097.0,0.05,1011251.0
1.0,1710.0,645000.0,59.0,13.37700559577791,963097.0,0.05,1011251.0
1.0,1064.0,689000.0,99.0,13.442996549995796,1023472.0,0.04,1064411.0
1.0,1064.0,630000.0,99.0,13.353475098367715,1023472.0,0.04,1064411.0
1.0,1665.0,318000.0,59.0,12.669806661762314,953453.0,0.05,1001125.0
1.0,1064.0,650000.0,99.0,13.38472764187182,1023472.0,0.04,1064411.0
1.0,1064.0,570000.0,99.0,13.253391639810733,1023472.0,0.04,1064411.0
1.0,1064.0,650000.0,99.0,13.38472764187182,1023472.0,0.04,1064411.0
1.0,1064.0,660000.0,99.0,13.399995114002609,1023472.0,0.04,1064411.0
1.0,1064.0,555000.0,99.0,13.226723392728571,1023472.0,0.04,1064411.0
1.0,1064.0,615000.0,99.0,13.329377546788654,1023472.0,0.04,1064411.0
1.0,1729.0,826000.0,59.0,13.624350052503114,967198.0,0.05,1015558.0
1.0,1729.0,755000.0,59.0,13.534473028231162,967198.0,0.05,1015558.0
1.0,1729.0,799000.0,59.0,13.591116224748411,967198.0,0.05,1015558.0
1.0,1920.0,1240000.0,13.0,14.03062193758122,797155.0,0.06999999999999999,852956.0
1.0,2780.0,1050000.0,74.0,13.864300722133706,1321386.0,0.060000000000000005,1400669.0
1.0,1020.0,857500.0,69.0,13.661776458022231,868838.0,0.04,903591.0
1.0,2520.0,980000.0,36.0,13.795307850646754,1025846.0,0.060000000000000005,1087397.0
1.0,1683.0,750000.0,64.0,13.527828485512494,982181.0,0.05,1031290.0
1.0,3581.0,1525000.0,99.0,14.237504968023648,1797007.0,0.060000000000000005,1904827.0
1.0,1923.0,1105000.0,94.0,13.91535589293399,1208832.0,0.05,1269274.0
1.0,1750.0,900000.0,59.0,13.710150042306449,971751.0,0.05,1020339.0
1.0,1145.0,830000.0,69.0,13.62918097977278,893470.0,0.05,938143.0
1.0,1553.0,825000.0,79.0,13.623138665316818,1030378.0,0.05,1081897.0
1.0,1665.0,880000.0,54.0,13.687677186454389,929298.0,0.05,975763.0
1.0,1665.0,850000.0,54.0,13.652991628466498,929298.0,0.05,975763.0
1.0,1729.0,925000.0,59.0,13.737549016494562,967198.0,0.05,1015558.0
1.0,1887.0,725000.0,59.0,13.493926933836812,1001986.0,0.05,1052085.0
1.0,2400.0,1183000.0,6.0,13.983564142960525,856176.0,0.07999999999999999,924670.0
1.0,1870.0,840000.0,54.0,13.641157170819497,972896.0,0.05,1021541.0
1.0,1968.0,850000.0,64.0,13.652991628466498,1046823.0,0.05,1099164.0
1.0,1900.0,990000.0,64.0,13.805460222110773,1031023.0,0.05,1082574.0
2.0,3146.0,1100000.0,54.0,13.9108207377686,1160653.0,0.060000000000000005,1230292.0
2.0,3448.0,1190000.0,54.0,13.989463865087712,1241753.0,0.060000000000000005,1316258.0
2.0,3448.0,1200000.0,54.0,13.997832114758229,1241753.0,0.060000000000000005,1316258.0
2.0,3448.0,1150000.0,54.0,13.955272500339433,1241753.0,0.060000000000000005,1316258.0
2.0,1920.0,830000.0,64.0,13.62918097977278,928774.0,0.05,975213.0
2.0,2920.0,1165000.0,21.0,13.968231644981937,931539.0,0.07999999999999999,1006062.0
2.0,2920.0,1250000.0,21.0,14.038654109278484,931539.0,0.07999999999999999,1006062.0
2.0,2720.0,1148000.0,20.0,13.953531855861648,886230.0,0.07999999999999999,957129.0
2.0,1540.0,999000.0,54.0,13.81451005763069,810426.0,0.05,850947.0
2.0,2500.0,1225000.0,17.0,14.018451401960965,830791.0,0.07999999999999999,897254.0
2.0,1064.0,635000.0,99.0,13.36138027787483,917858.0,0.04,954572.0
2.0,2940.0,1130000.0,59.0,13.937728190688523,1137202.0,0.060000000000000005,1205434.0
2.0,2688.0,900000.0,64.0,13.710150042306449,1102821.0,0.060000000000000005,1168991.0
2.0,2856.0,980000.0,64.0,13.795307850646754,1145046.0,0.060000000000000005,1213748.0
2.0,3900.0,1250000.0,28.0,14.038654109278484,1202234.0,0.060000000000000005,1274368.0
2.0,2288.0,999500.0,64.0,13.815010432922591,1008448.0,0.060000000000000005,1068955.0
2.0,2067.0,890000.0,59.0,13.698976741708323,935501.0,0.060000000000000005,991631.0
2.0,1695.0,925000.0,74.0,13.737549016494562,929702.0,0.05,976188.0
2.0,2600.0,1150000.0,74.0,13.955272500339433,1138271.0,0.060000000000000005,1206567.0
2.0,1998.0,818000.0,54.0,13.614617615584883,897839.0,0.05,942730.0
2.0,1836.0,875000.0,59.0,13.681979165339751,888397.0,0.05,932817.0
2.0,4426.0,200000.0,64.0,12.206072645530174,1626729.0,0.060000000000000005,1724333.0
2.0,1760.0,910000.0,64.0,13.721199878493033,896127.0,0.05,940933.0
2.0,2172.0,955000.0,49.0,13.769466619462868,909818.0,0.060000000000000005,964408.0
2.0,2172.0,805000.0,49.0,13.5985975564007,909818.0,0.060000000000000005,964408.0
2.0,2172.0,950000.0,49.0,13.764217263576723,909818.0,0.060000000000000005,964408.0
2.0,1517.0,848000.0,49.0,13.65063591477404,785842.0,0.05,825134.0
3.0,3291.0,1015000.0,54.0,13.830399170458024,1075190.0,0.060000000000000005,1139701.0
3.0,3762.0,1325000.0,55.0,14.09692301740246,1200775.0,0.060000000000000005,1272822.0
3.0,3562.0,300000.0,59.0,12.611537753638338,1172063.0,0.060000000000000005,1242387.0
3.0,3562.0,995000.0,59.0,13.81049801614073,1172063.0,0.060000000000000005,1242387.0
3.0,2860.0,1115000.0,54.0,13.924364962876357,976388.0,0.060000000000000005,1034972.0
3.0,3166.0,1050000.0,54.0,13.864300722133706,1045548.0,0.060000000000000005,1108281.0
3.0,2999.0,950000.0,59.0,13.764217263576723,1033398.0,0.060000000000000005,1095402.0
4.0,3980.0,1380000.0,49.0,14.137594057133388,1096383.0,0.060000000000000005,1162166.0
4.0,3784.0,1296840.0,49.0,14.075441094085212,1049361.0,0.060000000000000005,1112323.0
1.0,2120.0,2500000.0,123.0,14.73180128983843,1466005.0,0.060000000000000005,1553965.0
1.0,2086.0,4250000.0,14.0,15.2624295409006,831562.0,0.07999999999999999,898087.0
1.0,1963.0,3525177.0,125.0,15.075441205733846,1430025.0,0.05,1501526.0
1.0,2150.0,2500000.0,104.0,14.73180128983843,1338758.0,0.060000000000000005,1419084.0
1.0,3528.0,4336000.0,114.0,15.28246282210162,1917935.0,0.060000000000000005,2033011.0
1.0,3330.0,5675000.0,123.0,15.55158112133174,1921593.0,0.060000000000000005,2036888.0
2.0,2280.0,1500000.0,114.0,14.22097566607244,1301116.0,0.060000000000000005,1379183.0
2.0,2320.0,2999000.0,114.0,14.913789457731147,1312808.0,0.060000000000000005,1391576.0
2.0,2744.0,4325000.0,123.0,15.279922698348116,1511621.0,0.060000000000000005,1602318.0
2.0,4170.0,7950000.0,109.0,15.888682486630515,1935289.0,0.060000000000000005,2051406.0
2.0,3450.0,3150000.0,109.0,14.962913010801817,1647453.0,0.060000000000000005,1746300.0
2.0,3200.0,2000000.0,104.0,14.508657738524219,1518402.0,0.060000000000000005,1609506.0
2.0,2400.0,2725000.0,114.0,14.817978986079481,1336508.0,0.060000000000000005,1416698.0
2.0,3104.0,4310000.0,114.0,15.27644846207993,1564409.0,0.060000000000000005,1658273.0
2.0,2880.0,2480000.0,125.0,14.723769118141165,1574382.0,0.060000000000000005,1668845.0
2.0,3040.0,2700000.0,125.0,14.808762330974558,1631739.0,0.060000000000000005,1729643.0
2.0,3500.0,3000000.0,125.0,14.914122846632385,1808548.0,0.060000000000000005,1917061.0
2.0,2445.0,4624000.0,125.0,15.34677068933435,1428430.0,0.060000000000000005,1514136.0
3.0,2836.0,5360000.0,125.0,15.494474533046985,1398092.0,0.060000000000000005,1481977.0
3.0,2976.0,2700000.0,114.0,14.808762330974558,1363380.0,0.060000000000000005,1445183.0
3.0,3200.0,3400000.0,125.0,15.03928598958639,1516668.0,0.060000000000000005,1607668.0
3.0,2425.0,2500026.0,125.0,14.73181168978435,1275310.0,0.060000000000000005,1351828.0
3.0,3600.0,2420000.0,125.0,14.699278098132869,1658602.0,0.060000000000000005,1758118.0
4.0,3800.0,3850000.0,104.0,15.163583706263967,1396569.0,0.060000000000000005,1480364.0
6.0,3780.0,2500000.0,114.0,14.73180128983843,1177081.0,0.060000000000000005,1247706.0
8.0,3780.0,2000000.0,114.0,14.508657738524219,946683.0,0.060000000000000005,1003484.0
5.0,3693.0,2798753.0,109.0,14.844684518801628,1254622.0,0.060000000000000005,1329899.0
8.0,3360.0,2500000.0,104.0,14.73180128983843,818696.0,0.060000000000000005,867818.0
8.0,3360.0,2000000.0,104.0,14.508657738524219,818696.0,0.060000000000000005,867818.0
13.0,5040.0,750000.0,104.0,13.527828485512494,691505.0,0.060000000000000005,732995.0
8.0,13112.0,10600000.0,94.0,16.176364559082295,6887099.0,0.060000000000000005,7300325.0
4.0,2779.0,3065000.0,124.0,14.935558127352449,1231600.0,0.060000000000000005,1305496.0
1.0,1596.0,2550000.0,114.0,14.75160391713461,1245032.0,0.05,1307284.0
1.0,1129.0,1850000.0,99.0,14.430696197054507,1038459.0,0.05,1090382.0
1.0,1658.0,2080000.0,104.0,14.547878451677501,1199264.0,0.05,1259227.0
1.0,2128.0,2300000.0,104.0,14.648419680899378,1332187.0,0.060000000000000005,1412119.0
1.0,1024.0,1250000.0,104.0,14.038654109278484,1040723.0,0.04,1082351.0
1.0,1024.0,995000.0,99.0,13.81049801614073,1014357.0,0.04,1054932.0
1.0,2606.0,1800000.0,99.0,14.403297222866392,1444937.0,0.060000000000000005,1531634.0
1.0,2600.0,2740000.0,99.0,14.823468478364253,1443000.0,0.060000000000000005,1529580.0
1.0,1156.0,645000.0,99.0,13.37700559577791,1044749.0,0.05,1096987.0
1.0,1156.0,2200000.0,99.0,14.603967918328545,1044749.0,0.05,1096987.0
1.0,1680.0,1500000.0,104.0,14.22097566607244,1205179.0,0.05,1265438.0
1.0,1526.0,1910000.0,104.0,14.462613800022813,1164377.0,0.05,1222596.0
1.0,1036.0,1300000.0,104.0,14.077874822431765,1043519.0,0.04,1085260.0
1.0,1504.0,1500000.0,104.0,14.22097566607244,1158662.0,0.05,1216595.0
1.0,1178.0,733140.0,94.0,13.505091958538623,1023305.0,0.05,1074470.0
1.0,1104.0,1300000.0,94.0,14.077874822431765,1006508.0,0.05,1056834.0
1.0,1692.0,1250000.0,99.0,14.038654109278484,1177804.0,0.05,1236695.0
1.0,1400.0,1600000.0,104.0,14.28551418721001,1132024.0,0.05,1188625.0
1.0,1782.0,1700000.0,79.0,14.346138809026444,1084523.0,0.05,1138750.0
1.0,4651.0,4300000.0,6.0,15.27412558066379,1416447.0,0.07999999999999999,1529763.0
1.0,1568.0,1800000.0,104.0,14.403297222866392,1175366.0,0.05,1234134.0
1.0,1544.0,826875.0,104.0,13.625408813851358,1169074.0,0.05,1227528.0
1.0,1472.0,1400000.0,104.0,14.151982794585487,1150400.0,0.05,1207920.0
1.0,2174.0,1700000.0,99.0,14.346138809026444,1311866.0,0.060000000000000005,1390577.0
1.0,2174.0,1700000.0,99.0,14.346138809026444,1311866.0,0.060000000000000005,1390577.0
1.0,1432.0,1650000.0,119.0,14.316285845876763,1231389.0,0.05,1292959.0
1.0,1440.0,950000.0,99.0,13.764217263576723,1113260.0,0.05,1168923.0
1.0,1280.0,930000.0,99.0,13.742939865129438,1074128.0,0.05,1127834.0
1.0,1296.0,1212000.0,79.0,14.007782445611397,972824.0,0.05,1021465.0
1.0,1640.0,1338000.0,99.0,14.10668651967031,1164186.0,0.05,1222396.0
1.0,3422.0,2900000.0,104.0,14.880221294956703,1779304.0,0.060000000000000005,1886062.0
1.0,4495.0,2925000.0,94.0,14.888805038648094,2148729.0,0.060000000000000005,2277653.0
1.0,1060.0,950000.0,109.0,13.764217263576723,1076405.0,0.04,1119461.0
1.0,884.0,950000.0,109.0,13.764217263576723,1034858.0,0.04,1076253.0
1.0,1332.0,995000.0,99.0,13.81049801614073,1086693.0,0.05,1141027.0
1.0,1432.0,1190000.0,99.0,13.989463865087712,1111270.0,0.05,1166834.0
1.0,1440.0,1400000.0,99.0,14.151982794585487,1113260.0,0.05,1168923.0
1.0,1480.0,998000.0,94.0,13.813508555293602,1094808.0,0.05,1149548.0
1.0,1376.0,1060000.0,94.0,13.87377946608825,1069637.0,0.05,1123119.0
2.0,2730.0,1928000.0,99.0,14.471993754152628,1332270.0,0.060000000000000005,1412206.0
2.0,3060.0,1080000.0,114.0,13.892471599100402,1549090.0,0.060000000000000005,1642035.0
2.0,3060.0,990000.0,114.0,13.805460222110773,1549090.0,0.060000000000000005,1642035.0
2.0,2180.0,1300000.0,114.0,14.077874822431765,1272340.0,0.060000000000000005,1348680.0
2.0,1928.0,1475000.0,123.0,14.204168547756057,1259464.0,0.05,1322437.0
2.0,1568.0,1700000.0,123.0,14.346138809026444,1162035.0,0.05,1220137.0
2.0,2502.0,1300000.0,104.0,14.077874822431765,1298945.0,0.060000000000000005,1376882.0
2.0,2472.0,1995000.0,125.0,14.506154608306101,1437082.0,0.060000000000000005,1523307.0
2.0,2472.0,2100000.0,125.0,14.557447902693651,1437082.0,0.060000000000000005,1523307.0
2.0,2080.0,1925000.0,125.0,14.470436525704022,1316458.0,0.060000000000000005,1395445.0
2.0,2152.0,1625000.0,94.0,14.301018373745976,1141058.0,0.060000000000000005,1209521.0
2.0,2090.0,980000.0,99.0,13.795307850646754,1154595.0,0.060000000000000005,1223871.0
2.0,1822.0,1800000.0,99.0,14.403297222866392,1087424.0,0.05,1141796.0
2.0,2224.0,1500000.0,114.0,14.22097566607244,1284922.0,0.060000000000000005,1362017.0
2.0,2200.0,969000.0,114.0,13.784019890872903,1278044.0,0.060000000000000005,1354726.0
2.0,2060.0,999000.0,123.0,13.81451005763069,1297199.0,0.060000000000000005,1375031.0
2.0,1456.0,1325000.0,114.0,14.09692301740246,1082136.0,0.05,1136243.0
2.0,3600.0,1508147.0,74.0,14.226392302905262,1423556.0,0.060000000000000005,1508970.0
2.0,2424.0,950000.0,99.0,13.764217263576723,1244144.0,0.060000000000000005,1318793.0
2.0,8300.0,2150000.0,29.0,14.580978400103845,3232848.0,0.060000000000000005,3426818.0
2.0,3250.0,2700000.0,64.0,14.808762330974558,1250523.0,0.060000000000000005,1325554.0
2.0,2680.0,2900000.0,114.0,14.880221294956703,1422878.0,0.060000000000000005,1508251.0
2.0,3580.0,3100000.0,44.0,14.946912669455374,1214978.0,0.060000000000000005,1287877.0
2.0,3600.0,2700000.0,104.0,14.808762330974558,1660498.0,0.060000000000000005,1760128.0
2.0,2800.0,2650000.0,104.0,14.790070197962406,1388466.0,0.060000000000000005,1471774.0
2.0,2436.0,1999999.0,104.0,14.508657238524094,1279912.0,0.060000000000000005,1356707.0
2.0,3336.0,2900000.0,104.0,14.880221294956703,1565295.0,0.060000000000000005,1659213.0
2.0,2856.0,2375000.0,104.0,14.68050799545088,1405965.0,0.060000000000000005,1490323.0
2.0,2856.0,1800000.0,104.0,14.403297222866392,1405965.0,0.060000000000000005,1490323.0
2.0,3103.0,3900000.0,104.0,15.176487111099874,1485817.0,0.060000000000000005,1574966.0
2.0,2940.0,2500000.0,94.0,14.73180128983843,1360960.0,0.060000000000000005,1442618.0
2.0,1500.0,950000.0,104.0,13.764217263576723,1038168.0,0.05,1090076.0
2.0,2200.0,1500000.0,74.0,14.22097566607244,1040864.0,0.060000000000000005,1103316.0
2.0,3018.0,2975000.0,94.0,14.905754596961867,1384910.0,0.060000000000000005,1468004.0
2.0,2600.0,999000.0,94.0,13.81451005763069,1261309.0,0.060000000000000005,1336988.0
2.0,2320.0,2570000.0,104.0,14.759416456871403,1247134.0,0.060000000000000005,1321963.0
2.0,1920.0,3225000.0,44.0,14.98644350821201,838174.0,0.05,880083.0
2.0,2280.0,1600000.0,99.0,14.28551418721001,1204715.0,0.060000000000000005,1276997.0
2.0,5040.0,2900000.0,35.0,14.880221294956703,1608117.0,0.060000000000000005,1704604.0
2.0,5616.0,2999999.0,49.0,14.914122513298995,1965472.0,0.060000000000000005,2083400.0
2.0,2381.0,1600000.0,64.0,14.28551418721001,1029643.0,0.060000000000000005,1091421.0
2.0,2381.0,610000.0,64.0,13.321214236149494,1029643.0,0.060000000000000005,1091421.0
2.0,2670.0,2620000.0,99.0,14.77868487573728,1314512.0,0.060000000000000005,1393382.0
2.0,2220.0,2250000.0,99.0,14.626440774180603,1188657.0,0.060000000000000005,1259976.0
2.0,2600.0,2999900.0,32.0,14.914089512743482,917564.0,0.060000000000000005,972618.0
2.0,2463.0,2500000.0,99.0,14.73180128983843,1255043.0,0.060000000000000005,1330346.0
2.0,1775.0,2550000.0,104.0,14.75160391713461,1104023.0,0.05,1159224.0
2.0,2970.0,1476000.0,64.0,14.204846284142555,1174615.0,0.060000000000000005,1245092.0
2.0,2942.0,200000.0,64.0,12.206072645530174,1167282.0,0.060000000000000005,1237319.0
2.0,1840.0,2998000.0,64.0,14.91345595764468,912304.0,0.05,957920.0
2.0,1748.0,1800000.0,64.0,14.403297222866392,893725.0,0.05,938411.0
2.0,8900.0,5200000.0,21.0,15.464169183551656,3548398.0,0.07999999999999999,3832269.0
2.0,2079.0,1525000.0,84.0,14.237504968023648,1066423.0,0.060000000000000005,1130408.0
2.0,2144.0,2100000.0,94.0,14.557447902693651,1139018.0,0.060000000000000005,1207359.0
2.0,1852.0,999999.0,84.0,13.815509557963773,1013634.0,0.05,1064316.0
2.0,2200.0,1577500.0,99.0,14.271351873397505,1183352.0,0.060000000000000005,1254353.0
2.0,2368.0,324480.0,99.0,12.6899791799449,1228659.0,0.060000000000000005,1302379.0
2.0,1946.0,1505000.0,99.0,14.224303456165114,1118003.0,0.05,1173904.0
2.0,3380.0,1800000.0,119.0,14.403297222866392,1707269.0,0.060000000000000005,1809705.0
2.0,1472.0,1550000.0,104.0,14.253765488895429,1031687.0,0.05,1083271.0
2.0,2268.0,1480000.0,119.0,14.207552645740298,1331357.0,0.060000000000000005,1411238.0
2.0,2680.0,1650000.0,94.0,14.316285845876763,1284079.0,0.060000000000000005,1361124.0
2.0,3635.0,2200000.0,114.0,14.603967918328545,1761675.0,0.060000000000000005,1867375.0
2.0,2166.0,1470000.0,104.0,14.20077295875492,1204912.0,0.060000000000000005,1277207.0
2.0,1752.0,1617500.0,94.0,14.296392305357193,1043413.0,0.05,1095583.0
2.0,2480.0,2125000.0,99.0,14.569282360340654,1259824.0,0.060000000000000005,1335414.0
2.0,2480.0,1900000.0,99.0,14.457364444136669,1259824.0,0.060000000000000005,1335414.0
2.0,2720.0,1850000.0,94.0,14.430696197054507,1295618.0,0.060000000000000005,1373355.0
2.0,1760.0,980000.0,104.0,13.795307850646754,1100325.0,0.05,1155341.0
2.0,1440.0,2025000.0,93.0,14.521080258522776,968106.0,0.05,1016512.0
2.0,2296.0,1950000.0,84.0,14.48333993053993,1119454.0,0.060000000000000005,1186622.0
2.0,1620.0,2200000.0,104.0,14.603967918328545,1066407.0,0.05,1119727.0
2.0,2560.0,1599000.0,104.0,14.284888991816091,1315904.0,0.060000000000000005,1394858.0
2.0,2356.0,1675000.0,99.0,14.331323723241304,1225366.0,0.060000000000000005,1298888.0
2.0,1784.0,315000.0,99.0,12.66032791780777,1078222.0,0.05,1132133.0
2.0,1784.0,900000.0,99.0,13.710150042306449,1078222.0,0.05,1132133.0
2.0,1784.0,1690000.0,99.0,14.340239086899256,1078222.0,0.05,1132133.0
2.0,1856.0,1100000.0,99.0,13.9108207377686,1095725.0,0.05,1150511.0
2.0,1600.0,1350000.0,99.0,14.115615150414612,1034752.0,0.05,1086490.0
2.0,1616.0,998000.0,94.0,13.813508555293602,1012154.0,0.05,1062762.0
2.0,1680.0,1160000.0,89.0,13.963930563082547,1000735.0,0.05,1050771.0
2.0,1732.0,2500000.0,84.0,14.73180128983843,986792.0,0.05,1036132.0
2.0,1356.0,1230000.0,99.0,14.0225247273486,979799.0,0.05,1028789.0
2.0,1328.0,1035000.0,94.0,13.849911984681606,949016.0,0.05,996467.0
2.0,1600.0,1560000.0,109.0,14.26019637922572,1089242.0,0.05,1143704.0
2.0,4343.0,2900000.0,109.0,14.880221294956703,2011635.0,0.060000000000000005,2132333.0
2.0,2976.0,1800000.0,94.0,14.403297222866392,1371962.0,0.060000000000000005,1454279.0
2.0,1890.0,1100000.0,79.0,13.9108207377686,996387.0,0.05,1046206.0
2.0,1732.0,410000.0,79.0,12.92391243868049,961793.0,0.05,1009883.0
2.0,1750.0,1180000.0,109.0,13.981024996441848,1126403.0,0.05,1182723.0
2.0,2320.0,1520000.0,104.0,14.234220892822458,1247134.0,0.060000000000000005,1321963.0
2.0,1600.0,1155000.0,109.0,13.959610901938031,1089242.0,0.05,1143704.0
2.0,1520.0,950000.0,104.0,13.764217263576723,1042822.0,0.05,1094963.0
2.0,1520.0,3300000.0,104.0,15.009433026436708,1042822.0,0.05,1094963.0
2.0,1592.0,1999900.0,104.0,14.508607737274177,1059750.0,0.05,1112737.0
2.0,1950.0,1150000.0,94.0,13.955272500339433,1090656.0,0.05,1145188.0
2.0,2560.0,1390000.0,104.0,14.144814305106875,1315904.0,0.060000000000000005,1394858.0
2.0,2000.0,850000.0,125.0,13.652991628466498,1293113.0,0.05,1357769.0
2.0,2118.0,2411500.0,99.0,14.695759518491164,1161848.0,0.060000000000000005,1231559.0
2.0,2560.0,861000.0,99.0,13.665849783409868,1282568.0,0.060000000000000005,1359522.0
2.0,2169.0,1400000.0,104.0,14.151982794585487,1205721.0,0.060000000000000005,1278064.0
2.0,2400.0,2650000.0,109.0,14.790070197962406,1302649.0,0.060000000000000005,1380808.0
2.0,3150.0,1770000.0,114.0,14.386490104550012,1580586.0,0.060000000000000005,1675422.0
2.0,2531.0,3400000.0,104.0,15.03928598958639,1307397.0,0.060000000000000005,1385841.0
2.0,5625.0,4700000.0,35.0,15.363073066680286,1832897.0,0.060000000000000005,1942870.0
2.0,2176.0,1995000.0,123.0,14.506154608306101,1331293.0,0.060000000000000005,1411171.0
2.0,2750.0,1950000.0,104.0,14.48333993053993,1373026.0,0.060000000000000005,1455407.0
2.0,2400.0,1385000.0,104.0,14.141210697603576,1269649.0,0.060000000000000005,1345828.0
2.0,2208.0,1960000.0,119.0,14.4884550312067,1313611.0,0.060000000000000005,1392427.0
2.0,3158.0,1430000.0,69.0,14.17318500223609,1256897.0,0.060000000000000005,1332311.0
2.0,3120.0,1800000.0,119.0,14.403297222866392,1610825.0,0.060000000000000005,1707474.0
2.0,3120.0,1430000.0,119.0,14.17318500223609,1610825.0,0.060000000000000005,1707474.0
2.0,3036.0,4200000.0,109.0,15.250595083253597,1501764.0,0.060000000000000005,1591869.0
2.0,2200.0,1600000.0,123.0,14.28551418721001,1338458.0,0.060000000000000005,1418766.0
2.0,2680.0,2125000.0,104.0,14.569282360340654,1351698.0,0.060000000000000005,1432800.0
2.0,2040.0,1250000.0,104.0,14.038654109278484,1171432.0,0.060000000000000005,1241718.0
2.0,1344.0,1700000.0,109.0,14.346138809026444,1028630.0,0.05,1080062.0
2.0,2400.0,1999999.0,104.0,14.508657238524094,1269649.0,0.060000000000000005,1345828.0
2.0,2600.0,1575000.0,104.0,14.269765830241871,1327729.0,0.060000000000000005,1407393.0
2.0,2162.0,2800000.0,114.0,14.845129975145433,1267228.0,0.060000000000000005,1343262.0
2.0,2340.0,1500000.0,99.0,14.22097566607244,1220989.0,0.060000000000000005,1294249.0
2.0,1660.0,1315250.0,109.0,14.089537319593054,1103957.0,0.05,1159155.0
2.0,3060.0,1730000.0,114.0,14.363631966473962,1549090.0,0.060000000000000005,1642035.0
2.0,2128.0,1600000.0,104.0,14.28551418721001,1194716.0,0.060000000000000005,1266399.0
2.0,2400.0,2180000.0,109.0,14.594835434765272,1302649.0,0.060000000000000005,1380808.0
2.0,2600.0,1999900.0,99.0,14.508607737274177,1294093.0,0.060000000000000005,1371738.0
2.0,2400.0,350000.0,99.0,12.765688433465597,1237484.0,0.060000000000000005,1311733.0
2.0,2479.0,3400000.0,99.0,15.03928598958639,1259543.0,0.060000000000000005,1335115.0
2.0,2050.0,2175000.0,99.0,14.592539222504922,1144312.0,0.060000000000000005,1212971.0
2.0,2964.0,1400000.0,59.0,14.151982794585487,1143323.0,0.060000000000000005,1211922.0
2.0,2160.0,1990000.0,99.0,14.503645196700676,1172813.0,0.060000000000000005,1243182.0
2.0,2812.0,1960000.0,64.0,14.4884550312067,1133833.0,0.060000000000000005,1201863.0
2.0,1856.0,550000.0,99.0,13.217673557208654,1095725.0,0.05,1150511.0
2.0,1728.0,1400000.0,114.0,14.151982794585487,1150008.0,0.05,1207508.0
2.0,2200.0,1780000.0,99.0,14.392123922268269,1183352.0,0.060000000000000005,1254353.0
2.0,8568.0,4999000.0,32.0,15.424748450395708,3485798.0,0.060000000000000005,3694945.0
2.0,2032.0,1600000.0,114.0,14.28551418721001,1230915.0,0.060000000000000005,1304770.0
2.0,2838.0,2300000.0,59.0,14.648419680899378,1111554.0,0.060000000000000005,1178247.0
2.0,4900.0,2350000.0,38.0,14.669925886120343,1582726.0,0.060000000000000005,1677690.0
2.0,2916.0,1800000.0,99.0,14.403297222866392,1388859.0,0.060000000000000005,1472191.0
2.0,2484.0,2725000.0,114.0,14.817978986079481,1361853.0,0.060000000000000005,1443565.0
2.0,1791.0,1425000.0,114.0,14.169682371684887,1166326.0,0.05,1224642.0
2.0,2000.0,1750000.0,99.0,14.375126345899696,1131587.0,0.05,1188167.0
2.0,1920.0,2300000.0,123.0,14.648419680899378,1257213.0,0.05,1320073.0
2.0,2032.0,975000.0,123.0,13.790192749979985,1289102.0,0.060000000000000005,1366448.0
2.0,1914.0,1610000.0,104.0,14.291744736960645,1138883.0,0.05,1195827.0
2.0,1480.0,990000.0,94.0,13.805460222110773,981832.0,0.05,1030923.0
2.0,1120.0,4100000.0,94.0,15.226497531674536,905880.0,0.05,951174.0
2.0,2507.0,2269888.0,104.0,14.635241049033318,1300398.0,0.060000000000000005,1378422.0
2.0,1984.0,1320000.0,114.0,14.093142294562554,1217772.0,0.05,1278660.0
2.0,1376.0,1200000.0,94.0,13.997832114758229,959258.0,0.05,1007221.0
2.0,1880.0,1201000.0,64.0,13.998665101062121,920502.0,0.05,966528.0
2.0,2160.0,1730000.0,84.0,14.363631966473962,1085918.0,0.060000000000000005,1151073.0
2.0,2016.0,1350000.0,99.0,14.115615150414612,1135644.0,0.060000000000000005,1203782.0
2.0,2560.0,999000.0,99.0,13.81451005763069,1282568.0,0.060000000000000005,1359522.0
2.0,2560.0,1400000.0,99.0,14.151982794585487,1282568.0,0.060000000000000005,1359522.0
2.0,2840.0,1520000.0,94.0,14.234220892822458,1330860.0,0.060000000000000005,1410712.0
3.0,2640.0,1750000.0,99.0,14.375126345899696,1170981.0,0.060000000000000005,1241240.0
3.0,2720.0,2200000.0,104.0,14.603967918328545,1223106.0,0.060000000000000005,1296492.0
3.0,3156.0,1795000.0,125.0,14.400515579904516,1501817.0,0.060000000000000005,1591926.0
3.0,2372.0,1700000.0,123.0,14.346138809026444,1247413.0,0.060000000000000005,1322258.0
3.0,2292.0,1250000.0,123.0,14.038654109278484,1225293.0,0.060000000000000005,1298810.0
3.0,2292.0,1150000.0,123.0,13.955272500339433,1225293.0,0.060000000000000005,1298810.0
3.0,2472.0,1400000.0,123.0,14.151982794585487,1275625.0,0.060000000000000005,1352163.0
3.0,3000.0,2000000.0,94.0,14.508657738524219,1237007.0,0.060000000000000005,1311228.0
3.0,3072.0,2421900.0,104.0,14.700062914051216,1323285.0,0.060000000000000005,1402682.0
3.0,1848.0,2400000.0,104.0,14.690979295318174,1006393.0,0.05,1056713.0
3.0,3156.0,2540000.0,114.0,14.74767463899472,1419385.0,0.060000000000000005,1504548.0
3.0,3352.0,2600000.0,104.0,14.77102200299171,1408801.0,0.060000000000000005,1493329.0
3.0,4416.0,3900000.0,94.0,15.176487111099874,1697880.0,0.060000000000000005,1799752.0
3.0,2716.0,2900000.0,64.0,14.880221294956703,995231.0,0.060000000000000005,1054945.0
3.0,5568.0,2500000.0,44.0,14.73180128983843,1699652.0,0.060000000000000005,1801631.0
3.0,2671.0,3650000.0,3.0,15.110237725558674,720439.0,0.07999999999999999,778074.0
3.0,6300.0,5550000.0,54.0,15.529308485722618,2107396.0,0.060000000000000005,2233840.0
3.0,4812.0,2900000.0,114.0,14.880221294956703,2055634.0,0.060000000000000005,2178972.0
3.0,4836.0,3650500.0,49.0,15.110374702478277,1480490.0,0.060000000000000005,1569319.0
3.0,2740.0,1500000.0,89.0,14.22097566607244,1137561.0,0.060000000000000005,1205815.0
3.0,2568.0,2325000.0,49.0,14.659230597003594,891491.0,0.060000000000000005,944981.0
3.0,2008.0,1600000.0,94.0,14.28551418721001,990878.0,0.060000000000000005,1050331.0
3.0,3280.0,1800000.0,93.0,14.403297222866392,1310206.0,0.060000000000000005,1388818.0
3.0,2560.0,1570000.0,99.0,14.266586177324491,1150216.0,0.060000000000000005,1219229.0
3.0,2200.0,1600000.0,99.0,14.28551418721001,1061239.0,0.060000000000000005,1124913.0
3.0,2760.0,1960000.0,99.0,14.4884550312067,1202833.0,0.060000000000000005,1275003.0
3.0,2560.0,855000.0,104.0,13.658856747918897,1180113.0,0.060000000000000005,1250919.0
3.0,2280.0,1700000.0,104.0,14.346138809026444,1108479.0,0.060000000000000005,1174987.0
3.0,2034.0,855001.0,123.0,13.658857917508856,1156593.0,0.060000000000000005,1225989.0
3.0,2352.0,1500000.0,123.0,14.22097566607244,1241846.0,0.060000000000000005,1316356.0
3.0,2400.0,1900000.0,123.0,14.457364444136669,1255249.0,0.060000000000000005,1330564.0
3.0,2280.0,1700000.0,125.0,14.346138809026444,1234616.0,0.060000000000000005,1308693.0
3.0,2040.0,1970000.0,84.0,14.493544100714171,948070.0,0.060000000000000005,1004955.0
3.0,2680.0,1200000.0,94.0,13.997832114758229,1151572.0,0.060000000000000005,1220666.0
3.0,2893.0,2300000.0,104.0,14.648419680899378,1271357.0,0.060000000000000005,1347638.0
3.0,4278.0,2999000.0,64.0,14.913789457731147,1411365.0,0.060000000000000005,1496047.0
3.0,2210.0,1750000.0,119.0,14.375126345899696,1178583.0,0.060000000000000005,1249298.0
3.0,3432.0,2500000.0,109.0,14.73180128983843,1471512.0,0.060000000000000005,1559803.0
3.0,3816.0,1484000.0,114.0,14.210251702709463,1645149.0,0.060000000000000005,1743858.0
3.0,2128.0,1870000.0,123.0,14.44144898883077,1181165.0,0.060000000000000005,1252035.0
3.0,3318.0,765000.0,119.0,13.547631112808673,1510007.0,0.060000000000000005,1600608.0
3.0,3318.0,1800000.0,119.0,14.403297222866392,1510007.0,0.060000000000000005,1600608.0
3.0,4300.0,3300000.0,39.0,15.009433026436708,1247546.0,0.060000000000000005,1322398.0
3.0,4450.0,3200000.0,59.0,14.978661367769956,1429557.0,0.060000000000000005,1515331.0
3.0,2080.0,1740000.0,104.0,14.369395671190711,1059989.0,0.060000000000000005,1123589.0
3.0,2900.0,2150000.0,104.0,14.580978400103845,1273348.0,0.060000000000000005,1349749.0
3.0,4092.0,2600000.0,59.0,14.77102200299171,1319561.0,0.060000000000000005,1398735.0
3.0,2680.0,1998000.0,104.0,14.507657238190635,1212213.0,0.060000000000000005,1284946.0
3.0,2768.0,1500000.0,109.0,14.22097566607244,1268441.0,0.060000000000000005,1344547.0
3.0,2380.0,1732000.0,114.0,14.364787368104517,1193241.0,0.060000000000000005,1264835.0
3.0,7488.0,4950000.0,64.0,15.414898134544874,2893499.0,0.060000000000000005,3067109.0
3.0,3648.0,2225000.0,64.0,14.615267473582477,1225880.0,0.060000000000000005,1299433.0
3.0,4792.0,4000000.0,49.0,15.201804919084164,1465993.0,0.060000000000000005,1553952.0
3.0,3840.0,1999000.0,49.0,14.508157613482537,1184855.0,0.060000000000000005,1255946.0
3.0,4570.0,2975000.0,99.0,14.905754596961867,1803054.0,0.060000000000000005,1911237.0
3.0,5380.0,4000000.0,59.0,15.201804919084164,1760077.0,0.060000000000000005,1865681.0
3.0,3750.0,1995000.0,59.0,14.506154608306101,1222394.0,0.060000000000000005,1295738.0
3.0,3192.0,2300000.0,125.0,14.648419680899378,1513957.0,0.060000000000000005,1604794.0
3.0,5908.0,4950000.0,32.0,15.414898134544874,1724401.0,0.060000000000000005,1827865.0
3.0,4120.0,1990000.0,64.0,14.503645196700676,1362364.0,0.060000000000000005,1444105.0
3.0,3936.0,3100000.0,39.0,14.946912669455374,1150010.0,0.060000000000000005,1219010.0
3.0,3465.0,1900000.0,104.0,14.457364444136669,1444858.0,0.060000000000000005,1531549.0
3.0,7840.0,2800000.0,35.0,14.845129975145433,2697602.0,0.060000000000000005,2859458.0
3.0,2808.0,1900000.0,125.0,14.457364444136669,1389364.0,0.060000000000000005,1472726.0
3.0,2748.0,1700000.0,125.0,14.346138809026444,1370845.0,0.060000000000000005,1453095.0
3.0,4200.0,1620000.0,125.0,14.297936707208567,1896791.0,0.060000000000000005,2010599.0
3.0,2878.0,2575000.0,99.0,14.761360092079974,1234999.0,0.060000000000000005,1309099.0
3.0,2180.0,2100000.0,99.0,14.557447902693651,1056502.0,0.060000000000000005,1119892.0
3.0,3935.0,1680000.0,51.0,14.334304351379442,1222784.0,0.060000000000000005,1296151.0
3.0,3410.0,1639000.0,51.0,14.309596857725968,1087319.0,0.060000000000000005,1152559.0
3.0,1800.0,4100000.0,94.0,15.226497531674536,945840.0,0.05,993132.0
3.0,2320.0,1750000.0,99.0,14.375126345899696,1090105.0,0.060000000000000005,1155512.0
3.0,2552.0,1880000.0,99.0,14.446782334806132,1148160.0,0.060000000000000005,1217050.0
3.0,2904.0,1995500.0,99.0,14.506405203470926,1242201.0,0.060000000000000005,1316733.0
3.0,2120.0,283920.0,104.0,12.556447787320378,1069515.0,0.060000000000000005,1133685.0
3.0,3075.0,999000.0,104.0,13.81451005763069,1324173.0,0.060000000000000005,1403624.0
3.0,2160.0,1598000.0,84.0,14.284263405308357,973859.0,0.060000000000000005,1032290.0
3.0,2160.0,625000.0,84.0,13.345506928718539,973859.0,0.060000000000000005,1032290.0
3.0,3240.0,1580000.0,84.0,14.27293540500315,1239925.0,0.060000000000000005,1314320.0
3.0,3560.0,1580000.0,89.0,14.27293540500315,1366534.0,0.060000000000000005,1448526.0
9.0,6064.0,972551.0,100.0,13.78767779525908,1316871.0,0.060000000000000005,1395883.0
4.0,3213.0,421300.0,94.0,12.951100447967107,1163483.0,0.060000000000000005,1233292.0
4.0,3000.0,1998000.0,94.0,14.507657238190635,1109357.0,0.060000000000000005,1175919.0
6.0,5250.0,1450000.0,94.0,14.187074114396758,1475741.0,0.060000000000000005,1564285.0
6.0,5250.0,1175000.0,94.0,13.976778705560397,1475741.0,0.060000000000000005,1564285.0
34.0,31200.0,5350000.0,99.0,15.49260711887219,23780881.0,0.060000000000000005,25207734.0
4.0,3280.0,1999900.0,93.0,14.508607737274177,1175002.0,0.060000000000000005,1245503.0
4.0,2800.0,1600000.0,93.0,14.28551418721001,1055399.0,0.060000000000000005,1118723.0
4.0,2800.0,1515000.0,93.0,14.230925996925606,1055399.0,0.060000000000000005,1118723.0
4.0,3073.0,1999000.0,93.0,14.508157613482537,1121846.0,0.060000000000000005,1189156.0
4.0,3280.0,1999500.0,93.0,14.50840770726901,1175002.0,0.060000000000000005,1245503.0
4.0,3696.0,2265000.0,93.0,14.63308531689927,1289569.0,0.060000000000000005,1366943.0
4.0,3213.0,2150000.0,93.0,14.580978400103845,1157527.0,0.060000000000000005,1226979.0
4.0,3213.0,1850000.0,93.0,14.430696197054507,1157527.0,0.060000000000000005,1226979.0
4.0,3520.0,1792500.0,93.0,14.399121851455913,1239795.0,0.060000000000000005,1314182.0
4.0,3520.0,1792500.0,93.0,14.399121851455913,1239795.0,0.060000000000000005,1314182.0
4.0,2856.0,2200000.0,93.0,14.603967918328545,1068701.0,0.060000000000000005,1132823.0
4.0,3198.0,1980000.0,93.0,14.498607402670718,1153650.0,0.060000000000000005,1222869.0
6.0,5250.0,1300000.0,94.0,14.077874822431765,1475741.0,0.060000000000000005,1564285.0
6.0,5250.0,2750000.0,94.0,14.827111469642754,1475741.0,0.060000000000000005,1564285.0
5.0,3600.0,2700000.0,94.0,14.808762330974558,1137753.0,0.060000000000000005,1206018.0
4.0,2680.0,2000000.0,93.0,14.508657738524219,1027452.0,0.060000000000000005,1089099.0
4.0,4680.0,995000.0,104.0,13.81049801614073,1700341.0,0.060000000000000005,1802361.0
6.0,6006.0,1875000.0,93.0,14.444119217386648,1738644.0,0.060000000000000005,1842963.0
6.0,3420.0,2150000.0,94.0,14.580978400103845,980086.0,0.060000000000000005,1038891.0
6.0,5270.0,1515000.0,104.0,14.230925996925606,1560416.0,0.060000000000000005,1654041.0
4.0,3000.0,2750000.0,104.0,14.827111469642754,1167776.0,0.060000000000000005,1237842.0
4.0,2418.0,450000.0,99.0,13.017002861746503,999278.0,0.060000000000000005,1059235.0
12.0,10320.0,531250.0,97.0,13.182987999220764,2422899.0,0.060000000000000005,2568273.0
12.0,10320.0,2125000.0,97.0,14.569282360340654,2422899.0,0.060000000000000005,2568273.0
4.0,3280.0,2050000.0,96.0,14.53335035111459,1193233.0,0.060000000000000005,1264827.0
4.0,3200.0,1670000.0,99.0,14.328334184392938,1190258.0,0.060000000000000005,1261674.0
6.0,5280.0,1050000.0,97.0,13.864300722133706,1508726.0,0.060000000000000005,1599249.0
1.0,810.0,655000.0,114.0,13.39239051461739,1044329.0,0.04,1086102.0
1.0,810.0,200000.0,114.0,12.206072645530174,1044329.0,0.04,1086102.0
1.0,1730.0,450000.0,114.0,13.017002861746503,1282909.0,0.05,1347055.0
1.0,1730.0,650000.0,114.0,13.38472764187182,1282909.0,0.05,1347055.0
1.0,756.0,250000.0,84.0,12.429216196844383,884563.0,0.04,919945.0
1.0,781.0,679000.0,109.0,13.428376406540833,1011292.0,0.04,1051744.0
1.0,1128.0,720000.0,125.0,13.487006490992238,1186427.0,0.05,1245748.0
1.0,1062.0,790000.0,8.0,13.579788224443204,641301.0,0.06,679779.0
1.0,924.0,600000.0,94.0,13.304684934198283,966794.0,0.04,1005466.0
1.0,924.0,600000.0,94.0,13.304684934198283,966794.0,0.04,1005466.0
1.0,1848.0,600000.0,94.0,13.304684934198283,1188725.0,0.05,1248161.0
1.0,1989.0,999000.0,84.0,13.81451005763069,1165436.0,0.05,1223708.0
2.0,1786.0,945000.0,104.0,13.758940206475879,1106742.0,0.05,1162079.0
2.0,1784.0,450000.0,114.0,13.017002861746503,1164502.0,0.05,1222727.0
2.0,2800.0,568750.0,125.0,13.251196249247297,1546464.0,0.060000000000000005,1639252.0
2.0,1586.0,980000.0,99.0,13.795307850646754,1031518.0,0.05,1083094.0
2.0,2100.0,580000.0,114.0,13.270783382522602,1249778.0,0.060000000000000005,1324764.0
2.0,1045.0,850000.0,114.0,13.652991628466498,987101.0,0.04,1026585.0
2.0,1634.0,875000.0,99.0,13.681979165339751,1042651.0,0.05,1094783.0
2.0,2106.0,785000.0,99.0,13.573438996764546,1158734.0,0.060000000000000005,1228258.0
2.0,3126.0,855000.0,125.0,13.658856747918897,1663427.0,0.060000000000000005,1763233.0
2.0,1848.0,1190000.0,94.0,13.989463865087712,1066057.0,0.05,1119360.0
2.0,1877.0,875000.0,84.0,13.681979165339751,1019317.0,0.05,1070283.0
2.0,1744.0,765000.0,84.0,13.547631112808673,989444.0,0.05,1038916.0
2.0,2012.0,1160000.0,84.0,13.963930563082547,1050562.0,0.060000000000000005,1113596.0
2.0,1869.0,995000.0,84.0,13.81049801614073,1017495.0,0.05,1068370.0
3.0,1872.0,1400000.0,94.0,14.151982794585487,961193.0,0.05,1009253.0
3.0,2916.0,800566.0,104.0,13.593074256489924,1277913.0,0.060000000000000005,1354588.0
3.0,2659.0,850500.0,114.0,13.653579690818054,1270068.0,0.060000000000000005,1346272.0
3.0,2160.0,1100000.0,93.0,13.9108207377686,1019894.0,0.060000000000000005,1081088.0
3.0,2961.0,1069561.0,99.0,13.882758841876237,1258138.0,0.060000000000000005,1333626.0
3.0,2082.0,995000.0,84.0,13.81049801614073,957018.0,0.060000000000000005,1014439.0
3.0,3132.0,1100000.0,99.0,13.9108207377686,1307186.0,0.060000000000000005,1385617.0
3.0,3024.0,1250000.0,99.0,14.038654109278484,1275990.0,0.060000000000000005,1352550.0
6.0,6075.0,821551.0,94.0,13.618949296090605,1774767.0,0.060000000000000005,1881253.0
4.0,3040.0,999999.0,94.0,13.815509557963773,1119326.0,0.060000000000000005,1186486.0
4.0,1987.0,750000.0,93.0,13.527828485512494,879936.0,0.05,923933.0
4.0,1680.0,1075000.0,93.0,13.8878312195439,821547.0,0.05,862624.0
1.0,2760.0,3300000.0,125.0,15.009433026436708,1709053.0,0.060000000000000005,1811596.0
1.0,5030.0,6950000.0,145.0,15.754252217540975,3146400.0,0.060000000000000005,3335184.0
1.0,5160.0,7650000.0,84.0,15.850216205802719,2368561.0,0.060000000000000005,2510674.0
1.0,3885.0,10600000.0,59.0,16.176364559082295,1566482.0,0.060000000000000005,1660471.0
1.0,3264.0,5700000.0,168.0,15.555976732804778,2385319.0,0.060000000000000005,2528438.0
1.0,4100.0,9950000.0,123.0,16.113083109134777,2282710.0,0.060000000000000005,2419672.0
1.0,5120.0,6088500.0,123.0,15.6219123039292,2867624.0,0.060000000000000005,3039681.0
2.0,3112.0,1800000.0,195.0,14.403297222866392,2374977.0,0.060000000000000005,2517475.0
2.0,3600.0,6500000.0,198.0,15.687312734865866,2689953.0,0.060000000000000005,2851350.0
2.0,5000.0,7250000.0,123.0,15.796512026830857,2503606.0,0.060000000000000005,2653822.0
2.0,6100.0,11350000.0,124.0,16.244728301891687,3218374.0,0.060000000000000005,3411477.0
2.0,2880.0,3600000.0,109.0,15.096444403426338,1450272.0,0.060000000000000005,1537288.0
2.0,2600.0,6300000.0,109.0,15.65606019136176,1362239.0,0.060000000000000005,1443973.0
2.0,1816.0,5457500.0,54.0,15.512501367406236,862027.0,0.05,905128.0
2.0,1470.0,4525000.0,94.0,15.325128135116163,979638.0,0.05,1028620.0
2.0,3360.0,6300000.0,168.0,15.65606019136176,2185596.0,0.060000000000000005,2316732.0
2.0,4352.0,6500000.0,145.0,15.687312734865866,2424710.0,0.060000000000000005,2570192.0
2.0,5725.0,6510000.0,123.0,15.688850014184752,2944316.0,0.060000000000000005,3120975.0
2.0,5689.0,8150000.0,125.0,15.913528485217045,2950838.0,0.060000000000000005,3127888.0
2.0,3880.0,6900000.0,183.0,15.747031969567487,2651605.0,0.060000000000000005,2810702.0
2.0,3640.0,2100000.0,183.0,14.557447902693651,2513032.0,0.060000000000000005,2663813.0
2.0,4935.0,4050000.0,123.0,15.214227439082721,2467474.0,0.060000000000000005,2615522.0
2.0,4000.0,5300000.0,177.0,15.483217378522351,2641141.0,0.060000000000000005,2799610.0
3.0,5375.0,4001000.0,179.0,15.202054887839372,3254623.0,0.060000000000000005,3449901.0
3.0,4168.0,4999999.0,125.0,15.424948270398355,1883265.0,0.060000000000000005,1996261.0
10.0,8500.0,8200000.0,124.0,15.919644712234481,2303242.0,0.060000000000000005,2441437.0
5.0,6075.0,7000000.0,175.0,15.761420707019587,2998985.0,0.060000000000000005,3178924.0
9.0,8022.0,3850000.0,124.0,15.163583706263967,2307878.0,0.060000000000000005,2446350.0
9.0,4553.0,7100000.0,118.0,15.775605342011543,1030148.0,0.060000000000000005,1091957.0
9.0,4371.0,7100000.0,114.0,15.775605342011543,968963.0,0.060000000000000005,1027100.0
4.0,3300.0,3999000.0,124.0,15.201554887828955,1383802.0,0.060000000000000005,1466830.0
4.0,4000.0,4830000.0,114.0,15.390357025628756,1537362.0,0.060000000000000005,1629604.0
9.0,7220.0,6250000.0,125.0,15.648092021712584,1938850.0,0.060000000000000005,2055181.0
9.0,9000.0,14105672.0,180.0,16.462087543963257,3828399.0,0.060000000000000005,4058103.0
7.0,5720.0,22100000.0,124.0,16.911088166487982,1714840.0,0.060000000000000005,1817730.0
6.0,6100.0,410000.0,104.0,12.92391243868049,1878700.0,0.060000000000000005,1991422.0
5.0,4100.0,4900000.0,174.0,15.404745763080856,1918296.0,0.060000000000000005,2033394.0
5.0,5175.0,4500000.0,174.0,15.319587954740548,2439660.0,0.060000000000000005,2586040.0
1.0,1116.0,800000.0,38.0,13.592367006650065,757130.0,0.05,794987.0
1.0,1640.0,518000.0,37.0,13.15773052124162,846910.0,0.05,889256.0
1.0,1640.0,550000.0,37.0,13.217673557208654,846910.0,0.05,889256.0
1.0,1640.0,575000.0,37.0,13.262125319779487,846910.0,0.05,889256.0
1.0,1620.0,464014.0,37.0,13.047670003167008,843131.0,0.05,885287.0
1.0,1620.0,332500.0,37.0,12.714395139078047,843131.0,0.05,885287.0
1.0,1620.0,573000.0,37.0,13.258640995696876,843131.0,0.05,885287.0
1.0,1620.0,585000.0,37.0,13.279367126213993,843131.0,0.05,885287.0
1.0,1620.0,385000.0,37.0,12.86099861326992,843131.0,0.05,885287.0
1.0,1620.0,635000.0,37.0,13.36138027787483,843131.0,0.05,885287.0
1.0,1340.0,570000.0,37.0,13.253391639810733,791952.0,0.05,831549.0
1.0,1340.0,600000.0,37.0,13.304684934198283,791952.0,0.05,831549.0
1.0,1116.0,425000.0,37.0,12.959844447906553,753255.0,0.05,790917.0
1.0,1116.0,500000.0,37.0,13.122363377404328,753255.0,0.05,790917.0
1.0,1148.0,495000.0,37.0,13.112313041550827,758665.0,0.05,796598.0
1.0,1148.0,499000.0,38.0,13.120361374733656,762568.0,0.05,800697.0
1.0,1116.0,550000.0,38.0,13.217673557208654,757130.0,0.05,794987.0
1.0,1624.0,930000.0,94.0,13.742939865129438,1130640.0,0.05,1187172.0
1.0,1680.0,500000.0,94.0,13.122363377404328,1144890.0,0.05,1202134.0
1.0,1520.0,710000.0,94.0,13.473020249017498,1104646.0,0.05,1159878.0
1.0,1148.0,500000.0,38.0,13.122363377404328,762568.0,0.05,800697.0
1.0,1148.0,570500.0,38.0,13.254268448284268,762568.0,0.05,800697.0
1.0,1148.0,350000.0,37.0,12.765688433465597,758665.0,0.05,796598.0
1.0,1148.0,635000.0,37.0,13.36138027787483,758665.0,0.05,796598.0
1.0,1148.0,490000.0,37.0,13.102160670086809,758665.0,0.05,796598.0
1.0,1116.0,490000.0,39.0,13.102160670086809,761026.0,0.05,799077.0
1.0,1116.0,600000.0,34.0,13.304684934198283,741747.0,0.05,778834.0
1.0,1116.0,425880.0,39.0,12.961912895428542,761026.0,0.05,799077.0
1.0,1116.0,600000.0,38.0,13.304684934198283,757130.0,0.05,794987.0
1.0,1116.0,560000.0,38.0,13.235692062711331,757130.0,0.05,794987.0
1.0,1116.0,575000.0,39.0,13.262125319779487,761026.0,0.05,799077.0
1.0,1148.0,520000.0,38.0,13.16158409055761,762568.0,0.05,800697.0
1.0,1116.0,460000.0,38.0,13.038981768465277,757130.0,0.05,794987.0
1.0,1128.0,600000.0,38.0,13.304684934198283,759165.0,0.05,797123.0
1.0,1116.0,618000.0,38.0,13.334243736439827,757130.0,0.05,794987.0
1.0,1148.0,610000.0,37.0,13.321214236149494,758665.0,0.05,796598.0
1.0,1116.0,510865.0,38.0,13.143860646415153,757130.0,0.05,794987.0
1.0,1116.0,603200.0,38.0,13.310004095675882,757130.0,0.05,794987.0
1.0,1116.0,527000.0,38.0,13.1749558275235,757130.0,0.05,794987.0
2.0,2240.0,621121.0,94.0,13.339281188956335,1163738.0,0.060000000000000005,1233562.0
2.0,2160.0,615000.0,94.0,13.329377546788654,1143101.0,0.060000000000000005,1211687.0
2.0,3648.0,495000.0,94.0,13.112313041550827,1594456.0,0.060000000000000005,1690124.0
2.0,1568.0,680000.0,94.0,13.42984807715229,1001347.0,0.05,1051414.0
2.0,2196.0,505000.0,104.0,13.132313708257497,1213024.0,0.060000000000000005,1285805.0
2.0,2196.0,1053000.0,104.0,13.867153791116113,1213024.0,0.060000000000000005,1285805.0
2.0,1400.0,760000.0,94.0,13.541073712262515,964421.0,0.05,1012642.0
2.0,2080.0,999000.0,94.0,13.81451005763069,1122831.0,0.060000000000000005,1190201.0
2.0,2080.0,860000.0,94.0,13.664687668229691,1122831.0,0.060000000000000005,1190201.0
2.0,1800.0,965000.0,125.0,13.779883380321124,1236548.0,0.05,1298375.0
2.0,2809.0,900500.0,19.0,13.710705443598147,899419.0,0.07999999999999999,971373.0
2.0,2080.0,690000.0,94.0,13.444446876573442,1122831.0,0.060000000000000005,1190201.0
2.0,2922.0,1050000.0,1.0,13.864300722133706,841046.0,0.07999999999999999,908329.0
2.0,2560.0,700000.0,114.0,13.458835614025542,1385199.0,0.060000000000000005,1468311.0
2.0,2412.0,897500.0,21.0,13.70736839934457,831495.0,0.07999999999999999,898014.0
2.0,1840.0,839000.0,94.0,13.639965985449344,1064152.0,0.05,1117359.0
2.0,2240.0,750000.0,94.0,13.527828485512494,1163738.0,0.060000000000000005,1233562.0
2.0,2000.0,990000.0,94.0,13.805460222110773,1102920.0,0.05,1158066.0
2.0,2080.0,999999.0,94.0,13.815509557963773,1122831.0,0.060000000000000005,1190201.0
2.0,2026.0,747500.0,17.0,13.524489584246979,747227.0,0.07999999999999999,807005.0
2.0,1944.0,216145.0,114.0,12.283704757744026,1206926.0,0.05,1267272.0
3.0,2925.0,712775.0,22.0,13.476921081571927,840649.0,0.07999999999999999,907901.0
3.0,2925.0,625815.0,22.0,13.34681007924893,840649.0,0.07999999999999999,907901.0
3.0,3600.0,1018245.0,22.0,13.833591115113137,977635.0,0.07999999999999999,1055846.0
3.0,1800.0,757353.0,125.0,13.537584738127757,1108945.0,0.05,1164392.0
3.0,2880.0,999100.0,19.0,13.81461015272111,819516.0,0.07999999999999999,885077.0
3.0,2940.0,551000.0,123.0,13.219490088135052,1416379.0,0.060000000000000005,1501362.0
3.0,2940.0,1400000.0,123.0,14.151982794585487,1416379.0,0.060000000000000005,1501362.0
3.0,3404.0,1150000.0,94.0,13.955272500339433,1353980.0,0.060000000000000005,1435219.0
3.0,3597.0,1278406.0,4.0,14.061124547349841,890773.0,0.07999999999999999,962035.0
3.0,3680.0,825000.0,114.0,13.623138665316818,1595864.0,0.060000000000000005,1691615.0
4.0,3280.0,920000.0,94.0,13.732128949025222,1181048.0,0.060000000000000005,1251911.0
6.0,4200.0,950000.0,94.0,13.764217263576723,1166876.0,0.060000000000000005,1236888.0
4.0,3750.0,674814.0,25.0,13.422192376326704,920729.0,0.060000000000000005,975972.0
9.0,6240.0,950000.0,114.0,13.764217263576723,1471774.0,0.060000000000000005,1560080.0
6.0,4539.0,1500000.0,94.0,14.22097566607244,1258784.0,0.060000000000000005,1334311.0
4.0,3034.0,403750.0,94.0,12.908551153519003,1117825.0,0.060000000000000005,1184895.0
4.0,3198.0,1050000.0,94.0,13.864300722133706,1159586.0,0.060000000000000005,1229161.0
4.0,3861.0,1304000.0,94.0,14.080947021468734,1344929.0,0.060000000000000005,1425625.0
4.0,3900.0,950000.0,94.0,13.764217263576723,1356712.0,0.060000000000000005,1438114.0
4.0,2920.0,800504.0,94.0,13.592996808283374,1089685.0,0.060000000000000005,1155067.0
4.0,2920.0,980000.0,94.0,13.795307850646754,1089685.0,0.060000000000000005,1155067.0
4.0,2993.0,815000.0,94.0,13.610943392223,1107622.0,0.060000000000000005,1174079.0
4.0,3800.0,575000.0,94.0,13.262125319779487,1326706.0,0.060000000000000005,1406308.0
4.0,3480.0,800000.0,104.0,13.592367006650065,1300113.0,0.060000000000000005,1378120.0
4.0,3198.0,1150000.0,94.0,13.955272500339433,1159586.0,0.060000000000000005,1229161.0
4.0,3198.0,800000.0,94.0,13.592367006650065,1159586.0,0.060000000000000005,1229161.0
4.0,3280.0,999000.0,94.0,13.81451005763069,1181048.0,0.060000000000000005,1251911.0
4.0,3404.0,1200000.0,94.0,13.997832114758229,1214260.0,0.060000000000000005,1287115.0
4.0,3510.0,1141000.0,94.0,13.947415628844213,1243390.0,0.060000000000000005,1317993.0
2.0,1000.0,859000.0,119.0,13.663524200966393,1002617.0,0.04,1042721.0
2.0,1920.0,1225000.0,114.0,14.018451401960965,1200465.0,0.05,1260489.0
2.0,1672.0,905000.0,114.0,13.715690222682063,1135695.0,0.05,1192479.0
2.0,1960.0,990000.0,119.0,13.805460222110773,1242736.0,0.05,1304872.0
2.0,1849.0,738000.0,123.0,13.51169910358261,1237407.0,0.05,1299277.0
2.0,1857.0,665000.0,123.0,13.407542319637992,1239623.0,0.05,1301604.0
2.0,1082.0,950000.0,114.0,13.764217263576723,995303.0,0.04,1035116.0
3.0,1785.0,850000.0,123.0,13.652991628466498,1093945.0,0.05,1148642.0
8.0,6800.0,4985411.0,104.0,15.422026405321507,1767039.0,0.060000000000000005,1873062.0
8.0,6800.0,4810795.0,104.0,15.38637290908988,1767039.0,0.060000000000000005,1873062.0
4.0,2838.0,1200000.0,125.0,13.997832114758229,1254380.0,0.060000000000000005,1329643.0
6.0,5196.0,992500.0,114.0,13.807982291543482,1615626.0,0.060000000000000005,1712564.0
6.0,3828.0,780000.0,114.0,13.567049198665774,1189785.0,0.060000000000000005,1261172.0
1.0,1000.0,1100000.0,123.0,13.9108207377686,1141171.0,0.04,1186818.0
1.0,2040.0,925000.0,123.0,13.737549016494562,1440008.0,0.060000000000000005,1526409.0
1.0,2001.0,834965.0,114.0,13.635145086786821,1363069.0,0.060000000000000005,1444853.0
1.0,1400.0,300000.0,114.0,12.611537753638338,1191635.0,0.05,1251217.0
1.0,2136.0,1495000.0,114.0,14.217636764806924,1404851.0,0.060000000000000005,1489142.0
2.0,2200.0,990000.0,104.0,13.805460222110773,1214109.0,0.060000000000000005,1286956.0
2.0,2150.0,700000.0,104.0,13.458835614025542,1200608.0,0.060000000000000005,1272645.0
2.0,3039.0,1375000.0,21.0,14.133964289082808,956664.0,0.07999999999999999,1033197.0
2.0,2502.0,1550000.0,21.0,14.253765488895429,848401.0,0.07999999999999999,916273.0
2.0,1656.0,837000.0,114.0,13.637579349471613,1131638.0,0.05,1188220.0
2.0,2508.0,1950000.0,94.0,14.48333993053993,1235622.0,0.060000000000000005,1309759.0
2.0,1980.0,1065000.0,84.0,13.878485357125662,1043070.0,0.05,1095224.0
2.0,2096.0,1799000.0,94.0,14.40274151293267,1126856.0,0.060000000000000005,1194468.0
2.0,1500.0,820000.0,123.0,13.617059619240436,1144497.0,0.05,1201722.0
2.0,2100.0,936000.0,26.0,13.74937075545973,795608.0,0.060000000000000005,843345.0
2.0,3300.0,1375000.0,123.0,14.133964289082808,1711775.0,0.060000000000000005,1814482.0
2.0,2040.0,1818000.0,123.0,14.413247553719561,1291410.0,0.060000000000000005,1368895.0
2.0,1920.0,400000.0,93.0,12.89921982609012,1077817.0,0.05,1131708.0
2.0,2880.0,1820000.0,104.0,14.414347059052979,1413532.0,0.060000000000000005,1498343.0
2.0,2160.0,800000.0,104.0,13.592367006650065,1203296.0,0.060000000000000005,1275494.0
2.0,2376.0,618000.0,104.0,13.334243736439827,1262852.0,0.060000000000000005,1338623.0
2.0,2400.0,1835000.0,123.0,14.422555039470808,1399686.0,0.060000000000000005,1483667.0
2.0,2319.0,900000.0,123.0,13.710150042306449,1374558.0,0.060000000000000005,1457032.0
2.0,1748.0,1400000.0,123.0,14.151982794585487,1209769.0,0.05,1270258.0
2.0,2046.0,1400000.0,123.0,14.151982794585487,1293144.0,0.060000000000000005,1370733.0
2.0,1800.0,860000.0,104.0,13.664687668229691,1110213.0,0.05,1165723.0
2.0,2138.0,810000.0,104.0,13.604789526648622,1197391.0,0.060000000000000005,1269234.0
2.0,2138.0,1050000.0,104.0,13.864300722133706,1197391.0,0.060000000000000005,1269234.0
2.0,2700.0,2670000.0,104.0,14.797589030376432,1357758.0,0.060000000000000005,1439223.0
2.0,2100.0,715000.0,104.0,13.480037821676145,1187257.0,0.060000000000000005,1258493.0
2.0,1592.0,1400000.0,19.0,14.151982794585487,685104.0,0.06999999999999999,733061.0
2.0,2100.0,620000.0,109.0,13.337474757021274,1218117.0,0.060000000000000005,1291204.0
2.0,2532.0,1160000.0,114.0,13.963930563082547,1376552.0,0.060000000000000005,1459145.0
2.0,2100.0,1040000.0,30.0,13.854731271117556,812109.0,0.060000000000000005,860836.0
2.0,1800.0,870000.0,119.0,13.676248490630767,1199052.0,0.05,1259005.0
2.0,2100.0,995000.0,30.0,13.81049801614073,812109.0,0.060000000000000005,860836.0
2.0,3300.0,1200000.0,114.0,13.997832114758229,1634510.0,0.060000000000000005,1732581.0
2.0,2643.0,845000.0,104.0,13.64709190633931,1340559.0,0.060000000000000005,1420993.0
2.0,1912.0,1050000.0,26.0,13.864300722133706,762850.0,0.05,800992.0
2.0,3000.0,1415000.0,125.0,14.162640089059476,1617207.0,0.060000000000000005,1714239.0
2.0,1960.0,1190000.0,27.0,13.989463865087712,775051.0,0.05,813803.0
2.0,2400.0,800000.0,114.0,13.592367006650065,1336508.0,0.060000000000000005,1416698.0
2.0,3033.0,1300000.0,20.0,14.077874822431765,950491.0,0.07999999999999999,1026530.0
2.0,2928.0,1120000.0,20.0,13.928839243271277,928430.0,0.07999999999999999,1002705.0
2.0,2700.0,2150000.0,119.0,14.580978400103845,1466406.0,0.060000000000000005,1554390.0
2.0,2700.0,1935000.0,119.0,14.475617884446018,1466406.0,0.060000000000000005,1554390.0
2.0,2700.0,1209000.0,119.0,14.00530412959693,1466406.0,0.060000000000000005,1554390.0
2.0,2700.0,960000.0,104.0,13.77468856344402,1357758.0,0.060000000000000005,1439223.0
2.0,3120.0,850000.0,104.0,13.652991628466498,1491477.0,0.060000000000000005,1580965.0
2.0,1984.0,1500000.0,33.0,14.22097566607244,803589.0,0.05,843768.0
2.0,2565.0,1260000.0,114.0,14.04662227892766,1386749.0,0.060000000000000005,1469954.0
2.0,3000.0,1453000.0,114.0,14.18914094255242,1528442.0,0.060000000000000005,1620148.0
2.0,2000.0,1250000.0,114.0,14.038654109278484,1222137.0,0.05,1283244.0
2.0,3000.0,999000.0,114.0,13.81451005763069,1528442.0,0.060000000000000005,1620148.0
2.0,1960.0,895000.0,26.0,13.704578997256993,771083.0,0.05,809637.0
2.0,1944.0,400000.0,26.0,12.89921982609012,768329.0,0.05,806745.0
2.0,2850.0,1216490.0,114.0,14.011480220867776,1478017.0,0.060000000000000005,1566698.0
2.0,3300.0,1825000.0,109.0,14.417090544998729,1593102.0,0.060000000000000005,1688688.0
2.0,2320.0,992794.0,114.0,13.808278469340976,1312808.0,0.060000000000000005,1391576.0
2.0,2320.0,1357000.0,114.0,14.120786938817005,1312808.0,0.060000000000000005,1391576.0
2.0,2700.0,710000.0,109.0,13.473020249017498,1393049.0,0.060000000000000005,1476631.0
2.0,2700.0,1950000.0,109.0,14.48333993053993,1393049.0,0.060000000000000005,1476631.0
2.0,3000.0,1950000.0,104.0,14.48333993053993,1451981.0,0.060000000000000005,1539100.0
2.0,2430.0,1979000.0,99.0,14.498102224584702,1245815.0,0.060000000000000005,1320564.0
2.0,2700.0,1100000.0,104.0,13.9108207377686,1357758.0,0.060000000000000005,1439223.0
2.0,1600.0,1578389.0,99.0,14.271915264583644,1034752.0,0.05,1086490.0
2.0,2925.0,2100000.0,114.0,14.557447902693651,1503018.0,0.060000000000000005,1593199.0
2.0,2676.0,1295000.0,114.0,14.074021253115776,1421606.0,0.060000000000000005,1506902.0
2.0,2700.0,1975000.0,114.0,14.496078956317358,1429257.0,0.060000000000000005,1515012.0
2.0,2844.0,860000.0,114.0,13.664687668229691,1476035.0,0.060000000000000005,1564597.0
2.0,2128.0,1280000.0,89.0,14.0623706358958,1106197.0,0.060000000000000005,1172569.0
2.0,2580.0,1150000.0,79.0,13.955272500339433,1162645.0,0.060000000000000005,1232404.0
2.0,2280.0,1400000.0,104.0,14.151982794585487,1236027.0,0.060000000000000005,1310189.0
2.0,2268.0,1200000.0,104.0,13.997832114758229,1232715.0,0.060000000000000005,1306678.0
2.0,2430.0,1065000.0,99.0,13.878485357125662,1245815.0,0.060000000000000005,1320564.0
2.0,2700.0,500000.0,99.0,13.122363377404328,1323361.0,0.060000000000000005,1402763.0
2.0,2430.0,980000.0,99.0,13.795307850646754,1245815.0,0.060000000000000005,1320564.0
2.0,2248.0,1415000.0,10.0,14.162640089059476,757554.0,0.07999999999999999,818159.0
2.0,2250.0,1597500.0,125.0,14.283950465233827,1367473.0,0.060000000000000005,1449522.0
2.0,2160.0,1255000.0,114.0,14.042646130548022,1266661.0,0.060000000000000005,1342661.0
2.0,2000.0,600000.0,125.0,13.304684934198283,1293113.0,0.05,1357769.0
2.0,3000.0,600000.0,125.0,13.304684934198283,1617207.0,0.060000000000000005,1714239.0
2.0,2000.0,1187500.0,20.0,13.987360814890934,754421.0,0.06999999999999999,807230.0
2.0,1420.0,834750.0,119.0,13.6348875578059,1101359.0,0.05,1156427.0
2.0,3600.0,1270000.0,114.0,14.054527458434775,1747939.0,0.060000000000000005,1852815.0
2.0,1680.0,730000.0,119.0,13.500799813124575,1167300.0,0.05,1225665.0
2.0,1606.0,535000.0,104.0,13.190022025878143,1063073.0,0.05,1116227.0
2.0,1700.0,744000.0,104.0,13.51979631381523,1085659.0,0.05,1139942.0
3.0,3600.0,999000.0,125.0,13.81451005763069,1658602.0,0.060000000000000005,1758118.0
3.0,3600.0,1391250.0,21.0,14.145713181571892,972631.0,0.07999999999999999,1050441.0
3.0,2052.0,980000.0,114.0,13.795307850646754,1108842.0,0.060000000000000005,1175373.0
3.0,3900.0,1502005.0,17.0,14.222311440195483,1018994.0,0.07999999999999999,1100513.0
3.0,2700.0,2280000.0,104.0,14.639686000930624,1217647.0,0.060000000000000005,1290706.0
3.0,3000.0,1009086.0,119.0,13.824555528607494,1406345.0,0.060000000000000005,1490726.0
3.0,3000.0,980000.0,114.0,13.795307850646754,1370718.0,0.060000000000000005,1452961.0
3.0,2430.0,2195000.0,114.0,14.601692604491408,1206659.0,0.060000000000000005,1279059.0
3.0,2430.0,1590000.0,114.0,14.279244574196415,1206659.0,0.060000000000000005,1279059.0
3.0,3600.0,1700000.0,114.0,14.346138809026444,1567565.0,0.060000000000000005,1661618.0
3.0,3000.0,1200000.0,104.0,13.997832114758229,1302147.0,0.060000000000000005,1380276.0
3.0,3375.0,2575000.0,119.0,14.761360092079974,1529380.0,0.060000000000000005,1621143.0
3.0,3040.0,1750000.0,19.0,14.375126345899696,849372.0,0.07999999999999999,917322.0
3.0,3300.0,1300000.0,123.0,14.077874822431765,1535133.0,0.060000000000000005,1627240.0
3.0,3300.0,1389000.0,123.0,14.14409462173648,1535133.0,0.060000000000000005,1627240.0
3.0,2700.0,1148000.0,114.0,13.953531855861648,1281768.0,0.060000000000000005,1358674.0
3.0,2565.0,750000.0,114.0,13.527828485512494,1243647.0,0.060000000000000005,1318265.0
3.0,3000.0,1650000.0,123.0,14.316285845876763,1435513.0,0.060000000000000005,1521644.0
3.0,3300.0,1230000.0,114.0,14.0225247273486,1465841.0,0.060000000000000005,1553791.0
3.0,3300.0,1225000.0,123.0,14.018451401960965,1535133.0,0.060000000000000005,1627240.0
3.0,2880.0,1502330.0,109.0,14.222527794231413,1300615.0,0.060000000000000005,1378652.0
3.0,3000.0,1980000.0,109.0,14.498607402670718,1335993.0,0.060000000000000005,1416152.0
3.0,2700.0,1979000.0,114.0,14.498102224584702,1281768.0,0.060000000000000005,1358674.0
3.0,3300.0,1100000.0,125.0,13.9108207377686,1550970.0,0.060000000000000005,1644028.0
3.0,3300.0,1050000.0,109.0,13.864300722133706,1428706.0,0.060000000000000005,1514428.0
3.0,2880.0,1131276.0,123.0,13.938856757157572,1397500.0,0.060000000000000005,1481350.0
3.0,2880.0,1605000.0,123.0,14.288634314546254,1397500.0,0.060000000000000005,1481350.0
3.0,2820.0,1640000.0,17.0,14.310206799800381,800336.0,0.07999999999999999,864363.0
3.0,2360.0,2535000.0,109.0,14.74570419500742,1157821.0,0.060000000000000005,1227291.0
3.0,3000.0,2000000.0,99.0,14.508657738524219,1269160.0,0.060000000000000005,1345309.0
3.0,2850.0,1125000.0,114.0,13.933293593620657,1325497.0,0.060000000000000005,1405027.0
3.0,3618.0,745000.0,19.0,13.521139497361697,966582.0,0.07999999999999999,1043909.0
3.0,2565.0,1025000.0,125.0,13.840203170554645,1315872.0,0.060000000000000005,1394824.0
3.0,3300.0,1120075.0,125.0,13.928906205314984,1550970.0,0.060000000000000005,1644028.0
3.0,3300.0,880000.0,125.0,13.687677186454389,1550970.0,0.060000000000000005,1644028.0
3.0,2565.0,750000.0,125.0,13.527828485512494,1315872.0,0.060000000000000005,1394824.0
3.0,4290.0,1250000.0,19.0,14.038654109278484,1123335.0,0.07999999999999999,1213202.0
3.0,3207.0,447800.0,114.0,13.012101983146792,1435667.0,0.060000000000000005,1521807.0
3.0,1924.0,1635000.0,18.0,14.30715336231349,658375.0,0.06999999999999999,704461.0
3.0,2925.0,2185000.0,123.0,14.597126386511828,1411635.0,0.060000000000000005,1496333.0
3.0,2589.0,1805000.0,114.0,14.406071149749119,1250340.0,0.060000000000000005,1325360.0
3.0,2532.0,1870000.0,114.0,14.44144898883077,1234502.0,0.060000000000000005,1308572.0
6.0,4200.0,945000.0,93.0,13.758940206475879,1160903.0,0.060000000000000005,1230557.0
4.0,3630.0,850000.0,93.0,13.652991628466498,1270673.0,0.060000000000000005,1346914.0
4.0,1980.0,850000.0,93.0,13.652991628466498,878559.0,0.05,922487.0
6.0,4125.0,815000.0,93.0,13.610943392223,1141593.0,0.060000000000000005,1210088.0
6.0,4125.0,850000.0,93.0,13.652991628466498,1141593.0,0.060000000000000005,1210088.0
6.0,4125.0,945000.0,93.0,13.758940206475879,1141593.0,0.060000000000000005,1210088.0
6.0,4500.0,1825000.0,93.0,14.417090544998729,1241465.0,0.060000000000000005,1315953.0
6.0,4650.0,890000.0,93.0,13.698976741708323,1283819.0,0.060000000000000005,1360848.0
8.0,7800.0,1335000.0,93.0,14.104441849816487,2088615.0,0.060000000000000005,2213932.0
6.0,4350.0,945000.0,93.0,13.758940206475879,1200508.0,0.060000000000000005,1272539.0
6.0,4500.0,565208.0,93.0,13.244949083974008,1241465.0,0.060000000000000005,1315953.0
6.0,5250.0,4800000.0,93.0,15.38412647587812,1468186.0,0.060000000000000005,1556278.0
6.0,5250.0,1150000.0,93.0,13.955272500339433,1468186.0,0.060000000000000005,1556278.0
6.0,4500.0,1775000.0,93.0,14.389310980891652,1241465.0,0.060000000000000005,1315953.0
7.0,4800.0,2300000.0,9.0,14.648419680899378,773667.0,0.07999999999999999,835560.0
6.0,4130.0,800000.0,93.0,13.592367006650065,1142870.0,0.060000000000000005,1211442.0
8.0,6278.0,4125000.0,7.0,15.232576577750919,955767.0,0.07999999999999999,1032229.0
4.0,3420.0,1800000.0,93.0,14.403297222866392,1212375.0,0.060000000000000005,1285117.0
6.0,1842.0,1999999.0,103.0,14.508657238524094,721197.0,0.05,757256.0
4.0,3200.0,2050000.0,93.0,14.53335035111459,1154166.0,0.060000000000000005,1223416.0
8.0,5194.0,1600000.0,114.0,14.28551418721001,1298808.0,0.060000000000000005,1376737.0
6.0,5095.0,3617180.0,114.0,15.101205274694616,1579541.0,0.060000000000000005,1674313.0
7.0,8500.0,278670.0,114.0,12.537783565049676,3033571.0,0.060000000000000005,3215585.0
6.0,5250.0,3250000.0,117.0,14.994165554305921,1660627.0,0.060000000000000005,1760265.0
8.0,6176.0,1350000.0,5.0,14.115615150414612,924672.0,0.07999999999999999,998645.0
6.0,3402.0,750000.0,104.0,13.527828485512494,1027551.0,0.060000000000000005,1089205.0
6.0,5486.0,975000.0,110.0,13.790192749979985,1688858.0,0.060000000000000005,1790189.0
4.0,3075.0,1200000.0,110.0,13.997832114758229,1224664.0,0.060000000000000005,1298143.0
6.0,4500.0,1516233.0,118.0,14.23173952730615,1411413.0,0.060000000000000005,1496098.0
6.0,5540.0,384000.0,98.0,12.858397831569864,1607284.0,0.060000000000000005,1703721.0
4.0,3450.0,1200000.0,118.0,13.997832114758229,1387620.0,0.060000000000000005,1470877.0
5.0,3309.0,995000.0,123.0,13.81049801614073,1237139.0,0.060000000000000005,1311367.0
6.0,5250.0,1700000.0,113.0,14.346138809026444,1626886.0,0.060000000000000005,1724499.0
1.0,2276.0,585000.0,74.0,13.279367126213993,1180529.0,0.060000000000000005,1251361.0
1.0,1671.0,660000.0,84.0,13.399995114002609,1085429.0,0.05,1139701.0
1.0,1188.0,610000.0,84.0,13.321214236149494,974290.0,0.05,1023005.0
1.0,1680.0,669500.0,79.0,13.414286444113364,1060063.0,0.05,1113066.0
1.0,864.0,587000.0,79.0,13.282780098810234,883232.0,0.04,918561.0
1.0,992.0,685000.0,84.0,13.437174117244362,932505.0,0.04,969805.0
1.0,1020.0,786000.0,84.0,13.574712071411344,938362.0,0.04,975897.0
1.0,896.0,640000.0,79.0,13.369223455335854,889575.0,0.04,925158.0
1.0,896.0,565000.0,79.0,13.244581010128577,889575.0,0.04,925158.0
1.0,1008.0,568579.0,104.0,13.250895544699556,1037005.0,0.04,1078485.0
1.0,968.0,395000.0,114.0,12.886641043883259,1081891.0,0.04,1125167.0
1.0,848.0,721000.0,94.0,13.488394416267086,950501.0,0.04,988521.0
1.0,848.0,220000.0,94.0,12.301382825334498,950501.0,0.04,988521.0
1.0,1120.0,623000.0,64.0,13.34230179776959,865980.0,0.05,909279.0
1.0,672.0,550000.0,94.0,13.217673557208654,913814.0,0.04,950366.0
1.0,1980.0,675000.0,59.0,13.422467969854667,1023045.0,0.05,1074197.0
1.0,442.0,300000.0,79.0,12.611537753638338,803686.0,0.04,835833.0
1.0,552.0,655000.0,94.0,13.39239051461739,889615.0,0.04,925200.0
1.0,1508.0,760000.0,123.0,13.541073712262515,1278475.0,0.05,1342399.0
1.0,1224.0,571650.0,104.0,13.256282194970115,1088330.0,0.05,1142747.0
1.0,1980.0,745000.0,59.0,13.521139497361697,1023045.0,0.05,1074197.0
1.0,1120.0,600000.0,59.0,13.304684934198283,844041.0,0.05,886244.0
1.0,1120.0,440000.0,59.0,12.994530005894443,844041.0,0.05,886244.0
1.0,2500.0,630000.0,35.0,13.353475098367715,1016040.0,0.060000000000000005,1077002.0
1.0,1260.0,750000.0,94.0,13.527828485512494,1042244.0,0.05,1094356.0
1.0,1400.0,720000.0,89.0,13.487006490992238,1048150.0,0.05,1100558.0
1.0,2052.0,550000.0,59.0,13.217673557208654,1039652.0,0.060000000000000005,1102031.0
1.0,1440.0,675000.0,64.0,13.422467969854667,930227.0,0.05,976738.0
1.0,1134.0,300000.0,89.0,12.611537753638338,987614.0,0.05,1036995.0
1.0,1683.0,690000.0,104.0,13.444446876573442,1205988.0,0.05,1266287.0
1.0,975.0,539000.0,104.0,13.197470849891134,1029380.0,0.04,1070555.0
1.0,1140.0,635000.0,99.0,13.36138027787483,1041017.0,0.05,1093068.0
1.0,1240.0,745000.0,84.0,13.521139497361697,985687.0,0.05,1034971.0
1.0,1097.0,700000.0,84.0,13.458835614025542,954662.0,0.04,992848.0
1.0,1080.0,680000.0,109.0,13.42984807715229,1081230.0,0.04,1124479.0
1.0,1516.0,794000.0,114.0,13.584838740229273,1222955.0,0.05,1284102.0
1.0,1230.0,799000.0,99.0,13.591116224748411,1062184.0,0.05,1115293.0
1.0,1100.0,600000.0,114.0,13.304684934198283,1114306.0,0.04,1158879.0
1.0,630.0,230000.0,99.0,12.345834587905333,928800.0,0.04,965952.0
1.0,1280.0,350000.0,104.0,12.765688433465597,1102047.0,0.05,1157149.0
1.0,1020.0,630000.0,99.0,13.353475098367715,1013450.0,0.04,1053988.0
1.0,1148.0,969000.0,104.0,13.784019890872903,1069988.0,0.05,1123488.0
1.0,1176.0,440000.0,94.0,12.994530005894443,1022847.0,0.05,1073989.0
1.0,1176.0,731000.0,94.0,13.502168738731916,1022847.0,0.05,1073989.0
1.0,704.0,447098.0,94.0,13.010533088939868,920377.0,0.04,957192.0
1.0,1156.0,749000.0,109.0,13.526494262499357,1099765.0,0.05,1154753.0
1.0,1782.0,682500.0,64.0,13.433517806041252,1004170.0,0.05,1054378.0
1.0,1224.0,605000.0,64.0,13.312983737012978,886358.0,0.05,930676.0
1.0,1224.0,699000.0,64.0,13.457406021215947,886358.0,0.05,930676.0
1.0,952.0,400000.0,114.0,12.89921982609012,1078027.0,0.04,1121148.0
1.0,1600.0,725000.0,59.0,13.493926933836812,939692.0,0.05,986677.0
1.0,1260.0,546000.0,104.0,13.210374254727043,1097128.0,0.05,1151985.0
1.0,680.0,390000.0,79.0,12.873902018105829,847623.0,0.04,881528.0
1.0,1599.0,726477.0,22.0,13.495962102854028,777004.0,0.06999999999999999,831394.0
1.0,816.0,558000.0,104.0,13.232114241363448,993418.0,0.04,1033155.0
1.0,816.0,256400.0,104.0,12.454494004028652,993418.0,0.04,1033155.0
1.0,2310.0,800000.0,59.0,13.592367006650065,1101406.0,0.060000000000000005,1167490.0
1.0,2040.0,639000.0,64.0,13.367659733359671,1063816.0,0.060000000000000005,1127645.0
1.0,589.0,407000.0,104.0,12.916568464424731,944243.0,0.04,982013.0
1.0,589.0,503699.0,104.0,13.129734146423056,944243.0,0.04,982013.0
1.0,720.0,309000.0,104.0,12.641096555879882,972317.0,0.04,1011209.0
1.0,1080.0,585000.0,69.0,13.279367126213993,880575.0,0.04,915798.0
1.0,968.0,590000.0,69.0,13.287877815881902,858792.0,0.04,893144.0
1.0,1080.0,370000.0,69.0,12.821258284620408,880575.0,0.04,915798.0
1.0,1080.0,639000.0,69.0,13.367659733359671,880575.0,0.04,915798.0
1.0,1080.0,607025.0,64.0,13.316325255354958,858267.0,0.04,892598.0
1.0,1080.0,585000.0,64.0,13.279367126213993,858267.0,0.04,892598.0
1.0,2044.0,730000.0,59.0,13.500799813124575,1037793.0,0.060000000000000005,1100061.0
1.0,1840.0,790000.0,59.0,13.579788224443204,991509.0,0.05,1041084.0
1.0,1400.0,757500.0,104.0,13.53777881636566,1132024.0,0.05,1188625.0
1.0,968.0,750000.0,64.0,13.527828485512494,837036.0,0.04,870517.0
1.0,968.0,450000.0,64.0,13.017002861746503,837036.0,0.04,870517.0
1.0,1200.0,700000.0,99.0,13.458835614025542,1055081.0,0.05,1107835.0
1.0,768.0,619000.0,79.0,13.335860551666734,864471.0,0.04,899049.0
1.0,1820.0,841000.0,84.0,13.642346938955086,1122209.0,0.05,1178320.0
1.0,1344.0,620000.0,114.0,13.337474757021274,1176804.0,0.05,1235644.0
1.0,960.0,650000.0,99.0,13.38472764187182,999942.0,0.04,1039940.0
1.0,1440.0,600000.0,64.0,13.304684934198283,930227.0,0.05,976738.0
1.0,1872.0,610000.0,64.0,13.321214236149494,1024587.0,0.05,1075816.0
1.0,1368.0,710000.0,64.0,13.473020249017498,915368.0,0.05,961136.0
1.0,1216.0,695000.0,59.0,13.45166712454693,862359.0,0.05,905477.0
2.0,2275.0,965000.0,79.0,13.779883380321124,1085982.0,0.060000000000000005,1151141.0
2.0,2275.0,582500.0,79.0,13.275084464421992,1085982.0,0.060000000000000005,1151141.0
2.0,1727.0,700000.0,79.0,13.458835614025542,960718.0,0.05,1008754.0
2.0,2263.0,849000.0,94.0,13.651814465293484,1169739.0,0.060000000000000005,1239924.0
2.0,1822.0,590000.0,89.0,13.287877815881902,1033026.0,0.05,1084677.0
2.0,1848.0,445000.0,79.0,13.005829561148378,987072.0,0.05,1036425.0
2.0,1392.0,437000.0,74.0,12.987688474077727,868788.0,0.05,912228.0
2.0,2180.0,730000.0,69.0,13.500799813124575,1009968.0,0.060000000000000005,1070566.0
2.0,2980.0,750000.0,64.0,13.527828485512494,1177245.0,0.060000000000000005,1247880.0
2.0,2256.0,850000.0,64.0,13.652991628466498,1001257.0,0.060000000000000005,1061332.0
2.0,3430.0,725000.0,59.0,13.493926933836812,1268910.0,0.060000000000000005,1345045.0
2.0,1800.0,225908.0,59.0,12.327883115728993,881273.0,0.05,925337.0
2.0,2859.0,895000.0,59.0,13.704578997256993,1116787.0,0.060000000000000005,1183794.0
2.0,2156.0,604000.0,64.0,13.311329476916953,979112.0,0.060000000000000005,1037859.0
2.0,2052.0,1100000.0,64.0,13.9108207377686,956602.0,0.060000000000000005,1013998.0
2.0,1344.0,810000.0,104.0,13.604789526648622,1002572.0,0.05,1052700.0
2.0,3300.0,950000.0,18.0,13.764217263576723,998674.0,0.07999999999999999,1078568.0
2.0,1680.0,700000.0,64.0,13.458835614025542,880236.0,0.05,924248.0
2.0,2214.0,899000.0,64.0,13.709038313453757,991896.0,0.060000000000000005,1051409.0
2.0,2214.0,675000.0,64.0,13.422467969854667,991896.0,0.060000000000000005,1051409.0
2.0,2214.0,662500.0,64.0,13.403775836842515,991896.0,0.060000000000000005,1051409.0
2.0,2109.0,1150000.0,64.0,13.955272500339433,968874.0,0.060000000000000005,1027007.0
2.0,2016.0,967338.0,64.0,13.782303248005656,948931.0,0.060000000000000005,1005866.0
2.0,1800.0,680000.0,104.0,13.42984807715229,1110213.0,0.05,1165723.0
2.0,2760.0,348333.0,49.0,12.760914197774682,1037687.0,0.060000000000000005,1099949.0
2.0,2760.0,1175000.0,49.0,13.976778705560397,1037687.0,0.060000000000000005,1099949.0
2.0,2166.0,717000.0,59.0,13.482831119581757,956445.0,0.060000000000000005,1013831.0
2.0,1152.0,745000.0,104.0,13.521139497361697,960432.0,0.05,1008454.0
2.0,1656.0,905000.0,94.0,13.715690222682063,1021249.0,0.05,1072312.0
2.0,2838.0,990000.0,59.0,13.805460222110773,1111554.0,0.060000000000000005,1178247.0
2.0,2760.0,800000.0,59.0,13.592367006650065,1092332.0,0.060000000000000005,1157871.0
2.0,3692.0,731863.0,64.0,13.50334861695717,1380456.0,0.060000000000000005,1463284.0
2.0,3160.0,999000.0,24.0,13.81451005763069,998156.0,0.07999999999999999,1078008.0
2.0,2920.0,915000.0,24.0,13.726679344257658,945992.0,0.07999999999999999,1021671.0
2.0,2340.0,520000.0,64.0,13.16158409055761,1020244.0,0.060000000000000005,1081459.0
2.0,1802.0,855000.0,69.0,13.658856747918897,928096.0,0.05,974501.0
2.0,1892.0,875000.0,74.0,13.681979165339751,971580.0,0.05,1020159.0
2.0,1760.0,830000.0,104.0,13.62918097977278,1100325.0,0.05,1155341.0
2.0,1760.0,702000.0,104.0,13.461688683007948,1100325.0,0.05,1155341.0
2.0,2800.0,735601.0,64.0,13.508443131145855,1130794.0,0.060000000000000005,1198642.0
2.0,2500.0,912000.0,59.0,13.723395269056468,1030626.0,0.060000000000000005,1092463.0
2.0,2058.0,800000.0,69.0,13.592367006650065,982783.0,0.060000000000000005,1041750.0
2.0,2058.0,600000.0,69.0,13.304684934198283,982783.0,0.060000000000000005,1041750.0
2.0,2058.0,770000.0,69.0,13.554145793829866,982783.0,0.060000000000000005,1041750.0
2.0,2160.0,825000.0,64.0,13.623138665316818,979989.0,0.060000000000000005,1038788.0
2.0,1956.0,655000.0,69.0,13.39239051461739,960618.0,0.05,1008649.0
2.0,1740.0,750000.0,69.0,13.527828485512494,915316.0,0.05,961081.0
2.0,896.0,710000.0,99.0,13.473020249017498,884011.0,0.04,919371.0
2.0,1060.0,650000.0,99.0,13.38472764187182,917037.0,0.04,953718.0
2.0,1610.0,700000.0,69.0,13.458835614025542,889087.0,0.05,933541.0
2.0,2412.0,300000.0,64.0,12.611537753638338,1036806.0,0.060000000000000005,1099014.0
2.0,1610.0,879000.0,69.0,13.686540176667314,889087.0,0.05,933541.0
2.0,1610.0,450100.0,69.0,13.017225059281024,889087.0,0.05,933541.0
2.0,1610.0,723937.0,69.0,13.492459651007106,889087.0,0.05,933541.0
2.0,2760.0,1100000.0,64.0,13.9108207377686,1120723.0,0.060000000000000005,1187967.0
2.0,2760.0,1040000.0,64.0,13.854731271117556,1120723.0,0.060000000000000005,1187967.0
2.0,2000.0,551000.0,74.0,13.219490088135052,995333.0,0.05,1045099.0
2.0,2275.0,875000.0,64.0,13.681979165339751,1005520.0,0.060000000000000005,1065852.0
2.0,2500.0,430000.0,74.0,12.971540487669746,1113096.0,0.060000000000000005,1179882.0
2.0,1889.0,356250.0,84.0,12.783388010564998,1022056.0,0.05,1073159.0
2.0,3019.0,746000.0,64.0,13.522480879185897,1187558.0,0.060000000000000005,1258811.0
2.0,2310.0,900000.0,94.0,13.710150042306449,1182100.0,0.060000000000000005,1253026.0
2.0,1908.0,975000.0,64.0,13.790192749979985,926285.0,0.05,972599.0
2.0,1536.0,785000.0,104.0,13.573438996764546,1046560.0,0.05,1098888.0
2.0,2000.0,456300.0,104.0,13.030905766915494,1160999.0,0.05,1219049.0
2.0,2088.0,1200000.0,99.0,13.997832114758229,1154079.0,0.060000000000000005,1223323.0
2.0,2140.0,899000.0,25.0,13.709038313453757,798648.0,0.060000000000000005,846567.0
2.0,1872.0,804647.0,94.0,13.598158950910603,1071795.0,0.05,1125384.0
2.0,1920.0,920000.0,19.0,13.732128949025222,737250.0,0.06999999999999999,788857.0
2.0,2000.0,700000.0,84.0,13.458835614025542,1047746.0,0.05,1100134.0
2.0,1540.0,707500.0,69.0,13.46949290849953,875276.0,0.05,919040.0
2.0,1584.0,860000.0,104.0,13.664687668229691,1057856.0,0.05,1110748.0
2.0,1188.0,535000.0,125.0,13.190022025878143,1078370.0,0.05,1132289.0
2.0,1310.0,890000.0,109.0,13.698976741708323,1020838.0,0.05,1071880.0
2.0,1560.0,780000.0,64.0,13.567049198665774,856927.0,0.05,899773.0
2.0,1560.0,465426.0,69.0,13.050708394211673,879200.0,0.05,923160.0
2.0,2160.0,600000.0,64.0,13.304684934198283,979989.0,0.060000000000000005,1038788.0
2.0,1596.0,885000.0,69.0,13.693342923990066,886307.0,0.05,930623.0
2.0,1596.0,223000.0,69.0,12.314927050442256,886307.0,0.05,930623.0
2.0,1600.0,299486.0,94.0,12.60982295087079,1008539.0,0.05,1058966.0
2.0,1600.0,870000.0,94.0,13.676248490630767,1008539.0,0.05,1058966.0
2.0,1560.0,578500.0,64.0,13.26819382561587,856927.0,0.05,899773.0
2.0,2990.0,984300.0,64.0,13.799686007617304,1179881.0,0.060000000000000005,1250674.0
2.0,2240.0,895000.0,64.0,13.704578997256993,997680.0,0.060000000000000005,1057541.0
2.0,1560.0,984000.0,64.0,13.799381176034391,856927.0,0.05,899773.0
2.0,2235.0,525000.0,64.0,13.17115354157376,996565.0,0.060000000000000005,1056359.0
2.0,2235.0,916057.0,64.0,13.727833868794479,996565.0,0.060000000000000005,1056359.0
2.0,2235.0,722755.0,64.0,13.490825577876109,996565.0,0.060000000000000005,1056359.0
2.0,1835.0,550000.0,69.0,13.217673557208654,934971.0,0.05,981719.0
2.0,2272.0,850000.0,69.0,13.652991628466498,1030964.0,0.060000000000000005,1092822.0
2.0,2272.0,845148.0,69.0,13.647267038931696,1030964.0,0.060000000000000005,1092822.0
2.0,2174.0,736221.0,64.0,13.509285624377608,983062.0,0.060000000000000005,1042046.0
2.0,1635.0,750000.0,69.0,13.527828485512494,894072.0,0.05,938775.0
2.0,2563.0,802000.0,64.0,13.594863886848652,1072418.0,0.060000000000000005,1136763.0
2.0,3220.0,900000.0,64.0,13.710150042306449,1242161.0,0.060000000000000005,1316690.0
2.0,2376.0,800000.0,94.0,13.592367006650065,1199678.0,0.060000000000000005,1271658.0
2.0,2750.0,1275000.0,2.0,14.058456736574664,813471.0,0.07999999999999999,878549.0
2.0,2200.0,1020000.0,64.0,13.835313185260453,988795.0,0.060000000000000005,1048123.0
2.0,2200.0,250000.0,54.0,12.429216196844383,939330.0,0.060000000000000005,995690.0
2.0,2224.0,670000.0,104.0,13.415032991367148,1220644.0,0.060000000000000005,1293882.0
2.0,2612.0,950000.0,69.0,13.764217263576723,1112416.0,0.060000000000000005,1179161.0
2.0,1619.0,394800.0,99.0,12.886134586541463,1039159.0,0.05,1091117.0
2.0,2122.0,565000.0,19.0,13.244581010128577,771320.0,0.07999999999999999,833026.0
2.0,1548.0,630000.0,104.0,13.353475098367715,1049373.0,0.05,1101841.0
2.0,1508.0,500000.0,104.0,13.122363377404328,1040027.0,0.05,1092028.0
2.0,1529.0,849000.0,104.0,13.651814465293484,1044923.0,0.05,1097169.0
2.0,1320.0,670000.0,69.0,13.415032991367148,833253.0,0.05,874915.0
2.0,880.0,862000.0,69.0,13.66701054964583,755162.0,0.04,785368.0
2.0,1612.0,715000.0,69.0,13.480037821676145,889484.0,0.05,933959.0
2.0,1612.0,825000.0,69.0,13.623138665316818,889484.0,0.05,933959.0
2.0,2210.0,982000.0,64.0,13.797346587336603,991009.0,0.060000000000000005,1050469.0
2.0,1577.0,700000.0,64.0,13.458835614025542,860191.0,0.05,903200.0
2.0,1585.0,730000.0,64.0,13.500799813124575,861731.0,0.05,904818.0
2.0,2200.0,1070000.0,64.0,13.883169206438088,988795.0,0.060000000000000005,1048123.0
2.0,1312.0,497196.0,104.0,13.116739593534039,995422.0,0.05,1045193.0
2.0,1472.0,968243.0,104.0,13.78323836781304,1031687.0,0.05,1083271.0
2.0,2646.0,995000.0,21.0,13.81049801614073,876169.0,0.07999999999999999,946262.0
2.0,1512.0,490000.0,99.0,13.102160670086809,1014587.0,0.05,1065316.0
2.0,1914.0,970000.0,17.0,13.785051350479566,728743.0,0.06999999999999999,779755.0
2.0,1506.0,749000.0,69.0,13.526494262499357,868646.0,0.05,912078.0
2.0,1428.0,730000.0,79.0,13.500799813124575,898575.0,0.05,943504.0
2.0,1884.0,950000.0,69.0,13.764217263576723,945273.0,0.05,992537.0
2.0,1298.0,550103.0,114.0,13.217860812402579,1044565.0,0.05,1096793.0
2.0,1056.0,400000.0,119.0,12.89921982609012,1015253.0,0.04,1055863.0
2.0,2436.0,900000.0,64.0,13.710150042306449,1042386.0,0.060000000000000005,1104929.0
2.0,1504.0,799000.0,94.0,13.591116224748411,987116.0,0.05,1036472.0
2.0,1560.0,412965.0,94.0,12.931118122589332,999557.0,0.05,1049534.0
2.0,1656.0,777000.0,104.0,13.563195629349785,1075028.0,0.05,1128779.0
2.0,1920.0,840000.0,109.0,13.641157170819497,1170053.0,0.05,1228556.0
2.0,2236.0,1100000.0,22.0,13.9108207377686,803514.0,0.07999999999999999,867796.0
2.0,2997.0,800000.0,114.0,13.592367006650065,1527417.0,0.060000000000000005,1619062.0
2.0,1675.0,465000.0,64.0,13.049792684569493,879252.0,0.05,923215.0
2.0,1760.0,825000.0,64.0,13.623138665316818,896127.0,0.05,940933.0
2.0,1540.0,800000.0,69.0,13.592367006650065,875276.0,0.05,919040.0
2.0,1600.0,850000.0,64.0,13.652991628466498,864627.0,0.05,907858.0
2.0,2380.0,798250.0,64.0,13.590177110577029,1029412.0,0.060000000000000005,1091177.0
2.0,1630.0,919000.0,64.0,13.731041401337825,870448.0,0.05,913970.0
2.0,2520.0,949000.0,59.0,13.763164077592064,1035246.0,0.060000000000000005,1097361.0
2.0,1806.0,900000.0,64.0,13.710150042306449,905394.0,0.05,950663.0
2.0,3120.0,915000.0,64.0,13.726679344257658,1214688.0,0.060000000000000005,1287570.0
2.0,1976.0,598731.0,89.0,13.302567694427148,1069225.0,0.05,1122686.0
2.0,1560.0,750000.0,64.0,13.527828485512494,856927.0,0.05,899773.0
2.0,1560.0,870000.0,64.0,13.676248490630767,856927.0,0.05,899773.0
2.0,1760.0,525000.0,64.0,13.17115354157376,896127.0,0.05,940933.0
2.0,2160.0,950000.0,64.0,13.764217263576723,979989.0,0.060000000000000005,1038788.0
2.0,3400.0,1355000.0,89.0,14.119312012295937,1470215.0,0.060000000000000005,1558427.0
2.0,2735.0,410000.0,64.0,12.92391243868049,1114475.0,0.060000000000000005,1181343.0
3.0,2688.0,1200000.0,104.0,13.997832114758229,1214384.0,0.060000000000000005,1287247.0
3.0,3025.0,863000.0,44.0,13.668169970065565,962412.0,0.060000000000000005,1020157.0
3.0,2280.0,589750.0,84.0,13.287453997269921,1000349.0,0.060000000000000005,1060370.0
3.0,2478.0,750000.0,94.0,13.527828485512494,1100705.0,0.060000000000000005,1166747.0
3.0,3120.0,840000.0,64.0,13.641157170819497,1089341.0,0.060000000000000005,1154702.0
3.0,3430.0,260000.0,59.0,12.468436909997665,1137968.0,0.060000000000000005,1206246.0
3.0,5424.0,1350000.0,27.0,14.115615150414612,1508287.0,0.060000000000000005,1598784.0
3.0,2968.0,1120000.0,64.0,13.928839243271277,1052932.0,0.060000000000000005,1116108.0
3.0,2593.0,999000.0,54.0,13.81451005763069,919791.0,0.060000000000000005,974979.0
3.0,2860.0,1100000.0,59.0,13.9108207377686,1001767.0,0.060000000000000005,1061873.0
3.0,3013.0,752487.0,59.0,13.531138999708432,1036638.0,0.060000000000000005,1098837.0
3.0,3013.0,963753.0,59.0,13.778590316695299,1036638.0,0.060000000000000005,1098837.0
3.0,2687.0,884801.0,64.0,13.693118039948484,988797.0,0.060000000000000005,1048125.0
3.0,2843.0,665000.0,64.0,13.407542319637992,1023904.0,0.060000000000000005,1085338.0
3.0,2712.0,1050000.0,64.0,13.864300722133706,994341.0,0.060000000000000005,1054002.0
3.0,2773.0,991000.0,64.0,13.806469813312125,1007999.0,0.060000000000000005,1068479.0
3.0,3067.0,950000.0,64.0,13.764217263576723,1076505.0,0.060000000000000005,1141096.0
3.0,2950.0,450000.0,59.0,13.017002861746503,1022135.0,0.060000000000000005,1083463.0
3.0,3360.0,850000.0,99.0,13.652991628466498,1375570.0,0.060000000000000005,1458104.0
3.0,2140.0,585000.0,104.0,13.279367126213993,1074309.0,0.060000000000000005,1138768.0
3.0,3339.0,585000.0,18.0,13.279367126213993,903464.0,0.07999999999999999,975741.0
3.0,3366.0,1180000.0,18.0,13.981024996441848,908936.0,0.07999999999999999,981651.0
3.0,2080.0,725000.0,59.0,13.493926933836812,841407.0,0.060000000000000005,891891.0
3.0,4028.0,1200000.0,30.0,13.997832114758229,1120929.0,0.060000000000000005,1188185.0
3.0,3366.0,1350000.0,64.0,14.115615150414612,1150953.0,0.060000000000000005,1220011.0
3.0,2208.0,970000.0,94.0,13.785051350479566,1036206.0,0.060000000000000005,1098378.0
3.0,1920.0,992368.0,94.0,13.807849285217426,971568.0,0.05,1020146.0
4.0,3600.0,1030000.0,104.0,13.845069360205818,1335478.0,0.060000000000000005,1415607.0
4.0,3600.0,780000.0,104.0,13.567049198665774,1335478.0,0.060000000000000005,1415607.0
4.0,3564.0,890000.0,104.0,13.698976741708323,1324769.0,0.060000000000000005,1404255.0
5.0,3000.0,630000.0,54.0,13.353475098367715,810250.0,0.060000000000000005,858865.0
4.0,3000.0,1100000.0,104.0,13.9108207377686,1167776.0,0.060000000000000005,1237842.0
1.0,2400.0,4000000.0,125.0,15.201804919084164,1576845.0,0.060000000000000005,1671456.0
1.0,3700.0,7500000.0,124.0,15.830413578506539,2098108.0,0.060000000000000005,2223995.0
1.0,3920.0,4575000.0,123.0,15.33611725669176,2192641.0,0.060000000000000005,2324199.0
1.0,2040.0,2151000.0,123.0,14.581443408249868,1440008.0,0.060000000000000005,1526409.0
1.0,3915.0,7200000.0,125.0,15.789591583986283,2212786.0,0.060000000000000005,2345553.0
1.0,3750.0,7250000.0,123.0,15.796512026830857,2110841.0,0.060000000000000005,2237491.0
1.0,4976.0,11250000.0,104.0,16.235878686614704,2518771.0,0.060000000000000005,2669897.0
1.0,4012.0,7350000.0,125.0,15.81021087118902,2261314.0,0.060000000000000005,2396993.0
1.0,2025.0,2999999.0,125.0,14.914122513298995,1449992.0,0.060000000000000005,1536992.0
1.0,2700.0,5500000.0,125.0,15.520258650202699,1686272.0,0.060000000000000005,1787449.0
1.0,5000.0,7400000.0,104.0,15.816990558174398,2532327.0,0.060000000000000005,2684266.0
2.0,3761.0,6600000.0,124.0,15.702580206996654,1907445.0,0.060000000000000005,2021891.0
2.0,3400.0,3750000.0,125.0,15.137266397946593,1768549.0,0.060000000000000005,1874662.0
2.0,4498.0,4720000.0,64.0,15.367319357561739,1653136.0,0.060000000000000005,1752324.0
2.0,3068.0,2400000.0,123.0,14.690979295318174,1625222.0,0.060000000000000005,1722736.0
2.0,4000.0,5100000.0,125.0,15.444751097694555,2022528.0,0.060000000000000005,2143880.0
2.0,2025.0,2615000.0,123.0,14.77677465548116,1287085.0,0.060000000000000005,1364310.0
2.0,3120.0,5250000.0,123.0,15.473738634567807,1644233.0,0.060000000000000005,1742887.0
2.0,3000.0,3830000.0,104.0,15.158375361156828,1451981.0,0.060000000000000005,1539100.0
2.0,2280.0,3100000.0,123.0,14.946912669455374,1362621.0,0.060000000000000005,1444378.0
2.0,2477.0,3750000.0,125.0,15.137266397946593,1438690.0,0.060000000000000005,1525011.0
3.0,3144.0,2500000.0,125.0,14.73180128983843,1497791.0,0.060000000000000005,1587659.0
3.0,4200.0,4650000.0,94.0,15.35237777756354,1617808.0,0.060000000000000005,1714877.0
3.0,3360.0,3300000.0,125.0,15.009433026436708,1571923.0,0.060000000000000005,1666238.0
3.0,2590.0,2700000.0,125.0,14.808762330974558,1323250.0,0.060000000000000005,1402645.0
3.0,2700.0,2875000.0,125.0,14.871563232213587,1356207.0,0.060000000000000005,1437580.0
3.0,2520.0,2500000.0,125.0,14.73180128983843,1302695.0,0.060000000000000005,1380857.0
3.0,2052.0,2450000.0,123.0,14.71159858252091,1161259.0,0.060000000000000005,1230934.0
3.0,3425.0,5100000.0,104.0,15.444751097694555,1431990.0,0.060000000000000005,1517909.0
3.0,2142.0,2800000.0,123.0,14.845129975145433,1184870.0,0.060000000000000005,1255962.0
3.0,2720.0,1800000.0,114.0,14.403297222866392,1287514.0,0.060000000000000005,1364765.0
3.0,3800.0,3950000.0,123.0,15.189226136877304,1716763.0,0.060000000000000005,1819769.0
3.0,3040.0,2850000.0,125.0,14.862829552244833,1463356.0,0.060000000000000005,1551157.0
3.0,3800.0,3100000.0,125.0,14.946912669455374,1734475.0,0.060000000000000005,1838543.0
3.0,2928.0,2625000.0,125.0,14.780591454007862,1427156.0,0.060000000000000005,1512785.0
3.0,2928.0,3100000.0,125.0,14.946912669455374,1427156.0,0.060000000000000005,1512785.0
3.0,3094.0,4275000.0,125.0,15.268294660352998,1481136.0,0.060000000000000005,1570004.0
3.0,2400.0,2930000.0,125.0,14.89051298099325,1268199.0,0.060000000000000005,1344291.0
3.0,3240.0,2450000.0,123.0,14.71159858252091,1514670.0,0.060000000000000005,1605551.0
8.0,4500.0,1550000.0,93.0,14.253765488895429,998465.0,0.060000000000000005,1058373.0
4.0,6492.0,5000000.0,124.0,15.424948470398375,2825592.0,0.060000000000000005,2995128.0
4.0,2400.0,2975000.0,124.0,14.905754596961867,1131508.0,0.060000000000000005,1199399.0
4.0,3360.0,4500000.0,93.0,15.319587954740548,1196215.0,0.060000000000000005,1267987.0
4.0,2781.0,2785000.0,124.0,14.83975843134352,1232151.0,0.060000000000000005,1306080.0
4.0,2400.0,3200000.0,124.0,14.978661367769956,1131508.0,0.060000000000000005,1199399.0
4.0,2464.0,2999000.0,124.0,14.913789457731147,1147821.0,0.060000000000000005,1216690.0
4.0,3952.0,4950000.0,124.0,15.414898134544874,1601039.0,0.060000000000000005,1697101.0
6.0,5620.0,4550000.0,114.0,15.330637790927133,1776330.0,0.060000000000000005,1882909.0
4.0,3492.0,3500000.0,94.0,15.068273526459642,1238394.0,0.060000000000000005,1312698.0
4.0,3035.0,3850000.0,124.0,15.163583706263967,1304171.0,0.060000000000000005,1382422.0
6.0,3607.0,1900000.0,124.0,14.457364444136669,1192040.0,0.060000000000000005,1263562.0
4.0,2646.0,3225000.0,124.0,14.98644350821201,1195505.0,0.060000000000000005,1267236.0
8.0,5000.0,615000.0,124.0,13.329377546788654,1309151.0,0.060000000000000005,1387700.0
4.0,3300.0,3400000.0,104.0,15.03928598958639,1248815.0,0.060000000000000005,1323744.0
4.0,4085.0,2695000.0,93.0,14.806908762325234,1406785.0,0.060000000000000005,1491192.0
4.0,3750.0,4750000.0,104.0,15.373655176010823,1381039.0,0.060000000000000005,1463902.0
8.0,6272.0,3400000.0,104.0,15.03928598958639,1570226.0,0.060000000000000005,1664439.0
8.0,8640.0,6900000.0,104.0,15.747031969567487,2666634.0,0.060000000000000005,2826633.0
11.0,8284.0,3759500.0,109.0,15.139796527800218,1822330.0,0.060000000000000005,1931670.0
8.0,5000.0,2700000.0,93.0,14.808762330974558,1116599.0,0.060000000000000005,1183595.0
1.0,2870.0,7000000.0,94.0,15.761420707019587,1493988.0,0.060000000000000005,1583627.0
1.0,2208.0,2100000.0,123.0,14.557447902693651,1495143.0,0.060000000000000005,1584851.0
1.0,3827.0,4850000.0,3.0,15.394489262913666,1160058.0,0.07999999999999999,1252862.0
1.0,2684.0,3300000.0,1.0,15.009433026436708,889209.0,0.07999999999999999,960345.0
1.0,1372.0,1480000.0,125.0,14.207552645740298,1252969.0,0.05,1315618.0
2.0,2410.0,2200000.0,114.0,14.603967918328545,1339500.0,0.060000000000000005,1419870.0
2.0,2420.0,2840000.0,123.0,14.859314610137389,1405961.0,0.060000000000000005,1490318.0
2.0,3200.0,2293980.0,123.0,14.645798858237633,1673916.0,0.060000000000000005,1774351.0
2.0,3360.0,4100000.0,125.0,15.226497531674536,1752799.0,0.060000000000000005,1857966.0
2.0,1638.0,1180000.0,125.0,13.981024996441848,1192548.0,0.05,1252176.0
2.0,3008.0,300000.0,125.0,12.611537753638338,1620103.0,0.060000000000000005,1717309.0
2.0,3600.0,2725000.0,125.0,14.817978986079481,1849452.0,0.060000000000000005,1960419.0
2.0,2640.0,1950000.0,125.0,14.48333993053993,1492104.0,0.060000000000000005,1581630.0
3.0,2100.0,2340000.0,123.0,14.665661487333884,1173792.0,0.060000000000000005,1244219.0
3.0,1980.0,950000.0,123.0,13.764217263576723,1142709.0,0.05,1199844.0
3.0,2580.0,1350000.0,123.0,14.115615150414612,1306812.0,0.060000000000000005,1385220.0
3.0,3200.0,2075000.0,119.0,14.545471711646936,1470679.0,0.060000000000000005,1558919.0
3.0,5400.0,3695000.0,119.0,15.12249111236444,2405479.0,0.060000000000000005,2549808.0
3.0,3328.0,5775000.0,125.0,15.569048814372131,1560713.0,0.060000000000000005,1654356.0
3.0,3748.0,4115000.0,129.0,15.230149392093308,1749977.0,0.060000000000000005,1854976.0
3.0,2400.0,2815000.0,125.0,14.850472819555927,1268199.0,0.060000000000000005,1344291.0
3.0,3360.0,3500000.0,125.0,15.068273526459642,1571923.0,0.060000000000000005,1666238.0
3.0,4032.0,2334300.0,123.0,14.663222618273132,1808191.0,0.060000000000000005,1916682.0
3.0,3096.0,3268000.0,114.0,14.99968873496203,1400466.0,0.060000000000000005,1484494.0
3.0,3040.0,2999990.0,123.0,14.914119513293494,1448413.0,0.060000000000000005,1535318.0
3.0,2520.0,2050000.0,125.0,14.53335035111459,1302695.0,0.060000000000000005,1380857.0
4.0,4520.0,3500000.0,114.0,15.068273526459642,1726964.0,0.060000000000000005,1830582.0
4.0,3195.0,1313910.0,119.0,14.088517982530245,1317442.0,0.060000000000000005,1396488.0
5.0,4300.0,2300000.0,94.0,14.648419680899378,1330572.0,0.060000000000000005,1410406.0
6.0,4200.0,4525000.0,119.0,15.325128135116163,1326613.0,0.060000000000000005,1406210.0
4.0,2631.0,1999999.0,119.0,14.508657238524094,1161317.0,0.060000000000000005,1230996.0
5.0,3950.0,4185000.0,125.0,15.247017261905713,1442566.0,0.060000000000000005,1529120.0
5.0,3956.0,4185000.0,125.0,15.247017261905713,1444503.0,0.060000000000000005,1531173.0
4.0,4200.0,2300000.0,125.0,14.648419680899378,1701056.0,0.060000000000000005,1803120.0
6.0,3540.0,341750.0,124.0,12.741834754586195,1174311.0,0.060000000000000005,1244770.0
7.0,2700.0,2275000.0,124.0,14.637490610367188,872758.0,0.060000000000000005,925124.0
8.0,5834.0,3500000.0,125.0,15.068273526459642,1585712.0,0.060000000000000005,1680854.0
8.0,2531.0,2500000.0,94.0,14.73180128983843,646122.0,0.060000000000000005,684890.0
1.0,4160.0,6400000.0,7.0,15.671808548329901,1275671.0,0.07999999999999999,1377725.0
1.0,5400.0,15000000.0,104.0,16.523560759066484,2769308.0,0.060000000000000005,2935467.0
1.0,1056.0,2400000.0,125.0,14.690979295318174,1167475.0,0.04,1214174.0
1.0,1056.0,3200000.0,125.0,14.978661367769956,1167475.0,0.04,1214174.0
2.0,4582.0,6460000.0,123.0,15.681139875758785,2280164.0,0.060000000000000005,2416973.0
1.0,2880.0,4675000.0,123.0,15.357739720704924,1737614.0,0.060000000000000005,1841871.0
2.0,4800.0,7750000.0,125.0,15.86320340132953,2418787.0,0.060000000000000005,2563915.0
2.0,3440.0,6895000.0,125.0,15.74630706920954,1784442.0,0.060000000000000005,1891508.0
2.0,2488.0,1300562.0,123.0,14.078307036706025,1427506.0,0.060000000000000005,1513156.0
2.0,4860.0,5250000.0,114.0,15.473738634567807,2316908.0,0.060000000000000005,2455922.0
2.0,5934.0,11300000.0,123.0,16.240313283682568,3085207.0,0.060000000000000005,3270320.0
2.0,2172.0,4350000.0,123.0,15.285686403064867,1330103.0,0.060000000000000005,1409909.0
2.0,2405.0,3200000.0,69.0,14.978661367769956,1062091.0,0.060000000000000005,1125816.0
3.0,4000.0,4775000.0,125.0,15.378904531896968,1813818.0,0.060000000000000005,1922647.0
3.0,4800.0,6300000.0,125.0,15.65606019136176,2169187.0,0.060000000000000005,2299338.0
3.0,3264.0,3813000.0,124.0,15.1539268388397,1530657.0,0.060000000000000005,1622497.0
3.0,3960.0,3995000.0,125.0,15.200554137182513,1797664.0,0.060000000000000005,1905524.0
3.0,3822.0,5300000.0,124.0,15.483217378522351,1734107.0,0.060000000000000005,1838154.0
3.0,3360.0,1475000.0,123.0,14.204168547756057,1555871.0,0.060000000000000005,1649223.0
3.0,3360.0,2995000.0,123.0,14.912454789531687,1555871.0,0.060000000000000005,1649223.0
5.0,3510.0,1530000.0,114.0,14.240778293368619,1235612.0,0.060000000000000005,1309749.0
4.0,5000.0,2800000.0,124.0,14.845129975145433,2023919.0,0.060000000000000005,2145354.0
4.0,3840.0,4340000.0,93.0,15.283384906076588,1331775.0,0.060000000000000005,1411682.0
3.0,3200.0,4900000.0,124.0,15.404745763080856,1508905.0,0.060000000000000005,1599439.0
4.0,4224.0,4650000.0,109.0,15.35237777756354,1575394.0,0.060000000000000005,1669918.0
4.0,3000.0,7000000.0,124.0,15.761420707019587,1294003.0,0.060000000000000005,1371643.0
5.0,6000.0,6400000.0,114.0,15.671808548329901,2156420.0,0.060000000000000005,2285805.0
4.0,2646.0,3500000.0,124.0,15.068273526459642,1195505.0,0.060000000000000005,1267236.0
1.0,3102.0,2637268.0,8.0,14.78525409081226,1012057.0,0.07999999999999999,1093022.0
1.0,3102.0,3600000.0,8.0,15.096444403426338,1012057.0,0.07999999999999999,1093022.0
3.0,2100.0,1900000.0,125.0,14.457364444136669,1185902.0,0.060000000000000005,1257056.0
4.0,2880.0,2650000.0,124.0,14.790070197962406,1259736.0,0.060000000000000005,1335321.0
5.0,6053.0,203904.0,4.0,12.225404573829666,1240836.0,0.07999999999999999,1340102.0
1.0,1520.0,660000.0,54.0,13.399995114002609,899646.0,0.05,944628.0
1.0,1520.0,560000.0,44.0,13.235692062711331,854641.0,0.05,897373.0
1.0,1520.0,565000.0,39.0,13.244581010128577,832990.0,0.05,874639.0
1.0,1520.0,655000.0,39.0,13.39239051461739,832990.0,0.05,874639.0
1.0,1520.0,682000.0,39.0,13.432784936825598,832990.0,0.05,874639.0
1.0,1280.0,640000.0,39.0,13.369223455335854,789457.0,0.05,828930.0
1.0,1344.0,678000.0,31.0,13.426902566922532,768625.0,0.05,807056.0
1.0,1344.0,665000.0,35.0,13.407542319637992,784566.0,0.05,823795.0
1.0,1120.0,580000.0,35.0,13.270783382522602,746230.0,0.05,783542.0
1.0,1356.0,294000.0,33.0,12.591335046320818,778642.0,0.05,817574.0
1.0,2022.0,500000.0,104.0,13.122363377404328,1300977.0,0.060000000000000005,1379036.0
1.0,1400.0,680000.0,44.0,13.42984807715229,832009.0,0.05,873609.0
1.0,1854.0,600000.0,25.0,13.304684934198283,835367.0,0.05,877136.0
5.0,3480.0,700000.0,99.0,13.458835614025542,1136414.0,0.060000000000000005,1204599.0
4.0,3160.0,1193500.0,97.0,13.992400724761023,1167612.0,0.060000000000000005,1237668.0
7.0,6800.0,782990.0,97.0,13.570875203499304,1900840.0,0.060000000000000005,2014890.0
4.0,2800.0,1300000.0,123.0,14.077874822431765,1231064.0,0.060000000000000005,1304928.0
4.0,3440.0,810000.0,94.0,13.604789526648622,1224076.0,0.060000000000000005,1297520.0
7.0,6560.0,762385.0,93.0,13.544206956417142,1764897.0,0.060000000000000005,1870791.0
7.0,6800.0,813898.0,94.0,13.609590330007777,1871799.0,0.060000000000000005,1984106.0
7.0,6800.0,721175.0,94.0,13.488637105262331,1871799.0,0.060000000000000005,1984106.0
7.0,6800.0,721175.0,94.0,13.488637105262331,1871799.0,0.060000000000000005,1984106.0
14.0,13253.0,3500000.0,94.0,15.068273526459642,3697657.0,0.060000000000000005,3919517.0
7.0,6880.0,844085.0,94.0,13.646008479407566,1905590.0,0.060000000000000005,2019925.0
1.0,1414.0,1950000.0,94.0,14.48333993053993,1078766.0,0.05,1132705.0
2.0,3564.0,1852592.0,104.0,14.432096297537315,1647182.0,0.060000000000000005,1746013.0
1.0,704.0,925000.0,125.0,13.737549016494562,1079092.0,0.04,1122255.0
1.0,2537.0,2300000.0,125.0,14.648419680899378,1625907.0,0.060000000000000005,1723461.0
1.0,2288.0,2050000.0,109.0,14.53335035111459,1416609.0,0.060000000000000005,1501605.0
1.0,3645.0,450893.0,125.0,13.018985339782127,2083121.0,0.060000000000000005,2208109.0
1.0,2540.0,1859500.0,125.0,14.435818192347261,1626998.0,0.060000000000000005,1724618.0
1.0,2885.0,1257000.0,114.0,14.044238487572384,1661039.0,0.060000000000000005,1760701.0
1.0,2615.0,2100000.0,114.0,14.557447902693651,1563706.0,0.060000000000000005,1657528.0
1.0,2220.0,2425000.0,123.0,14.70134208235372,1499161.0,0.060000000000000005,1589110.0
1.0,1440.0,2225000.0,114.0,14.615267473582477,1202343.0,0.05,1262461.0
1.0,1840.0,2244383.0,94.0,14.623941208422854,1186600.0,0.05,1245930.0
1.0,3172.0,2800000.0,123.0,14.845129975145433,1854876.0,0.060000000000000005,1966169.0
1.0,2400.0,2225000.0,114.0,14.615267473582477,1490295.0,0.060000000000000005,1579713.0
1.0,2328.0,925000.0,114.0,13.737549016494562,1466490.0,0.060000000000000005,1554479.0
1.0,3696.0,1980000.0,119.0,14.498607402670718,2043127.0,0.060000000000000005,2165715.0
1.0,2250.0,1600000.0,119.0,14.28551418721001,1478587.0,0.060000000000000005,1567302.0
1.0,1960.0,770000.0,99.0,13.554145793829866,1250558.0,0.05,1313086.0
1.0,1960.0,770000.0,99.0,13.554145793829866,1250558.0,0.05,1313086.0
1.0,1960.0,770700.0,99.0,13.555054471766084,1250558.0,0.05,1313086.0
1.0,1425.0,1195000.0,99.0,13.993656743347747,1109532.0,0.05,1165008.0
1.0,1462.0,1350000.0,99.0,14.115615150414612,1118751.0,0.05,1174689.0
1.0,1425.0,715000.0,99.0,13.480037821676145,1109532.0,0.05,1165008.0
1.0,1425.0,1345000.0,99.0,14.111904571018076,1109532.0,0.05,1165008.0
1.0,1740.0,1120000.0,104.0,13.928839243271277,1221460.0,0.05,1282533.0
1.0,1600.0,625000.0,104.0,13.345506928718539,1183808.0,0.05,1242998.0
1.0,1020.0,1270000.0,104.0,14.054527458434775,1039792.0,0.04,1081384.0
1.0,2242.0,1940000.0,123.0,14.47819853103951,1506555.0,0.060000000000000005,1596949.0
1.0,2242.0,2214694.0,123.0,14.610624802933724,1506555.0,0.060000000000000005,1596949.0
1.0,1882.0,1475000.0,109.0,14.204168547756057,1293646.0,0.05,1358329.0
1.0,1664.0,1450000.0,114.0,14.187074114396758,1264112.0,0.05,1327317.0
2.0,1890.0,1500000.0,104.0,14.22097566607244,1132786.0,0.05,1189425.0
2.0,4004.0,2400000.0,114.0,14.690979295318174,1913226.0,0.060000000000000005,2028020.0
2.0,1824.0,2900000.0,125.0,14.880221294956703,1243203.0,0.05,1305363.0
2.0,2240.0,1680000.0,114.0,14.334304351379442,1289528.0,0.060000000000000005,1366900.0
2.0,1400.0,1985000.0,94.0,14.501129472103427,964421.0,0.05,1012642.0
2.0,4518.0,3300000.0,125.0,15.009433026436708,2270949.0,0.060000000000000005,2407206.0
2.0,2880.0,2450000.0,125.0,14.71159858252091,1574382.0,0.060000000000000005,1668845.0
2.0,3040.0,2700000.0,125.0,14.808762330974558,1631739.0,0.060000000000000005,1729643.0
2.0,2844.0,1310000.0,114.0,14.085537695177335,1476035.0,0.060000000000000005,1564597.0
2.0,2844.0,2500000.0,114.0,14.73180128983843,1476035.0,0.060000000000000005,1564597.0
2.0,3800.0,1800000.0,125.0,14.403297222866392,1934055.0,0.060000000000000005,2050098.0
2.0,2592.0,1190000.0,125.0,13.989463865087712,1476172.0,0.060000000000000005,1564742.0
2.0,2172.0,2125000.0,125.0,14.569282360340654,1343825.0,0.060000000000000005,1424455.0
2.0,2630.0,2100000.0,123.0,14.557447902693651,1473568.0,0.060000000000000005,1561982.0
2.0,3344.0,1350000.0,123.0,14.115615150414612,1728703.0,0.060000000000000005,1832425.0
2.0,3300.0,2162000.0,123.0,14.586544277181291,1711775.0,0.060000000000000005,1814482.0
2.0,1440.0,1300000.0,123.0,14.077874822431765,1129241.0,0.05,1185704.0
2.0,2265.0,1600000.0,99.0,14.28551418721001,1200680.0,0.060000000000000005,1272721.0
2.0,3664.0,1650000.0,125.0,14.316285845876763,1876114.0,0.060000000000000005,1988681.0
2.0,3904.0,2650000.0,119.0,14.790070197962406,1919541.0,0.060000000000000005,2034714.0
2.0,3192.0,1550000.0,114.0,14.253765488895429,1595503.0,0.060000000000000005,1691233.0
2.0,3280.0,1350000.0,123.0,14.115615150414612,1704135.0,0.060000000000000005,1806384.0
2.0,3280.0,1800000.0,123.0,14.403297222866392,1704135.0,0.060000000000000005,1806384.0
2.0,3056.0,1070000.0,99.0,13.883169206438088,1433033.0,0.060000000000000005,1519015.0
2.0,3324.0,3605000.0,123.0,15.097832328701186,1720988.0,0.060000000000000005,1824247.0
2.0,4166.0,1800000.0,125.0,14.403297222866392,2099027.0,0.060000000000000005,2224968.0
2.0,2538.0,2280000.0,125.0,14.639686000930624,1458452.0,0.060000000000000005,1545959.0
2.0,2700.0,1150000.0,125.0,13.955272500339433,1512261.0,0.060000000000000005,1602997.0
2.0,1852.0,1490000.0,114.0,14.214286677921642,1182347.0,0.05,1241464.0
2.0,3320.0,1825000.0,109.0,14.417090544998729,1600244.0,0.060000000000000005,1696259.0
2.0,2136.0,1610000.0,125.0,14.291744736960645,1333049.0,0.060000000000000005,1413032.0
2.0,2520.0,1193124.0,125.0,13.99208563532665,1452592.0,0.060000000000000005,1539748.0
2.0,1920.0,825000.0,125.0,13.623138665316818,1270183.0,0.05,1333692.0
2.0,1920.0,1465000.0,125.0,14.197365800433305,1270183.0,0.05,1333692.0
2.0,1920.0,1000000.0,125.0,13.815510557964274,1270183.0,0.05,1333692.0
2.0,2484.0,1825000.0,114.0,14.417090544998729,1361853.0,0.060000000000000005,1443565.0
2.0,2574.0,1650000.0,125.0,14.316285845876763,1470241.0,0.060000000000000005,1558456.0
2.0,2960.0,1600000.0,114.0,14.28551418721001,1514829.0,0.060000000000000005,1605719.0
2.0,2628.0,1800000.0,114.0,14.403297222866392,1406426.0,0.060000000000000005,1490812.0
2.0,2661.0,1920000.0,114.0,14.467835744003965,1416844.0,0.060000000000000005,1501855.0
2.0,3294.0,2260000.0,119.0,14.630875371248468,1674745.0,0.060000000000000005,1775230.0
2.0,2448.0,1100000.0,109.0,13.9108207377686,1316709.0,0.060000000000000005,1395711.0
2.0,2364.0,1290000.0,109.0,14.070152776337855,1292203.0,0.060000000000000005,1369736.0
2.0,2748.0,1350000.0,114.0,14.115615150414612,1444682.0,0.060000000000000005,1531363.0
2.0,2128.0,1510000.0,114.0,14.227620208791107,1257629.0,0.060000000000000005,1333086.0
2.0,2128.0,200000.0,114.0,12.206072645530174,1257629.0,0.060000000000000005,1333086.0
2.0,3072.0,1950000.0,119.0,14.48333993053993,1593625.0,0.060000000000000005,1689242.0
2.0,3135.0,2105000.0,125.0,14.55982602509862,1666779.0,0.060000000000000005,1766786.0
2.0,2108.0,1650000.0,94.0,14.316285845876763,1129884.0,0.060000000000000005,1197678.0
2.0,2496.0,750000.0,104.0,13.527828485512494,1297203.0,0.060000000000000005,1375035.0
2.0,4176.0,2200000.0,114.0,14.603967918328545,1988257.0,0.060000000000000005,2107553.0
2.0,3156.0,1975000.0,123.0,14.496078956317358,1657525.0,0.060000000000000005,1756977.0
2.0,3744.0,2250000.0,119.0,14.626440774180603,1852067.0,0.060000000000000005,1963191.0
2.0,2920.0,2000000.0,114.0,14.508657738524219,1501338.0,0.060000000000000005,1591419.0
2.0,2320.0,1850000.0,99.0,14.430696197054507,1215540.0,0.060000000000000005,1288473.0
2.0,2400.0,999999.0,99.0,13.815509557963773,1237484.0,0.060000000000000005,1311733.0
2.0,2480.0,1360000.0,99.0,14.122995257712235,1259824.0,0.060000000000000005,1335414.0
2.0,2480.0,1400000.0,99.0,14.151982794585487,1259824.0,0.060000000000000005,1335414.0
2.0,2320.0,1410000.0,99.0,14.15910026235435,1215540.0,0.060000000000000005,1288473.0
2.0,2424.0,1350000.0,104.0,14.115615150414612,1276482.0,0.060000000000000005,1353071.0
2.0,2922.0,2300000.0,104.0,14.648419680899378,1426872.0,0.060000000000000005,1512484.0
2.0,2720.0,2250000.0,104.0,14.626440774180603,1363845.0,0.060000000000000005,1445675.0
2.0,3666.0,900000.0,114.0,13.710150042306449,1773931.0,0.060000000000000005,1880367.0
2.0,2664.0,1362700.0,114.0,14.124978583737912,1417795.0,0.060000000000000005,1502863.0
2.0,1043.0,534581.0,119.0,13.189238541464277,1012305.0,0.04,1052797.0
2.0,1160.0,432600.0,119.0,12.977568792501096,1039144.0,0.05,1091101.0
2.0,1308.0,720000.0,114.0,13.487006490992238,1046904.0,0.05,1099249.0
2.0,1120.0,346750.0,104.0,12.756359338177077,953583.0,0.05,1001262.0
2.0,1458.0,415000.0,104.0,12.936033799212835,1028462.0,0.05,1079885.0
2.0,3185.0,1150000.0,20.0,13.955272500339433,983358.0,0.07999999999999999,1062026.0
2.0,1568.0,869424.0,114.0,13.675586202400808,1109584.0,0.05,1165063.0
2.0,1764.0,495000.0,114.0,13.112313041550827,1159304.0,0.05,1217270.0
2.0,1500.0,866800.0,114.0,13.67256354864434,1092837.0,0.05,1147479.0
2.0,2040.0,1500000.0,104.0,14.22097566607244,1171432.0,0.060000000000000005,1241718.0
2.0,2160.0,310000.0,114.0,12.644327576461329,1266661.0,0.060000000000000005,1342661.0
2.0,1859.0,1139000.0,114.0,13.945661242429319,1184199.0,0.05,1243409.0
2.0,1859.0,995500.0,114.0,13.811000402486387,1184199.0,0.05,1243409.0
2.0,2160.0,1365000.0,123.0,14.126664986601197,1326538.0,0.060000000000000005,1406130.0
2.0,2160.0,1364739.0,123.0,14.126473759527256,1326538.0,0.060000000000000005,1406130.0
2.0,3135.0,840000.0,114.0,13.641157170819497,1575293.0,0.060000000000000005,1669810.0
2.0,3168.0,1650000.0,123.0,14.316285845876763,1661979.0,0.060000000000000005,1761698.0
2.0,2465.0,1650000.0,125.0,14.316285845876763,1434834.0,0.060000000000000005,1520924.0
2.0,2208.0,1200000.0,114.0,13.997832114758229,1280332.0,0.060000000000000005,1357152.0
2.0,2280.0,999000.0,104.0,13.81451005763069,1236027.0,0.060000000000000005,1310189.0
2.0,2208.0,920000.0,114.0,13.732128949025222,1280332.0,0.060000000000000005,1357152.0
2.0,2896.0,1950000.0,94.0,14.48333993053993,1347633.0,0.060000000000000005,1428491.0
2.0,3312.0,1550000.0,123.0,14.253765488895429,1716375.0,0.060000000000000005,1819358.0
2.0,2296.0,1085000.0,123.0,13.897090544956697,1367506.0,0.060000000000000005,1449556.0
2.0,3540.0,1300000.0,123.0,14.077874822431765,1806166.0,0.060000000000000005,1914536.0
2.0,3540.0,1550000.0,123.0,14.253765488895429,1806166.0,0.060000000000000005,1914536.0
2.0,3360.0,1275000.0,123.0,14.058456736574664,1734900.0,0.060000000000000005,1838994.0
2.0,3360.0,1895000.0,123.0,14.454729396498664,1734900.0,0.060000000000000005,1838994.0
2.0,3492.0,883333.0,123.0,13.691457531935734,1786880.0,0.060000000000000005,1894093.0
3.0,2700.0,2225000.0,114.0,14.615267473582477,1281768.0,0.060000000000000005,1358674.0
3.0,2850.0,2250000.0,114.0,14.626440774180603,1325497.0,0.060000000000000005,1405027.0
3.0,2565.0,1750000.0,114.0,14.375126345899696,1243647.0,0.060000000000000005,1318265.0
3.0,4000.0,1980000.0,119.0,14.498607402670718,1758818.0,0.060000000000000005,1864347.0
3.0,3392.0,512499.0,123.0,13.147054038773284,1567046.0,0.060000000000000005,1661069.0
3.0,3117.0,1500000.0,18.0,14.22097566607244,859703.0,0.07999999999999999,928479.0
3.0,3800.0,1320000.0,123.0,14.093142294562554,1716763.0,0.060000000000000005,1819769.0
3.0,3572.0,1575000.0,118.0,14.269765830241871,1590087.0,0.060000000000000005,1685493.0
3.0,2369.0,3100000.0,125.0,14.946912669455374,1259437.0,0.060000000000000005,1335003.0
3.0,2340.0,1300000.0,114.0,14.077874822431765,1182614.0,0.060000000000000005,1253571.0
3.0,3000.0,1350000.0,23.0,14.115615150414612,859267.0,0.07999999999999999,928008.0
3.0,3104.0,2285000.0,123.0,14.641876582310442,1469294.0,0.060000000000000005,1557451.0
3.0,2532.0,975000.0,18.0,13.790192749979985,754272.0,0.07999999999999999,814614.0
3.0,3120.0,905071.0,19.0,13.715768672643458,864706.0,0.07999999999999999,933882.0
3.0,4410.0,1250000.0,20.0,14.038654109278484,1159828.0,0.07999999999999999,1252614.0
3.0,2700.0,855000.0,20.0,13.658856747918897,791231.0,0.07999999999999999,854529.0
18.0,15047.0,2100000.0,11.0,14.557447902693651,2333368.0,0.07999999999999999,2520037.0
3.0,4038.0,957155.0,19.0,13.771720621792571,1061776.0,0.07999999999999999,1146718.0
3.0,3515.0,855000.0,18.0,13.658856747918897,939735.0,0.07999999999999999,1014914.0
3.0,2565.0,1145531.0,125.0,13.951378842927666,1315872.0,0.060000000000000005,1394824.0
3.0,3312.0,1690000.0,123.0,14.340239086899256,1539258.0,0.060000000000000005,1631613.0
6.0,5625.0,1300000.0,93.0,14.077874822431765,1596631.0,0.060000000000000005,1692429.0
4.0,3296.0,2050000.0,93.0,14.53335035111459,1179215.0,0.060000000000000005,1249967.0
8.0,4400.0,1850000.0,94.0,14.430696197054507,981406.0,0.060000000000000005,1040291.0
20.0,14984.0,425000.0,93.0,12.959844447906553,2818534.0,0.060000000000000005,2987646.0
20.0,14984.0,805000.0,93.0,13.5985975564007,2818534.0,0.060000000000000005,2987646.0
20.0,14984.0,442500.0,93.0,13.00019574343012,2818534.0,0.060000000000000005,2987646.0
6.0,6630.0,3175000.0,93.0,14.970818190308929,1999029.0,0.060000000000000005,2118971.0
20.0,13320.0,2576387.0,117.0,14.7618985878418,2197311.0,0.060000000000000005,2329150.0
6.0,5880.0,2000000.0,119.0,14.508657738524219,1931617.0,0.060000000000000005,2047514.0
8.0,5850.0,3700000.0,114.0,15.123843377614453,1504048.0,0.060000000000000005,1594290.0
5.0,3840.0,3838049.0,93.0,15.160474722534465,1194346.0,0.060000000000000005,1266007.0
8.0,2800.0,1300000.0,119.0,14.077874822431765,780121.0,0.060000000000000005,826929.0
8.0,10000.0,750000.0,119.0,13.527828485512494,3903828.0,0.060000000000000005,4138058.0
6.0,3000.0,1312000.0,119.0,14.08706324848617,1014354.0,0.060000000000000005,1075215.0
7.0,2715.0,3100000.0,93.0,14.946912669455374,746893.0,0.060000000000000005,791707.0
4.0,4080.0,1702000.0,114.0,14.347314588115456,1565116.0,0.060000000000000005,1659023.0
4.0,5880.0,3050000.0,93.0,14.930652148583594,2101716.0,0.060000000000000005,2227819.0
4.0,2346.0,2050000.0,119.0,14.53335035111459,1089604.0,0.060000000000000005,1154981.0
8.0,3960.0,500000.0,119.0,13.122363377404328,1011188.0,0.060000000000000005,1071859.0
6.0,5703.0,2000000.0,93.0,14.508657738524219,1624728.0,0.060000000000000005,1722212.0
8.0,7984.0,999000.0,119.0,13.81451005763069,2487017.0,0.060000000000000005,2636238.0
4.0,5506.0,3100000.0,93.0,14.946912669455374,1933071.0,0.060000000000000005,2049055.0
8.0,9400.0,1725000.0,93.0,14.360737608447597,2987203.0,0.060000000000000005,3166436.0
6.0,5004.0,2775000.0,93.0,14.836161305162673,1389593.0,0.060000000000000005,1472968.0
6.0,6450.0,1510000.0,93.0,14.227620208791107,1920154.0,0.060000000000000005,2035363.0
4.0,5600.0,3978000.0,93.0,15.196289738396054,1974140.0,0.060000000000000005,2092589.0
24.0,19300.0,4250000.0,99.0,15.2624295409006,4936298.0,0.060000000000000005,5232476.0
4.0,6794.0,3770000.0,115.0,15.142585559424193,2886578.0,0.060000000000000005,3059773.0
4.0,4305.0,2650000.0,123.0,14.790070197962406,1723692.0,0.060000000000000005,1827114.0
29.0,36000.0,5000000.0,102.0,15.424948470398375,121797219.0,0.060000000000000005,129105052.0
4.0,3588.0,1224000.0,114.0,14.017634742054408,1402036.0,0.060000000000000005,1486158.0
8.0,10800.0,1200000.0,111.0,13.997832114758229,4480883.0,0.060000000000000005,4749736.0
8.0,7313.0,2200000.0,125.0,14.603967918328545,2207384.0,0.060000000000000005,2339827.0
6.0,6006.0,850000.0,117.0,13.652991628466498,1966535.0,0.060000000000000005,2084527.0
6.0,6006.0,813901.0,117.0,13.609594015966547,1966535.0,0.060000000000000005,2084527.0
6.0,6006.0,1750000.0,117.0,14.375126345899696,1966535.0,0.060000000000000005,2084527.0
8.0,6368.0,4839120.0,123.0,15.392243443980067,1768616.0,0.060000000000000005,1874733.0
4.0,3280.0,605272.0,100.0,13.313433222755984,1217980.0,0.060000000000000005,1291059.0
4.0,3280.0,1200000.0,100.0,13.997832114758229,1217980.0,0.060000000000000005,1291059.0
5.0,4500.0,1350000.0,101.0,14.115615150414612,1442333.0,0.060000000000000005,1528873.0
1.0,1432.0,700000.0,89.0,13.458835614025542,1055679.0,0.05,1108463.0
1.0,2828.0,858000.0,99.0,13.6623593784701,1518489.0,0.060000000000000005,1609598.0
1.0,1356.0,564000.0,99.0,13.242809530480196,1092541.0,0.05,1147168.0
1.0,3560.0,982620.0,99.0,13.797977752671969,1788587.0,0.060000000000000005,1895902.0
1.0,1520.0,729000.0,114.0,13.499429010990795,1224049.0,0.05,1285252.0
1.0,1400.0,870000.0,114.0,13.676248490630767,1191635.0,0.05,1251217.0
1.0,1582.0,760000.0,104.0,13.541073712262515,1179052.0,0.05,1238004.0
1.0,1472.0,660000.0,114.0,13.399995114002609,1210979.0,0.05,1271528.0
1.0,1724.0,925000.0,123.0,13.737549016494562,1341752.0,0.05,1408840.0
1.0,1632.0,775000.0,114.0,13.560618308335483,1255097.0,0.05,1317852.0
1.0,2200.0,800000.0,123.0,13.592367006650065,1492470.0,0.060000000000000005,1582018.0
1.0,1168.0,419150.0,123.0,12.945984130066003,1184864.0,0.05,1244107.0
1.0,1603.0,1289588.0,104.0,14.069833345480289,1184602.0,0.05,1243833.0
1.0,1466.0,600000.0,104.0,13.304684934198283,1148857.0,0.05,1206300.0
1.0,1326.0,742000.0,125.0,13.517104522149518,1240145.0,0.05,1302152.0
1.0,1328.0,890000.0,125.0,13.698976741708323,1240700.0,0.05,1302735.0
1.0,1280.0,725000.0,123.0,13.493926933836812,1214918.0,0.05,1275664.0
1.0,1266.0,670000.0,114.0,13.415032991367148,1156453.0,0.05,1214276.0
1.0,1562.0,685000.0,104.0,13.437174117244362,1173790.0,0.05,1232479.0
1.0,1393.0,318250.0,104.0,12.670592516419653,1130253.0,0.05,1186765.0
1.0,1393.0,900000.0,104.0,13.710150042306449,1130253.0,0.05,1186765.0
2.0,1700.0,840000.0,114.0,13.641157170819497,1142829.0,0.05,1199970.0
2.0,1904.0,835000.0,31.0,13.635187003832993,781279.0,0.05,820343.0
2.0,1904.0,855000.0,31.0,13.658856747918897,781279.0,0.05,820343.0
2.0,1857.0,854392.0,119.0,13.658145383848352,1214435.0,0.05,1275157.0
2.0,2500.0,1125000.0,19.0,13.933293593620657,839362.0,0.07999999999999999,906511.0
2.0,2408.0,960000.0,114.0,13.77468856344402,1338901.0,0.060000000000000005,1419235.0
2.0,2541.0,1201535.0,1.0,13.999110463988233,772349.0,0.07999999999999999,834137.0
2.0,1918.0,999000.0,114.0,13.81451005763069,1199928.0,0.05,1259925.0
2.0,2104.0,600000.0,114.0,13.304684934198283,1250896.0,0.060000000000000005,1325950.0
2.0,2152.0,860000.0,104.0,13.664687668229691,1201146.0,0.060000000000000005,1273214.0
2.0,1976.0,885000.0,123.0,13.693342923990066,1273057.0,0.05,1336710.0
2.0,2193.0,970000.0,89.0,13.785051350479566,1122396.0,0.060000000000000005,1189740.0
2.0,1976.0,950000.0,104.0,13.764217263576723,1154784.0,0.05,1212524.0
2.0,2555.0,1219000.0,114.0,14.013541408463409,1383651.0,0.060000000000000005,1466670.0
2.0,2125.0,970000.0,114.0,13.785051350479566,1256785.0,0.060000000000000005,1332192.0
2.0,2576.0,625000.0,114.0,13.345506928718539,1390165.0,0.060000000000000005,1473574.0
2.0,2683.0,610000.0,114.0,13.321214236149494,1423833.0,0.060000000000000005,1509263.0
2.0,2448.0,980000.0,114.0,13.795307850646754,1350933.0,0.060000000000000005,1431989.0
2.0,2000.0,625000.0,104.0,13.345506928718539,1160999.0,0.05,1219049.0
2.0,1449.0,880000.0,99.0,13.687677186454389,1000392.0,0.05,1050411.0
2.0,1648.0,1090000.0,104.0,13.901688254205327,1073106.0,0.05,1126761.0
2.0,2880.0,750000.0,114.0,13.527828485512494,1487967.0,0.060000000000000005,1577245.0
2.0,1167.0,540652.0,114.0,13.200531097617743,1014405.0,0.05,1065126.0
2.0,1880.0,850000.0,125.0,13.652991628466498,1258871.0,0.05,1321814.0
2.0,2034.0,760000.0,123.0,13.541073712262515,1289678.0,0.060000000000000005,1367059.0
2.0,2880.0,925000.0,123.0,13.737549016494562,1558305.0,0.060000000000000005,1651804.0
2.0,1816.0,955000.0,123.0,13.769466619462868,1228308.0,0.05,1289723.0
2.0,2898.0,800000.0,31.0,13.592367006650065,975781.0,0.060000000000000005,1034327.0
2.0,1920.0,640000.0,123.0,13.369223455335854,1257213.0,0.05,1320073.0
2.0,2518.0,542709.0,119.0,13.204328543661914,1407916.0,0.060000000000000005,1492391.0
2.0,2314.0,999990.0,123.0,13.815500557914273,1373022.0,0.060000000000000005,1455403.0
2.0,3000.0,800000.0,104.0,13.592367006650065,1451981.0,0.060000000000000005,1539100.0
2.0,1500.0,290000.0,123.0,12.577636201962656,1144497.0,0.05,1201722.0
2.0,2040.0,710000.0,114.0,13.473020249017498,1233119.0,0.060000000000000005,1307106.0
2.0,2168.0,950000.0,104.0,13.764217263576723,1205451.0,0.060000000000000005,1277778.0
2.0,2080.0,666954.0,123.0,13.410476357002288,1303015.0,0.060000000000000005,1381196.0
2.0,2080.0,995000.0,123.0,13.81049801614073,1303015.0,0.060000000000000005,1381196.0
2.0,2160.0,780000.0,114.0,13.567049198665774,1266661.0,0.060000000000000005,1342661.0
2.0,2160.0,682228.0,114.0,13.433119191806618,1266661.0,0.060000000000000005,1342661.0
2.0,2160.0,999000.0,114.0,13.81451005763069,1266661.0,0.060000000000000005,1342661.0
2.0,1488.0,1149000.0,123.0,13.954402556830892,1141429.0,0.05,1198501.0
2.0,2301.0,999000.0,104.0,13.81451005763069,1241846.0,0.060000000000000005,1316357.0
2.0,1956.0,530000.0,123.0,13.180632285528304,1267376.0,0.05,1330744.0
2.0,1956.0,998000.0,123.0,13.813508555293602,1267376.0,0.05,1330744.0
2.0,2040.0,845000.0,114.0,13.64709190633931,1233119.0,0.060000000000000005,1307106.0
2.0,2080.0,910000.0,119.0,13.721199878493033,1276539.0,0.060000000000000005,1353132.0
2.0,1600.0,815000.0,119.0,13.610943392223,1146601.0,0.05,1203931.0
2.0,2224.0,1090000.0,8.0,13.901688254205327,745805.0,0.07999999999999999,805469.0
2.0,1720.0,635000.0,123.0,13.36138027787483,1202217.0,0.05,1262328.0
2.0,2280.0,1275000.0,125.0,14.058456736574664,1376679.0,0.060000000000000005,1459280.0
2.0,2140.0,791152.0,114.0,13.581245390109554,1261008.0,0.060000000000000005,1336669.0
2.0,2280.0,560000.0,125.0,13.235692062711331,1376679.0,0.060000000000000005,1459280.0
2.0,2280.0,722958.0,125.0,13.49110640816723,1376679.0,0.060000000000000005,1459280.0
2.0,2280.0,990000.0,125.0,13.805460222110773,1376679.0,0.060000000000000005,1459280.0
2.0,2280.0,675000.0,125.0,13.422467969854667,1376679.0,0.060000000000000005,1459280.0
2.0,2280.0,1298000.0,125.0,14.076335176246172,1376679.0,0.060000000000000005,1459280.0
2.0,1260.0,675000.0,104.0,13.422467969854667,983913.0,0.05,1033108.0
3.0,1460.0,1035000.0,114.0,13.849911984681606,971336.0,0.05,1019903.0
3.0,3600.0,760000.0,17.0,13.541073712262515,952868.0,0.07999999999999999,1029098.0
3.0,3300.0,1375000.0,8.0,14.133964289082808,850815.0,0.07999999999999999,918880.0
3.0,1976.0,915000.0,114.0,13.726679344257658,1090154.0,0.05,1144662.0
3.0,2036.0,652500.0,119.0,13.388566418178986,1133600.0,0.060000000000000005,1201616.0
3.0,3120.0,990000.0,114.0,13.805460222110773,1408003.0,0.060000000000000005,1492483.0
3.0,3024.0,499180.0,114.0,13.120722031132203,1378095.0,0.060000000000000005,1460781.0
4.0,3224.0,950000.0,109.0,13.764217263576723,1259680.0,0.060000000000000005,1335261.0
21.0,17695.0,3090031.0,94.0,14.943691681186063,4658733.0,0.060000000000000005,4938257.0
5.0,3675.0,995000.0,119.0,13.81049801614073,1315384.0,0.060000000000000005,1394307.0
5.0,3675.0,970000.0,118.0,13.785051350479566,1308650.0,0.060000000000000005,1387170.0
4.0,3000.0,750000.0,109.0,13.527828485512494,1198128.0,0.060000000000000005,1270016.0
4.0,3000.0,995000.0,109.0,13.81049801614073,1198128.0,0.060000000000000005,1270016.0
3.0,2310.0,1529500.0,125.0,14.240451442573095,1242927.0,0.060000000000000005,1317503.0
1.0,3338.0,5640000.0,125.0,15.545394623474241,1944894.0,0.060000000000000005,2061588.0
2.0,3141.0,4700000.0,6.0,15.363073066680286,906222.0,0.07999999999999999,978720.0
1.0,1080.0,720000.0,114.0,13.487006490992238,1109333.0,0.04,1153707.0
1.0,1080.0,740000.0,114.0,13.514405465180353,1109333.0,0.04,1153707.0
1.0,1274.0,950000.0,99.0,13.764217263576723,1072688.0,0.05,1126322.0
1.0,1344.0,1100000.0,99.0,13.9108207377686,1089613.0,0.05,1144094.0
1.0,1288.0,1135000.0,99.0,13.94214320889764,1076051.0,0.05,1129854.0
1.0,1288.0,1206000.0,99.0,14.002819656269267,1076051.0,0.05,1129854.0
1.0,1204.0,720000.0,99.0,13.487006490992238,1056025.0,0.05,1108826.0
1.0,1470.0,1300000.0,99.0,14.077874822431765,1120755.0,0.05,1176792.0
1.0,1536.0,1040000.0,99.0,13.854731271117556,1137420.0,0.05,1194291.0
1.0,1080.0,980000.0,94.0,13.795307850646754,1001120.0,0.04,1041165.0
1.0,1500.0,1175000.0,94.0,13.976778705560397,1099716.0,0.05,1154702.0
1.0,1888.0,1220000.0,99.0,14.01436141670944,1230582.0,0.05,1292111.0
1.0,1424.0,1470000.0,99.0,14.20077295875492,1109284.0,0.05,1164748.0
1.0,1332.0,990000.0,99.0,13.805460222110773,1086693.0,0.05,1141027.0
1.0,1456.0,1325000.0,99.0,14.09692301740246,1117251.0,0.05,1173113.0
1.0,1421.0,1170000.0,99.0,13.972514306773938,1108540.0,0.05,1163967.0
1.0,1232.0,988000.0,99.0,13.803437976730004,1062659.0,0.05,1115792.0
1.0,2700.0,1223000.0,123.0,14.01681741466931,1669053.0,0.060000000000000005,1769196.0
1.0,1464.0,1170000.0,99.0,13.972514306773938,1119252.0,0.05,1175214.0
1.0,1464.0,1250000.0,99.0,14.038654109278484,1119252.0,0.05,1175214.0
1.0,1520.0,1050000.0,99.0,13.864300722133706,1133358.0,0.05,1190026.0
1.0,1536.0,749250.0,99.0,13.52682798517891,1137420.0,0.05,1194291.0
1.0,2194.0,1110000.0,99.0,13.919870573288517,1317747.0,0.060000000000000005,1396811.0
1.0,1385.0,1250000.0,99.0,14.038654109278484,1099650.0,0.05,1154633.0
1.0,1385.0,1150000.0,99.0,13.955272500339433,1099650.0,0.05,1154633.0
1.0,1788.0,2190000.0,99.0,14.599412101792684,1203365.0,0.05,1263534.0
1.0,1568.0,1375000.0,99.0,14.133964289082808,1145590.0,0.05,1202869.0
1.0,2224.0,600000.0,99.0,13.304684934198283,1326618.0,0.060000000000000005,1406215.0
1.0,1950.0,1250000.0,89.0,14.038654109278484,1185344.0,0.05,1244612.0
1.0,1320.0,980000.0,114.0,13.795307850646754,1170504.0,0.05,1229030.0
1.0,1212.0,700000.0,94.0,13.458835614025542,1031115.0,0.05,1082671.0
1.0,1212.0,800000.0,94.0,13.592367006650065,1031115.0,0.05,1082671.0
1.0,1511.0,1300000.0,104.0,14.077874822431765,1160478.0,0.05,1218501.0
1.0,1600.0,1560000.0,104.0,14.26019637922572,1183808.0,0.05,1242998.0
1.0,1670.0,1400000.0,99.0,14.151982794585487,1172023.0,0.05,1230625.0
1.0,1248.0,1190000.0,109.0,13.989463865087712,1122628.0,0.05,1178759.0
1.0,1144.0,950000.0,109.0,13.764217263576723,1096818.0,0.05,1151658.0
1.0,2016.0,1350000.0,104.0,14.115615150414612,1299233.0,0.060000000000000005,1377186.0
1.0,1926.0,1100000.0,99.0,13.9108207377686,1241084.0,0.05,1303139.0
1.0,1120.0,1200000.0,94.0,13.997832114758229,1010116.0,0.05,1060622.0
1.0,1580.0,1080000.0,104.0,13.892471599100402,1178525.0,0.05,1237451.0
1.0,1328.0,1265000.0,94.0,14.050582680143757,1058216.0,0.05,1111127.0
1.0,1328.0,1250000.0,94.0,14.038654109278484,1058216.0,0.05,1111127.0
1.0,2083.0,1350000.0,104.0,14.115615150414612,1318847.0,0.060000000000000005,1397978.0
1.0,1312.0,1155000.0,104.0,13.959610901938031,1109962.0,0.05,1165460.0
1.0,975.0,975000.0,104.0,13.790192749979985,1029380.0,0.04,1070555.0
1.0,975.0,1100000.0,104.0,13.9108207377686,1029380.0,0.04,1070555.0
1.0,984.0,925000.0,104.0,13.737549016494562,1031454.0,0.04,1072712.0
1.0,1410.0,1188000.0,104.0,13.987781778904727,1134558.0,0.05,1191286.0
1.0,1355.0,1180000.0,104.0,13.981024996441848,1120688.0,0.05,1176722.0
1.0,1376.0,990000.0,104.0,13.805460222110773,1125964.0,0.05,1182262.0
1.0,1376.0,1249000.0,104.0,14.037853789107714,1125964.0,0.05,1182262.0
1.0,1280.0,998000.0,104.0,13.813508555293602,1102047.0,0.05,1157149.0
1.0,1348.0,750000.0,104.0,13.527828485512494,1118935.0,0.05,1174881.0
1.0,1196.0,990000.0,104.0,13.805460222110773,1081536.0,0.05,1135613.0
1.0,1404.0,1170000.0,94.0,13.972514306773938,1076356.0,0.05,1130174.0
1.0,1408.0,1160000.0,114.0,13.963930563082547,1193769.0,0.05,1253458.0
1.0,3958.0,4500000.0,29.0,15.319587954740548,1365061.0,0.060000000000000005,1446965.0
1.0,1410.0,1200000.0,94.0,13.997832114758229,1077802.0,0.05,1131692.0
1.0,2052.0,1560000.0,94.0,14.26019637922572,1244216.0,0.060000000000000005,1318868.0
1.0,1920.0,1300000.0,104.0,14.077874822431765,1271635.0,0.05,1335217.0
1.0,1464.0,1325000.0,114.0,14.09692301740246,1208814.0,0.05,1269255.0
1.0,1436.0,1205000.0,104.0,14.001990124906893,1141175.0,0.05,1198233.0
1.0,1372.0,850000.0,104.0,13.652991628466498,1124957.0,0.05,1181205.0
1.0,1372.0,935000.0,104.0,13.748301808270824,1124957.0,0.05,1181205.0
1.0,1456.0,1460000.0,104.0,14.19394699368452,1146290.0,0.05,1203605.0
1.0,1344.0,1025000.0,104.0,13.840203170554645,1117934.0,0.05,1173831.0
1.0,1400.0,998000.0,89.0,13.813508555293602,1048150.0,0.05,1100558.0
2.0,3300.0,1770000.0,99.0,14.386490104550012,1513407.0,0.060000000000000005,1604211.0
2.0,3300.0,1800000.0,99.0,14.403297222866392,1513407.0,0.060000000000000005,1604211.0
2.0,2200.0,1340000.0,114.0,14.108180171927094,1278044.0,0.060000000000000005,1354726.0
2.0,1880.0,1350000.0,99.0,14.115615150414612,1101622.0,0.05,1156703.0
2.0,1760.0,914134.0,104.0,13.725732448005436,1100325.0,0.05,1155341.0
2.0,2304.0,1275000.0,104.0,14.058456736574664,1242680.0,0.060000000000000005,1317241.0
2.0,2000.0,1580000.0,104.0,14.27293540500315,1160999.0,0.05,1219049.0
2.0,2120.0,1480000.0,114.0,14.207552645740298,1255381.0,0.060000000000000005,1330703.0
2.0,2375.0,1350000.0,99.0,14.115615150414612,1230584.0,0.060000000000000005,1304420.0
2.0,3900.0,213056.0,99.0,12.269310320934697,1730745.0,0.060000000000000005,1834590.0
2.0,3210.0,1400000.0,125.0,14.151982794585487,1694973.0,0.060000000000000005,1796671.0
2.0,3210.0,1150000.0,125.0,13.955272500339433,1694973.0,0.060000000000000005,1796671.0
2.0,1778.0,1260000.0,99.0,14.04662227892766,1076776.0,0.05,1130615.0
2.0,3240.0,995000.0,114.0,13.81049801614073,1612723.0,0.060000000000000005,1709487.0
2.0,1712.0,1550000.0,114.0,14.253765488895429,1145900.0,0.05,1203195.0
2.0,2080.0,1631000.0,109.0,14.304703881603151,1212680.0,0.060000000000000005,1285441.0
2.0,2560.0,837500.0,94.0,13.638176542681359,1250076.0,0.060000000000000005,1325080.0
2.0,2232.0,1130000.0,99.0,13.937728190688523,1191851.0,0.060000000000000005,1263362.0
2.0,2400.0,1600000.0,99.0,14.28551418721001,1237484.0,0.060000000000000005,1311733.0
2.0,2090.0,1430000.0,74.0,14.17318500223609,1015570.0,0.060000000000000005,1076504.0
2.0,1188.0,1130000.0,99.0,13.937728190688523,943668.0,0.05,990852.0
2.0,1376.0,1100000.0,99.0,13.9108207377686,984191.0,0.05,1033401.0
2.0,2096.0,1200000.0,100.0,13.997832114758229,1162094.0,0.060000000000000005,1231820.0
2.0,2216.0,1100000.0,99.0,13.9108207377686,1187594.0,0.060000000000000005,1258849.0
2.0,2920.0,2300000.0,94.0,14.648419680899378,1354886.0,0.060000000000000005,1436179.0
2.0,2288.0,1200000.0,99.0,13.997832114758229,1206872.0,0.060000000000000005,1279284.0
2.0,2050.0,1460000.0,79.0,14.19394699368452,1032687.0,0.060000000000000005,1094648.0
2.0,2050.0,1300000.0,79.0,14.077874822431765,1032687.0,0.060000000000000005,1094648.0
2.0,2050.0,1560000.0,79.0,14.26019637922572,1032687.0,0.060000000000000005,1094648.0
2.0,2128.0,1500000.0,94.0,14.22097566607244,1134950.0,0.060000000000000005,1203047.0
2.0,2000.0,1380000.0,104.0,14.137594057133388,1160999.0,0.05,1219049.0
2.0,2070.0,1400000.0,104.0,14.151982794585487,1179318.0,0.060000000000000005,1250077.0
2.0,1822.0,980000.0,104.0,13.795307850646754,1115689.0,0.05,1171473.0
2.0,2200.0,2300000.0,109.0,14.648419680899378,1245666.0,0.060000000000000005,1320406.0
2.0,2460.0,1800000.0,104.0,14.403297222866392,1286801.0,0.060000000000000005,1364009.0
2.0,1440.0,1350000.0,104.0,14.115615150414612,1024330.0,0.05,1075546.0
2.0,3220.0,1680000.0,104.0,14.334304351379442,1525209.0,0.060000000000000005,1616722.0
2.0,1280.0,990000.0,94.0,13.805460222110773,938883.0,0.05,985827.0
1.0,1561.0,1188000.0,104.0,13.987781778904727,1173527.0,0.05,1232204.0
2.0,1312.0,533000.0,104.0,13.186276703147982,995422.0,0.05,1045193.0
2.0,1310.0,998000.0,99.0,13.813508555293602,969771.0,0.05,1018259.0
2.0,1310.0,460000.0,99.0,13.038981768465277,969771.0,0.05,1018259.0
2.0,2188.0,1830000.0,114.0,14.419826524817603,1274618.0,0.060000000000000005,1351095.0
2.0,2040.0,980000.0,104.0,13.795307850646754,1171432.0,0.060000000000000005,1241718.0
2.0,1840.0,1575000.0,99.0,14.269765830241871,1091811.0,0.05,1146401.0
2.0,2024.0,1680000.0,99.0,14.334304351379442,1137677.0,0.060000000000000005,1205938.0
2.0,1710.0,1700000.0,89.0,14.346138809026444,1007471.0,0.05,1057845.0
2.0,1635.0,1060000.0,79.0,13.87377946608825,941153.0,0.05,988211.0
2.0,3228.0,1825000.0,99.0,14.417090544998729,1489232.0,0.060000000000000005,1578586.0
2.0,1771.0,750000.0,89.0,13.527828485512494,1021310.0,0.05,1072376.0
3.0,2480.0,1750000.0,94.0,14.375126345899696,1101197.0,0.060000000000000005,1167269.0
3.0,2320.0,1858000.0,99.0,14.435011198355921,1090105.0,0.060000000000000005,1155512.0
3.0,3780.0,1575000.0,99.0,14.269765830241871,1511043.0,0.060000000000000005,1601706.0
3.0,3091.0,1400000.0,99.0,14.151982794585487,1295254.0,0.060000000000000005,1372969.0
3.0,4152.0,2100000.0,99.0,14.557447902693651,1642135.0,0.060000000000000005,1740663.0
3.0,4152.0,1915000.0,99.0,14.465228180596883,1642135.0,0.060000000000000005,1740663.0
3.0,3878.0,2340000.0,59.0,14.665661487333884,1257893.0,0.060000000000000005,1333367.0
3.0,2680.0,1850000.0,99.0,14.430696197054507,1181503.0,0.060000000000000005,1252394.0
3.0,6550.0,1980000.0,28.0,14.498607402670718,1950204.0,0.060000000000000005,2067216.0
3.0,2400.0,1900000.0,94.0,14.457364444136669,1081670.0,0.060000000000000005,1146570.0
3.0,2886.0,1850000.0,104.0,14.430696197054507,1269368.0,0.060000000000000005,1345530.0
3.0,2128.0,1500000.0,94.0,14.22097566607244,1017831.0,0.060000000000000005,1078901.0
3.0,2742.0,1480000.0,104.0,14.207552645740298,1229139.0,0.060000000000000005,1302887.0
3.0,2829.0,1700000.0,119.0,14.346138809026444,1353577.0,0.060000000000000005,1434792.0
3.0,3232.0,1650000.0,114.0,14.316285845876763,1443717.0,0.060000000000000005,1530340.0
3.0,3182.0,1400000.0,104.0,14.151982794585487,1356243.0,0.060000000000000005,1437618.0
3.0,2040.0,1610000.0,99.0,14.291744736960645,1023935.0,0.060000000000000005,1085371.0
3.0,3938.0,2065000.0,104.0,14.54064078437727,1606080.0,0.060000000000000005,1702445.0
3.0,1840.0,1630000.0,89.0,14.304090572782945,930162.0,0.05,976670.0
19.0,12730.0,1725000.0,86.0,14.360737608447597,1831445.0,0.060000000000000005,1941331.0
6.0,4800.0,1420000.0,100.0,14.166167429577444,1376178.0,0.060000000000000005,1458749.0
4.0,3198.0,1703680.0,102.0,14.348301175308775,1208185.0,0.060000000000000005,1280676.0
1.0,1016.0,332000.0,114.0,12.712890247898626,1093568.0,0.04,1137311.0
1.0,1040.0,510000.0,123.0,13.142166004700508,1151426.0,0.04,1197483.0
1.0,1134.0,691000.0,32.0,13.445895102749807,737134.0,0.05,773990.0
1.0,1134.0,400000.0,32.0,12.89921982609012,737134.0,0.05,773990.0
1.0,1134.0,590000.0,32.0,13.287877815881902,737134.0,0.05,773990.0
1.0,1134.0,344760.0,34.0,12.750603801761336,744739.0,0.05,781975.0
1.0,1134.0,555000.0,34.0,13.226723392728571,744739.0,0.05,781975.0
1.0,1134.0,590000.0,34.0,13.287877815881902,744739.0,0.05,781975.0
1.0,1134.0,585000.0,34.0,13.279367126213993,744739.0,0.05,781975.0
1.0,1134.0,570000.0,34.0,13.253391639810733,744739.0,0.05,781975.0
1.0,2000.0,620000.0,27.0,13.337474757021274,871999.0,0.05,915599.0
1.0,2000.0,645000.0,27.0,13.37700559577791,871999.0,0.05,915599.0
1.0,1332.0,580000.0,27.0,13.270783382522602,750989.0,0.05,788539.0
1.0,1332.0,620000.0,27.0,13.337474757021274,750989.0,0.05,788539.0
1.0,1296.0,680191.0,24.0,13.430128920065167,733586.0,0.06999999999999999,784937.0
1.0,1296.0,640000.0,24.0,13.369223455335854,733586.0,0.06999999999999999,784937.0
1.0,1000.0,436454.0,74.0,12.986438264974288,887442.0,0.04,922940.0
1.0,1200.0,324480.0,114.0,12.6899791799449,1139508.0,0.05,1196484.0
1.0,1240.0,597400.0,123.0,13.300342184764146,1204098.0,0.05,1264303.0
1.0,1132.0,605000.0,33.0,13.312983737012978,740595.0,0.05,777625.0
1.0,1132.0,570000.0,33.0,13.253391639810733,740595.0,0.05,777625.0
1.0,1132.0,565000.0,33.0,13.244581010128577,740595.0,0.05,777625.0
1.0,1132.0,604000.0,34.0,13.311329476916953,744405.0,0.05,781626.0
1.0,1132.0,555000.0,34.0,13.226723392728571,744405.0,0.05,781626.0
1.0,1132.0,610000.0,33.0,13.321214236149494,740595.0,0.05,777625.0
1.0,1132.0,575000.0,34.0,13.262125319779487,744405.0,0.05,781626.0
1.0,1116.0,600000.0,35.0,13.304684934198283,745563.0,0.05,782841.0
1.0,1116.0,600000.0,34.0,13.304684934198283,741747.0,0.05,778834.0
1.0,1116.0,440000.0,34.0,12.994530005894443,741747.0,0.05,778834.0
1.0,1116.0,610000.0,35.0,13.321214236149494,745563.0,0.05,782841.0
1.0,1116.0,590000.0,35.0,13.287877815881902,745563.0,0.05,782841.0
1.0,1116.0,605000.0,35.0,13.312983737012978,745563.0,0.05,782841.0
1.0,1116.0,425000.0,36.0,12.959844447906553,749399.0,0.05,786869.0
1.0,1116.0,585000.0,34.0,13.279367126213993,741747.0,0.05,778834.0
1.0,1116.0,630000.0,34.0,13.353475098367715,741747.0,0.05,778834.0
1.0,1116.0,600000.0,35.0,13.304684934198283,745563.0,0.05,782841.0
1.0,1116.0,455000.0,32.0,13.028052697933088,734172.0,0.05,770881.0
1.0,1116.0,380000.0,35.0,12.84792653170257,745563.0,0.05,782841.0
1.0,1144.0,512867.0,114.0,13.147771831280156,1125326.0,0.05,1181592.0
1.0,900.0,437500.0,104.0,12.988831984779805,1012257.0,0.04,1052748.0
1.0,600.0,340968.0,104.0,12.739543910220023,946569.0,0.04,984432.0
1.0,1440.0,680000.0,114.0,13.42984807715229,1202343.0,0.05,1262461.0
1.0,1448.0,730000.0,114.0,13.500799813124575,1204496.0,0.05,1264721.0
1.0,1700.0,499995.0,114.0,13.122353377354328,1274330.0,0.05,1338047.0
1.0,2700.0,395460.0,99.0,12.887804923274821,1475636.0,0.060000000000000005,1564174.0
1.0,1693.0,270000.0,114.0,12.506177237980511,1272337.0,0.05,1335954.0
1.0,1693.0,295000.0,114.0,12.594730635321957,1272337.0,0.05,1335954.0
1.0,1400.0,645000.0,125.0,13.37700559577791,1260840.0,0.05,1323882.0
1.0,1424.0,925000.0,125.0,13.737549016494562,1267626.0,0.05,1331007.0
1.0,1360.0,700000.0,104.0,13.458835614025542,1121942.0,0.05,1178039.0
1.0,1022.0,350000.0,104.0,12.765688433465597,1040257.0,0.04,1081867.0
1.0,986.0,700000.0,104.0,13.458835614025542,1031915.0,0.04,1073192.0
1.0,1412.0,613000.0,114.0,13.32612021491835,1194838.0,0.05,1254580.0
1.0,1272.0,319410.0,94.0,12.674230822976762,1045045.0,0.05,1097297.0
1.0,1088.0,707000.0,64.0,13.468785944878709,859804.0,0.04,894196.0
1.0,640.0,440000.0,114.0,12.994530005894443,1005369.0,0.04,1045583.0
1.0,1440.0,620000.0,59.0,13.337474757021274,906661.0,0.05,951994.0
1.0,2036.0,560000.0,74.0,13.235692062711331,1118834.0,0.060000000000000005,1185964.0
1.0,1092.0,610000.0,104.0,13.321214236149494,1056671.0,0.04,1098938.0
1.0,1116.0,285000.0,104.0,12.560244459250788,1062358.0,0.05,1115476.0
1.0,1482.0,410000.0,104.0,12.92391243868049,1152975.0,0.05,1210624.0
1.0,1350.0,614000.0,104.0,13.327750207129279,1119435.0,0.05,1175407.0
1.0,1020.0,315000.0,104.0,12.66032791780777,1039792.0,0.04,1081384.0
1.0,1524.0,400000.0,69.0,12.89921982609012,972505.0,0.05,1021130.0
1.0,1216.0,533500.0,64.0,13.187214349723945,884774.0,0.05,929012.0
1.0,1260.0,620000.0,64.0,13.337474757021274,893523.0,0.05,938199.0
1.0,1260.0,635000.0,64.0,13.36138027787483,893523.0,0.05,938199.0
1.0,1088.0,448570.0,64.0,13.013820024110675,859804.0,0.04,894196.0
1.0,1088.0,565000.0,64.0,13.244581010128577,859804.0,0.04,894196.0
1.0,1088.0,550000.0,64.0,13.217673557208654,859804.0,0.04,894196.0
1.0,1088.0,645000.0,64.0,13.37700559577791,859804.0,0.04,894196.0
1.0,600.0,574400.0,125.0,13.261081296716151,1054282.0,0.04,1096453.0
1.0,1280.0,505000.0,104.0,13.132313708257497,1102047.0,0.05,1157149.0
1.0,1296.0,530000.0,64.0,13.180632285528304,900746.0,0.05,945783.0
1.0,1296.0,369600.0,64.0,12.820176618749667,900746.0,0.05,945783.0
1.0,1296.0,546598.0,64.0,13.211468893486607,900746.0,0.05,945783.0
1.0,1296.0,700000.0,64.0,13.458835614025542,900746.0,0.05,945783.0
1.0,1120.0,585000.0,64.0,13.279367126213993,865980.0,0.05,909279.0
1.0,1304.0,520000.0,104.0,13.16158409055761,1107978.0,0.05,1163377.0
1.0,1584.0,970000.0,94.0,13.785051350479566,1120571.0,0.05,1176599.0
2.0,880.0,521000.0,123.0,13.163505320735505,996310.0,0.04,1036163.0
2.0,2210.0,1054536.0,1.0,13.86861141772079,717239.0,0.07999999999999999,774618.0
2.0,2000.0,1027234.0,94.0,13.842380311058525,1102920.0,0.05,1158066.0
2.0,2480.0,975000.0,114.0,13.790192749979985,1360636.0,0.060000000000000005,1442274.0
2.0,2760.0,1160000.0,123.0,13.963930563082547,1517040.0,0.060000000000000005,1608062.0
2.0,3000.0,760000.0,123.0,13.541073712262515,1600693.0,0.060000000000000005,1696734.0
2.0,1848.0,500000.0,94.0,13.122363377404328,1066057.0,0.05,1119360.0
2.0,3000.0,815000.0,123.0,13.610943392223,1600693.0,0.060000000000000005,1696734.0
2.0,2150.0,750000.0,114.0,13.527828485512494,1263832.0,0.060000000000000005,1339662.0
2.0,2000.0,730000.0,114.0,13.500799813124575,1222137.0,0.05,1283244.0
2.0,2400.0,950000.0,114.0,13.764217263576723,1336508.0,0.060000000000000005,1416698.0
2.0,2147.0,900000.0,114.0,13.710150042306449,1262984.0,0.060000000000000005,1338763.0
2.0,2192.0,885000.0,114.0,13.693342923990066,1275759.0,0.060000000000000005,1352305.0
2.0,2700.0,925000.0,125.0,13.737549016494562,1512261.0,0.060000000000000005,1602997.0
2.0,2080.0,855000.0,114.0,13.658856747918897,1244200.0,0.060000000000000005,1318852.0
2.0,2052.0,802000.0,31.0,13.594863886848652,807572.0,0.060000000000000005,856026.0
2.0,2120.0,781391.0,114.0,13.568830943748193,1255381.0,0.060000000000000005,1330703.0
2.0,1921.0,755000.0,123.0,13.534473028231162,1257494.0,0.05,1320368.0
2.0,1602.0,915000.0,114.0,13.726679344257658,1118054.0,0.05,1173956.0
2.0,2136.0,850000.0,99.0,13.652991628466498,1166535.0,0.060000000000000005,1236527.0
2.0,1836.0,735000.0,114.0,13.507625778194974,1178123.0,0.05,1237030.0
2.0,1707.0,650000.0,123.0,13.38472764187182,1198727.0,0.05,1258663.0
2.0,1624.0,635000.0,114.0,13.36138027787483,1123568.0,0.05,1179747.0
2.0,1188.0,627746.0,114.0,13.349890905036169,1019181.0,0.05,1070140.0
2.0,1188.0,452499.0,114.0,13.022540832174924,1019181.0,0.05,1070140.0
2.0,1736.0,590000.0,123.0,13.287877815881902,1206527.0,0.05,1266853.0
2.0,1778.0,425000.0,109.0,12.959844447906553,1133479.0,0.05,1190153.0
2.0,1778.0,999000.0,109.0,13.81451005763069,1133479.0,0.05,1190153.0
2.0,1320.0,910000.0,123.0,13.721199878493033,1099338.0,0.05,1154305.0
2.0,2000.0,600000.0,19.0,13.304684934198283,750559.0,0.06999999999999999,803098.0
2.0,1748.0,1020000.0,94.0,13.835313185260453,1042480.0,0.05,1094604.0
2.0,1400.0,722000.0,94.0,13.489780417874963,964421.0,0.05,1012642.0
2.0,2200.0,999000.0,19.0,13.81451005763069,784893.0,0.07999999999999999,847685.0
2.0,2192.0,887000.0,21.0,13.695600261291716,791573.0,0.07999999999999999,854899.0
2.0,2598.0,989000.0,24.0,13.804449610604848,880262.0,0.07999999999999999,950683.0
2.0,2000.0,850000.0,114.0,13.652991628466498,1222137.0,0.05,1283244.0
2.0,3000.0,750000.0,109.0,13.527828485512494,1489721.0,0.060000000000000005,1579104.0
2.0,2091.0,525000.0,23.0,13.17115354157376,781878.0,0.07999999999999999,844428.0
2.0,2270.0,400000.0,23.0,12.89921982609012,813813.0,0.07999999999999999,878918.0
2.0,1624.0,490000.0,123.0,13.102160670086809,1176680.0,0.05,1235514.0
2.0,2000.0,945000.0,104.0,13.758940206475879,1160999.0,0.05,1219049.0
2.0,2000.0,620000.0,94.0,13.337474757021274,1102920.0,0.05,1158066.0
2.0,2000.0,232324.0,94.0,12.3558882281012,1102920.0,0.05,1158066.0
2.0,2000.0,580000.0,123.0,13.270783382522602,1279909.0,0.05,1343904.0
2.0,1800.0,683800.0,123.0,13.435420756187337,1223921.0,0.05,1285117.0
2.0,1764.0,540000.0,123.0,13.199324418540456,1214106.0,0.05,1274811.0
2.0,2120.0,850000.0,123.0,13.652991628466498,1314724.0,0.060000000000000005,1393607.0
2.0,2700.0,685000.0,21.0,13.437174117244362,886814.0,0.07999999999999999,957759.0
2.0,2320.0,535000.0,123.0,13.190022025878143,1374866.0,0.060000000000000005,1457358.0
2.0,2750.0,530000.0,94.0,13.180632285528304,1304340.0,0.060000000000000005,1382600.0
2.0,2892.0,690000.0,94.0,13.444446876573442,1346428.0,0.060000000000000005,1427214.0
2.0,2007.0,875000.0,123.0,13.681979165339751,1281914.0,0.060000000000000005,1358829.0
2.0,1560.0,740000.0,123.0,13.514405465180353,1159958.0,0.05,1217956.0
2.0,2317.0,850000.0,26.0,13.652991628466498,835173.0,0.060000000000000005,885283.0
2.0,2080.0,514000.0,21.0,13.149978544437301,771992.0,0.07999999999999999,833751.0
2.0,1320.0,382000.0,123.0,12.853175887588712,1099338.0,0.05,1154305.0
2.0,1188.0,680000.0,123.0,13.42984807715229,1067358.0,0.05,1120726.0
2.0,2040.0,645000.0,123.0,13.37700559577791,1291410.0,0.060000000000000005,1368895.0
2.0,2080.0,670000.0,38.0,13.415032991367148,842369.0,0.060000000000000005,892911.0
2.0,2080.0,798000.0,38.0,13.589863876431945,842369.0,0.060000000000000005,892911.0
2.0,1800.0,650000.0,94.0,13.38472764187182,1054674.0,0.05,1107408.0
2.0,1888.0,1254889.0,114.0,14.042557680421284,1191905.0,0.05,1251500.0
2.0,2531.0,999000.0,1.0,13.81451005763069,770623.0,0.07999999999999999,832273.0
2.0,1728.0,295000.0,125.0,12.594730635321957,1216795.0,0.05,1277635.0
2.0,1836.0,487500.0,114.0,13.09704556942004,1178123.0,0.05,1237030.0
2.0,1176.0,675000.0,114.0,13.422467969854667,1016449.0,0.05,1067272.0
2.0,1554.0,835047.0,114.0,13.635243289674065,1106115.0,0.05,1161421.0
2.0,1408.0,499500.0,104.0,13.121362877070744,1017025.0,0.05,1067876.0
2.0,1800.0,800000.0,64.0,13.592367006650065,904179.0,0.05,949388.0
2.0,1598.0,460000.0,104.0,13.038981768465277,1061173.0,0.05,1114232.0
2.0,1598.0,661923.0,104.0,13.402904513954729,1061173.0,0.05,1114232.0
2.0,1956.0,689000.0,74.0,13.442996549995796,985586.0,0.05,1034866.0
2.0,2000.0,475000.0,114.0,13.071070083016778,1222137.0,0.05,1283244.0
2.0,2080.0,905000.0,114.0,13.715690222682063,1244200.0,0.060000000000000005,1318852.0
2.0,2944.0,715000.0,104.0,13.480037821676145,1433910.0,0.060000000000000005,1519944.0
2.0,2120.0,850000.0,114.0,13.652991628466498,1255381.0,0.060000000000000005,1330703.0
2.0,1400.0,631315.0,114.0,13.35556022456766,1068667.0,0.05,1122101.0
2.0,1400.0,875000.0,114.0,13.681979165339751,1068667.0,0.05,1122101.0
2.0,2080.0,470000.0,114.0,13.060487973686241,1244200.0,0.060000000000000005,1318852.0
2.0,1048.0,420000.0,114.0,12.948009990259552,987764.0,0.04,1027274.0
2.0,2024.0,650000.0,119.0,13.38472764187182,1260651.0,0.060000000000000005,1336290.0
2.0,1632.0,768000.0,123.0,13.551545012129809,1178788.0,0.05,1237727.0
2.0,2128.0,559000.0,125.0,13.233904752137237,1330666.0,0.060000000000000005,1410506.0
2.0,2080.0,690000.0,123.0,13.444446876573442,1303015.0,0.060000000000000005,1381196.0
2.0,2080.0,860000.0,123.0,13.664687668229691,1303015.0,0.060000000000000005,1381196.0
2.0,1320.0,500000.0,125.0,13.122363377404328,1110680.0,0.05,1166214.0
2.0,1320.0,570000.0,125.0,13.253391639810733,1110680.0,0.05,1166214.0
2.0,3300.0,865000.0,123.0,13.670484785914017,1711775.0,0.060000000000000005,1814482.0
2.0,1824.0,287350.0,114.0,12.568456263935888,1174966.0,0.05,1233714.0
2.0,1520.0,400000.0,114.0,12.89921982609012,1097736.0,0.05,1152623.0
2.0,3100.0,1075000.0,59.0,13.8878312195439,1178632.0,0.060000000000000005,1249350.0
2.0,1696.0,860000.0,94.0,13.664687668229691,1030426.0,0.05,1081948.0
2.0,2640.0,650000.0,94.0,13.38472764187182,1272643.0,0.060000000000000005,1349002.0
2.0,1805.0,1150000.0,99.0,13.955272500339433,1083298.0,0.05,1137463.0
2.0,2160.0,885000.0,114.0,13.693342923990066,1266661.0,0.060000000000000005,1342661.0
2.0,1716.0,870000.0,64.0,13.676248490630767,887352.0,0.05,931719.0
2.0,1800.0,800000.0,114.0,13.592367006650065,1168676.0,0.05,1227110.0
2.0,1908.0,400000.0,114.0,12.89921982609012,1197248.0,0.05,1257110.0
2.0,1908.0,955000.0,114.0,13.769466619462868,1197248.0,0.05,1257110.0
2.0,1745.0,680000.0,74.0,13.42984807715229,940157.0,0.05,987165.0
2.0,1745.0,985000.0,74.0,13.800396920154226,940157.0,0.05,987165.0
2.0,2340.0,1125166.0,8.0,13.933441138290963,765406.0,0.07999999999999999,826639.0
2.0,2652.0,999999.0,8.0,13.815509557963773,820722.0,0.07999999999999999,886380.0
2.0,2300.0,1565000.0,64.0,14.26339638195639,1011158.0,0.060000000000000005,1071828.0
2.0,3420.0,661700.0,114.0,13.40256756000015,1678970.0,0.060000000000000005,1779709.0
2.0,3420.0,1275433.0,114.0,14.05879628676411,1678970.0,0.060000000000000005,1779709.0
2.0,1360.0,789700.0,44.0,13.579408405485673,739507.0,0.05,776482.0
2.0,2496.0,880000.0,49.0,13.687677186454389,978193.0,0.060000000000000005,1036885.0
2.0,1537.0,720000.0,59.0,13.487006490992238,830933.0,0.05,872479.0
2.0,1537.0,875000.0,59.0,13.681979165339751,830933.0,0.05,872479.0
2.0,1544.0,703000.0,74.0,13.463112170792803,898830.0,0.05,943771.0
2.0,1628.0,525000.0,64.0,13.17115354157376,870058.0,0.05,913561.0
2.0,2476.0,958466.0,21.0,13.773089368746877,843482.0,0.07999999999999999,910961.0
2.0,2280.0,415000.0,104.0,12.936033799212835,1236027.0,0.060000000000000005,1310189.0
2.0,1520.0,545000.0,123.0,13.208541073645382,1149627.0,0.05,1207109.0
2.0,2928.0,644779.0,123.0,13.376662901405986,1575124.0,0.060000000000000005,1669631.0
2.0,2260.0,830000.0,123.0,13.62918097977278,1356540.0,0.060000000000000005,1437932.0
2.0,1652.0,555000.0,125.0,13.226723392728571,1196288.0,0.05,1256102.0
2.0,1482.0,680000.0,104.0,13.42984807715229,1033997.0,0.05,1085697.0
2.0,1428.0,460000.0,104.0,13.038981768465277,1021584.0,0.05,1072664.0
2.0,1176.0,799000.0,104.0,13.591116224748411,965601.0,0.05,1013881.0
2.0,2175.0,428900.0,49.0,12.968979070504972,910429.0,0.060000000000000005,965055.0
2.0,964.0,864000.0,109.0,13.669328047786193,944823.0,0.04,982616.0
2.0,2000.0,585000.0,99.0,13.279367126213993,1131587.0,0.05,1188167.0
2.0,2000.0,1100000.0,99.0,13.9108207377686,1131587.0,0.05,1188167.0
2.0,2120.0,880000.0,104.0,13.687677186454389,1192580.0,0.060000000000000005,1264135.0
2.0,1840.0,375250.0,64.0,12.835347749495709,912304.0,0.05,957920.0
2.0,1840.0,999900.0,64.0,13.815410552963941,912304.0,0.05,957920.0
2.0,2184.0,880000.0,94.0,13.687677186454389,1149254.0,0.060000000000000005,1218209.0
2.0,2250.0,900000.0,54.0,13.710150042306449,949893.0,0.060000000000000005,1006887.0
2.0,1512.0,920000.0,99.0,13.732128949025222,1014587.0,0.05,1065316.0
2.0,2769.0,907800.0,21.0,13.718779369004503,900606.0,0.07999999999999999,972654.0
2.0,2124.0,795000.0,99.0,13.58609739363647,1163408.0,0.060000000000000005,1233213.0
2.0,2320.0,1125000.0,99.0,13.933293593620657,1215540.0,0.060000000000000005,1288473.0
2.0,1216.0,600000.0,99.0,13.304684934198283,949596.0,0.05,997076.0
2.0,2080.0,930000.0,19.0,13.742939865129438,764109.0,0.07999999999999999,825237.0
2.0,1448.0,740000.0,109.0,13.514405465180353,1052836.0,0.05,1105478.0
2.0,1844.0,600000.0,69.0,13.304684934198283,936855.0,0.05,983697.0
2.0,3000.0,800000.0,26.0,13.592367006650065,973006.0,0.060000000000000005,1031386.0
2.0,1944.0,915000.0,64.0,13.726679344257658,933773.0,0.05,980461.0
2.0,1944.0,1647487.0,64.0,14.314761654584116,933773.0,0.05,980461.0
2.0,1944.0,850000.0,64.0,13.652991628466498,933773.0,0.05,980461.0
2.0,1836.0,800000.0,64.0,13.592367006650065,911489.0,0.05,957063.0
2.0,4020.0,313560.0,19.0,12.655746008302659,1179194.0,0.07999999999999999,1273530.0
2.0,1920.0,625000.0,114.0,13.345506928718539,1200465.0,0.05,1260489.0
2.0,2000.0,950000.0,104.0,13.764217263576723,1160999.0,0.05,1219049.0
2.0,1515.0,880000.0,74.0,13.687677186454389,893019.0,0.05,937670.0
2.0,1692.0,755000.0,104.0,13.534473028231162,1083718.0,0.05,1137904.0
2.0,2000.0,275500.0,59.0,12.526342907575106,921587.0,0.05,967667.0
2.0,2000.0,999999.0,59.0,13.815509557963773,921587.0,0.05,967667.0
2.0,1900.0,880000.0,94.0,13.687677186454389,1078527.0,0.05,1132454.0
2.0,2000.0,724000.0,59.0,13.492546671367853,921587.0,0.05,967667.0
2.0,2678.0,970000.0,19.0,13.785051350479566,873450.0,0.07999999999999999,943327.0
2.0,1700.0,365000.0,104.0,12.80765263256463,1085659.0,0.05,1139942.0
2.0,2530.0,681592.0,18.0,13.432186517339161,840687.0,0.07999999999999999,907942.0
2.0,2464.0,656250.0,20.0,13.394297092887971,836915.0,0.07999999999999999,903868.0
2.0,2464.0,1044548.0,20.0,13.859094813925251,836915.0,0.07999999999999999,903868.0
2.0,1665.0,789300.0,94.0,13.578901755696494,1023307.0,0.05,1074472.0
2.0,2950.0,999999.0,20.0,13.815509557963773,933010.0,0.07999999999999999,1007650.0
3.0,3240.0,585000.0,114.0,13.279367126213993,1446302.0,0.060000000000000005,1533080.0
3.0,3273.0,1100000.0,22.0,13.9108207377686,908690.0,0.07999999999999999,981385.0
3.0,3075.0,895000.0,94.0,13.704578997256993,1257931.0,0.060000000000000005,1333407.0
3.0,3075.0,918000.0,94.0,13.729952669602628,1257931.0,0.060000000000000005,1333407.0
3.0,3000.0,930000.0,123.0,13.742939865129438,1435513.0,0.060000000000000005,1521644.0
3.0,2496.0,1390000.0,114.0,14.144814305106875,1224602.0,0.060000000000000005,1298078.0
3.0,2610.0,900000.0,114.0,13.710150042306449,1256226.0,0.060000000000000005,1331600.0
3.0,3000.0,978000.0,114.0,13.793264949016955,1370718.0,0.060000000000000005,1452961.0
3.0,3840.0,825000.0,104.0,13.623138665316818,1571262.0,0.060000000000000005,1665537.0
3.0,2625.0,1030000.0,125.0,13.845069360205818,1333649.0,0.060000000000000005,1413667.0
3.0,1992.0,935000.0,114.0,13.748301808270824,1094062.0,0.05,1148765.0
3.0,2064.0,865000.0,104.0,13.670484785914017,1056203.0,0.060000000000000005,1119575.0
3.0,2040.0,900000.0,17.0,13.710150042306449,672220.0,0.07999999999999999,725998.0
3.0,2964.0,735000.0,89.0,13.507625778194974,1196001.0,0.060000000000000005,1267761.0
3.0,2270.0,656771.0,114.0,13.395090682674185,1164244.0,0.060000000000000005,1234098.0
3.0,3000.0,1070000.0,99.0,13.883169206438088,1269160.0,0.060000000000000005,1345309.0
3.0,2100.0,403750.0,114.0,12.908551153519003,1120810.0,0.060000000000000005,1188059.0
3.0,2100.0,1270000.0,114.0,14.054527458434775,1120810.0,0.060000000000000005,1188059.0
3.0,2760.0,550000.0,114.0,13.217673557208654,1299084.0,0.060000000000000005,1377029.0
3.0,1672.0,600000.0,114.0,13.304684934198283,1018499.0,0.05,1069424.0
3.0,3210.0,750000.0,114.0,13.527828485512494,1436631.0,0.060000000000000005,1522829.0
3.0,2964.0,1380000.0,94.0,14.137594057133388,1227088.0,0.060000000000000005,1300713.0
3.0,3120.0,1061000.0,94.0,13.87472241759612,1270655.0,0.060000000000000005,1346895.0
3.0,1764.0,540000.0,123.0,13.199324418540456,1088819.0,0.05,1143260.0
3.0,1910.0,410000.0,123.0,12.92391243868049,1124959.0,0.05,1181207.0
3.0,1776.0,800000.0,94.0,13.592367006650065,940776.0,0.05,987815.0
3.0,3000.0,1084979.0,123.0,13.89707118993068,1435513.0,0.060000000000000005,1521644.0
3.0,3000.0,997000.0,123.0,13.812506048943975,1435513.0,0.060000000000000005,1521644.0
3.0,3600.0,815000.0,104.0,13.610943392223,1489147.0,0.060000000000000005,1578496.0
3.0,1930.0,631315.0,123.0,13.35556022456766,1130002.0,0.05,1186502.0
3.0,2000.0,922746.0,114.0,13.73510928601425,1096022.0,0.05,1150823.0
3.0,2775.0,965000.0,18.0,13.779883380321124,796398.0,0.07999999999999999,860110.0
3.0,2520.0,1101896.0,18.0,13.912542890375805,752250.0,0.07999999999999999,812430.0
3.0,1614.0,999000.0,114.0,13.81451005763069,1005373.0,0.05,1055642.0
3.0,2120.0,989000.0,114.0,13.804449610604848,1125835.0,0.060000000000000005,1193385.0
3.0,3036.0,660000.0,114.0,13.399995114002609,1381798.0,0.060000000000000005,1464706.0
3.0,3000.0,1165999.0,104.0,13.969088788259274,1302147.0,0.060000000000000005,1380276.0
3.0,2520.0,975000.0,114.0,13.790192749979985,1231193.0,0.060000000000000005,1305065.0
3.0,3093.0,1181170.0,7.0,13.982016030628932,808166.0,0.07999999999999999,872819.0
3.0,2180.0,750000.0,94.0,13.527828485512494,1029737.0,0.060000000000000005,1091522.0
3.0,2360.0,900000.0,94.0,13.710150042306449,1072037.0,0.060000000000000005,1136359.0
3.0,2520.0,1249000.0,94.0,14.037853789107714,1111093.0,0.060000000000000005,1177758.0
3.0,2480.0,600000.0,94.0,13.304684934198283,1101197.0,0.060000000000000005,1167269.0
3.0,2480.0,885000.0,94.0,13.693342923990066,1101197.0,0.060000000000000005,1167269.0
3.0,3229.0,850000.0,125.0,13.652991628466498,1526537.0,0.060000000000000005,1618129.0
3.0,2320.0,535000.0,94.0,13.190022025878143,1062489.0,0.060000000000000005,1126239.0
3.0,2688.0,600000.0,94.0,13.304684934198283,1153634.0,0.060000000000000005,1222852.0
3.0,1800.0,880000.0,64.0,13.687677186454389,810875.0,0.05,851419.0
3.0,2376.0,950000.0,19.0,13.764217263576723,732158.0,0.07999999999999999,790730.0
3.0,1960.0,731000.0,114.0,13.502168738731916,1086260.0,0.05,1140573.0
3.0,1944.0,765000.0,64.0,13.547631112808673,837414.0,0.05,879285.0
3.0,2961.0,265000.0,20.0,12.487485104968359,838791.0,0.07999999999999999,905894.0
3.0,2961.0,765000.0,20.0,13.547631112808673,838791.0,0.07999999999999999,905894.0
3.0,2520.0,1200000.0,17.0,13.997832114758229,748400.0,0.07999999999999999,808272.0
3.0,2606.0,833947.0,19.0,13.633925130160879,770804.0,0.07999999999999999,832469.0
6.0,2636.0,540000.0,114.0,13.199324418540456,911362.0,0.060000000000000005,966043.0
6.0,2636.0,628000.0,114.0,13.350295445450335,911362.0,0.060000000000000005,966043.0
5.0,3600.0,1650000.0,94.0,14.316285845876763,1137753.0,0.060000000000000005,1206018.0
4.0,3040.0,930000.0,94.0,13.742939865129438,1119326.0,0.060000000000000005,1186486.0
4.0,3198.0,770000.0,94.0,13.554145793829866,1159586.0,0.060000000000000005,1229161.0
5.0,4100.0,777000.0,94.0,13.563195629349785,1272367.0,0.060000000000000005,1348709.0
10.0,7469.0,3400000.0,2.0,15.03928598958639,977884.0,0.07999999999999999,1056115.0
4.0,1680.0,990000.0,123.0,13.805460222110773,958288.0,0.05,1006203.0
4.0,2400.0,625000.0,99.0,13.345506928718539,995263.0,0.060000000000000005,1054979.0
4.0,2400.0,925000.0,99.0,13.737549016494562,995263.0,0.060000000000000005,1054979.0
4.0,3239.0,1300000.0,94.0,14.077874822431765,1170268.0,0.060000000000000005,1240484.0
5.0,3900.0,980000.0,94.0,13.795307850646754,1216709.0,0.060000000000000005,1289712.0
4.0,2580.0,820000.0,94.0,13.617059619240436,1009897.0,0.060000000000000005,1070491.0
6.0,4296.0,999000.0,99.0,13.81451005763069,1223187.0,0.060000000000000005,1296578.0
4.0,2300.0,791152.0,109.0,13.581245390109554,1024503.0,0.060000000000000005,1085973.0
6.0,5712.0,810000.0,114.0,13.604789526648622,1813257.0,0.060000000000000005,1922053.0
6.0,3600.0,685116.0,99.0,13.437343445973138,1046866.0,0.060000000000000005,1109678.0
4.0,3360.0,250000.0,99.0,12.429216196844383,1233621.0,0.060000000000000005,1307639.0
6.0,5400.0,1472340.0,98.0,14.202363529860456,1557738.0,0.060000000000000005,1651203.0
6.0,5063.0,1650000.0,99.0,14.316285845876763,1452081.0,0.060000000000000005,1539206.0
4.0,3360.0,1265000.0,94.0,14.050582680143757,1202369.0,0.060000000000000005,1274511.0
4.0,3096.0,215386.0,101.0,12.28018704623466,1174890.0,0.060000000000000005,1245384.0
4.0,3116.0,1100000.0,101.0,13.9108207377686,1180157.0,0.060000000000000005,1250967.0
4.0,3276.0,1050000.0,94.0,13.864300722133706,1179992.0,0.060000000000000005,1250791.0
4.0,2920.0,1300000.0,94.0,14.077874822431765,1089685.0,0.060000000000000005,1155067.0
4.0,3360.0,800000.0,94.0,13.592367006650065,1202369.0,0.060000000000000005,1274511.0
6.0,5022.0,735000.0,94.0,13.507625778194974,1402376.0,0.060000000000000005,1486519.0
1.0,2286.0,1900000.0,104.0,14.457364444136669,1380104.0,0.060000000000000005,1462910.0
1.0,1570.0,1225000.0,89.0,14.018451401960965,1088768.0,0.05,1143207.0
1.0,1644.0,1161808.0,94.0,13.96548797038362,1135709.0,0.05,1192494.0
1.0,1140.0,975000.0,94.0,13.790192749979985,1014645.0,0.05,1065377.0
1.0,756.0,726000.0,109.0,13.495305293806933,1005653.0,0.04,1045880.0
1.0,5492.0,1900000.0,125.0,14.457364444136669,3148558.0,0.060000000000000005,3337472.0
1.0,2998.0,3245000.0,125.0,14.992625908120328,1802487.0,0.060000000000000005,1910636.0
1.0,3612.0,3100000.0,119.0,14.946912669455374,2005102.0,0.060000000000000005,2125409.0
1.0,4155.0,3250000.0,114.0,14.994165554305921,2206651.0,0.060000000000000005,2339050.0
1.0,1160.0,635000.0,104.0,13.36138027787483,1072864.0,0.05,1126507.0
1.0,1281.0,500000.0,125.0,13.122363377404328,1227727.0,0.05,1289113.0
1.0,942.0,1115000.0,114.0,13.924364962876357,1075619.0,0.04,1118643.0
1.0,1230.0,679000.0,104.0,13.428376406540833,1089792.0,0.05,1144281.0
1.0,1916.0,544210.0,99.0,13.20709048075966,1238312.0,0.05,1300227.0
1.0,3216.0,2795000.0,123.0,14.843342664571336,1873219.0,0.060000000000000005,1985613.0
1.0,2607.0,2282000.0,125.0,14.640562809404159,1651561.0,0.060000000000000005,1750655.0
1.0,3710.0,3175000.0,99.0,14.970818190308929,1849607.0,0.060000000000000005,1960583.0
1.0,3012.0,1940000.0,104.0,14.47819853103951,1623407.0,0.060000000000000005,1720811.0
1.0,2191.0,1850000.0,104.0,14.430696197054507,1351091.0,0.060000000000000005,1432156.0
1.0,2682.0,1550000.0,125.0,14.253765488895429,1679498.0,0.060000000000000005,1780267.0
1.0,1352.0,1240000.0,104.0,14.03062193758122,1119936.0,0.05,1175933.0
1.0,2966.0,997000.0,125.0,13.812506048943975,1789633.0,0.060000000000000005,1897011.0
1.0,1520.0,490000.0,94.0,13.102160670086809,1104646.0,0.05,1159878.0
1.0,1320.0,1088000.0,94.0,13.899851706398024,1056324.0,0.05,1109140.0
1.0,1600.0,840000.0,99.0,13.641157170819497,1153818.0,0.05,1211509.0
1.0,1376.0,505000.0,123.0,13.132313708257497,1241285.0,0.05,1303349.0
1.0,1778.0,980000.0,99.0,13.795307850646754,1200677.0,0.05,1260711.0
1.0,2545.0,1230000.0,125.0,14.0225247273486,1628819.0,0.060000000000000005,1726548.0
1.0,2786.0,1999000.0,119.0,14.508157613482537,1666894.0,0.060000000000000005,1766908.0
1.0,2640.0,1990000.0,119.0,14.503645196700676,1613345.0,0.060000000000000005,1710146.0
1.0,3316.0,2550000.0,114.0,14.75160391713461,1829121.0,0.060000000000000005,1938868.0
1.0,3020.0,2700000.0,125.0,14.808762330974558,1811377.0,0.060000000000000005,1920060.0
1.0,1440.0,863500.0,119.0,13.66874917656887,1233595.0,0.05,1295274.0
1.0,1488.0,1150000.0,119.0,13.955272500339433,1246909.0,0.05,1309254.0
1.0,1776.0,1100000.0,125.0,13.9108207377686,1371452.0,0.05,1440024.0
1.0,4693.0,2525000.0,114.0,14.741751620691597,2488794.0,0.060000000000000005,2638122.0
1.0,4112.0,2450000.0,114.0,14.71159858252091,2185532.0,0.060000000000000005,2316664.0
1.0,3676.0,1600000.0,114.0,14.28551418721001,1982480.0,0.060000000000000005,2101429.0
1.0,3463.0,1065000.0,125.0,13.878485357125662,2000033.0,0.060000000000000005,2120035.0
1.0,1616.0,1340000.0,114.0,14.108180171927094,1250614.0,0.05,1313144.0
1.0,1348.0,630000.0,104.0,13.353475098367715,1118935.0,0.05,1174881.0
1.0,2086.0,1240000.0,109.0,14.03062193758122,1354035.0,0.060000000000000005,1435277.0
1.0,2087.0,2050000.0,109.0,14.53335035111459,1354338.0,0.060000000000000005,1435598.0
1.0,2616.0,2040000.0,114.0,14.528460365820399,1564056.0,0.060000000000000005,1657899.0
1.0,2832.0,1875000.0,109.0,14.444119217386648,1599882.0,0.060000000000000005,1695875.0
1.0,2379.0,975000.0,114.0,13.790192749979985,1483312.0,0.060000000000000005,1572311.0
1.0,2470.0,1800000.0,114.0,14.403297222866392,1513810.0,0.060000000000000005,1604638.0
1.0,2499.0,1272813.0,104.0,14.056739969655629,1447439.0,0.060000000000000005,1534285.0
1.0,1622.0,995000.0,94.0,13.81049801614073,1130135.0,0.05,1186641.0
1.0,3275.0,1500000.0,114.0,14.22097566607244,1812425.0,0.060000000000000005,1921171.0
1.0,1828.0,1490000.0,125.0,14.214286677921642,1387494.0,0.05,1456869.0
2.0,2000.0,1850000.0,114.0,14.430696197054507,1222137.0,0.05,1283244.0
2.0,2144.0,1860000.0,99.0,14.436087045689384,1168624.0,0.060000000000000005,1238741.0
2.0,2328.0,1250000.0,109.0,14.038654109278484,1281841.0,0.060000000000000005,1358752.0
2.0,5374.0,2995000.0,119.0,14.912454789531687,2666717.0,0.060000000000000005,2826720.0
2.0,4016.0,1265000.0,104.0,14.050582680143757,1822401.0,0.060000000000000005,1931745.0
2.0,1860.0,825000.0,99.0,13.623138665316818,1096705.0,0.05,1151541.0
2.0,1440.0,885000.0,125.0,13.693342923990066,1140892.0,0.05,1197936.0
2.0,2616.0,760000.0,123.0,13.541073712262515,1468962.0,0.060000000000000005,1557099.0
2.0,1916.0,625000.0,99.0,13.345506928718539,1110527.0,0.05,1166054.0
2.0,1916.0,830000.0,99.0,13.62918097977278,1110527.0,0.05,1166054.0
2.0,2558.0,2750000.0,104.0,14.827111469642754,1315316.0,0.060000000000000005,1394235.0
2.0,3457.0,2475000.0,125.0,14.721750953984929,1791239.0,0.060000000000000005,1898713.0
2.0,2608.0,1725000.0,123.0,14.360737608447597,1466336.0,0.060000000000000005,1554316.0
2.0,2806.0,675000.0,125.0,13.422467969854667,1548540.0,0.060000000000000005,1641453.0
2.0,3373.0,1600000.0,125.0,14.28551418721001,1757902.0,0.060000000000000005,1863376.0
2.0,1920.0,1249740.0,114.0,14.038446087643484,1200465.0,0.05,1260489.0
2.0,2120.0,920000.0,114.0,13.732128949025222,1255381.0,0.060000000000000005,1330703.0
2.0,2128.0,742500.0,123.0,13.517778149658993,1317078.0,0.060000000000000005,1396103.0
2.0,3420.0,1156000.0,24.0,13.96047632821446,1057918.0,0.07999999999999999,1142551.0
2.0,2734.0,1450000.0,119.0,14.187074114396758,1477599.0,0.060000000000000005,1566255.0
2.0,1810.0,750000.0,125.0,13.527828485512494,1239316.0,0.05,1301282.0
2.0,2396.0,999000.0,125.0,13.81451005763069,1412862.0,0.060000000000000005,1497633.0
2.0,2293.0,1800000.0,114.0,14.403297222866392,1304904.0,0.060000000000000005,1383199.0
2.0,3262.0,1600000.0,114.0,14.28551418721001,1620678.0,0.060000000000000005,1717918.0
2.0,3002.0,1200000.0,104.0,13.997832114758229,1452631.0,0.060000000000000005,1539789.0
2.0,3547.0,1200000.0,125.0,13.997832114758229,1827659.0,0.060000000000000005,1937318.0
2.0,2128.0,999000.0,123.0,13.81451005763069,1317078.0,0.060000000000000005,1396103.0
2.0,2456.0,800000.0,99.0,13.592367006650065,1253080.0,0.060000000000000005,1328265.0
2.0,2456.0,1065000.0,99.0,13.878485357125662,1253080.0,0.060000000000000005,1328265.0
2.0,1950.0,960000.0,114.0,13.77468856344402,1208547.0,0.05,1268974.0
2.0,1752.0,1420000.0,119.0,14.166167429577444,1186249.0,0.05,1245562.0
2.0,3083.0,2499000.0,99.0,14.73140120981709,1441713.0,0.060000000000000005,1528215.0
3.0,3000.0,750000.0,114.0,13.527828485512494,1370718.0,0.060000000000000005,1452961.0
3.0,3268.0,999999.0,19.0,13.815509557963773,893807.0,0.07999999999999999,965311.0
3.0,2842.0,1140000.0,114.0,13.946538820370678,1323128.0,0.060000000000000005,1402515.0
3.0,2757.0,1250000.0,18.0,14.038654109278484,793198.0,0.07999999999999999,856654.0
3.0,3525.0,960000.0,114.0,13.77468856344402,1541490.0,0.060000000000000005,1633980.0
3.0,3432.0,1000000.0,25.0,13.815510557964274,956193.0,0.060000000000000005,1013564.0
3.0,3300.0,960000.0,114.0,13.77468856344402,1465841.0,0.060000000000000005,1553791.0
3.0,4160.0,600000.0,123.0,13.304684934198283,1860702.0,0.060000000000000005,1972344.0
3.0,2160.0,950000.0,99.0,13.764217263576723,1051787.0,0.060000000000000005,1114894.0
3.0,2256.0,960000.0,114.0,13.77468856344402,1160604.0,0.060000000000000005,1230240.0
3.0,3570.0,925000.0,114.0,13.737549016494562,1557082.0,0.060000000000000005,1650507.0
3.0,3000.0,960000.0,119.0,13.77468856344402,1406345.0,0.060000000000000005,1490726.0
3.0,2454.0,735177.0,91.0,13.507866565529907,1078086.0,0.060000000000000005,1142771.0
3.0,2624.0,650000.0,104.0,13.38472764187182,1197125.0,0.060000000000000005,1268953.0
3.0,2828.0,980000.0,123.0,13.795307850646754,1381341.0,0.060000000000000005,1464222.0
40.0,46452.0,4250000.0,110.0,15.2624295409006,396598190.0,0.060000000000000005,420394082.0
25.0,20250.0,2900000.0,100.0,14.880221294956703,5503030.0,0.060000000000000005,5833211.0
33.0,25900.0,2550000.0,99.0,14.75160391713461,8104855.0,0.060000000000000005,8591146.0
8.0,6569.0,812000.0,123.0,13.607255619143816,1849935.0,0.060000000000000005,1960931.0
4.0,3636.0,345000.0,100.0,12.751299696013497,1318919.0,0.060000000000000005,1398054.0
16.0,13036.0,1275000.0,107.0,14.058456736574664,3028463.0,0.060000000000000005,3210171.0
6.0,5062.0,3300000.0,88.0,15.009433026436708,1372072.0,0.060000000000000005,1454397.0
6.0,5062.0,3300000.0,88.0,15.009433026436708,1372072.0,0.060000000000000005,1454397.0
6.0,5312.0,3300000.0,88.0,15.009433026436708,1450973.0,0.060000000000000005,1538031.0
35.0,34300.0,3600000.0,102.0,15.096444403426338,43322477.0,0.060000000000000005,45921826.0
7.0,4268.0,999999.0,125.0,13.815509557963773,1245722.0,0.060000000000000005,1320465.0
23.0,23000.0,1624154.0,93.0,14.300497622794117,12209745.0,0.060000000000000005,12942329.0
7.0,11300.0,2250000.0,93.0,14.626440774180603,5094606.0,0.060000000000000005,5400283.0
1.0,2350.0,540000.0,79.0,13.199324418540456,1231426.0,0.060000000000000005,1305311.0
1.0,2350.0,575000.0,79.0,13.262125319779487,1231426.0,0.060000000000000005,1305311.0
1.0,1761.0,300000.0,79.0,12.611537753638338,1079442.0,0.05,1133414.0
1.0,1240.0,530000.0,114.0,13.180632285528304,1149748.0,0.05,1207236.0
1.0,1404.0,650000.0,104.0,13.38472764187182,1133037.0,0.05,1189688.0
1.0,1222.0,303000.0,104.0,12.621488084491506,1087844.0,0.05,1142236.0
1.0,1696.0,820000.0,89.0,13.617059619240436,1119886.0,0.05,1175880.0
1.0,1178.0,420000.0,114.0,12.948009990259552,1133916.0,0.05,1190611.0
1.0,1280.0,720000.0,104.0,13.487006490992238,1102047.0,0.05,1157149.0
1.0,1600.0,340000.0,99.0,12.736700896592344,1153818.0,0.05,1211509.0
1.0,1600.0,684950.0,99.0,13.437101121879536,1153818.0,0.05,1211509.0
1.0,840.0,585000.0,99.0,13.279367126213993,973463.0,0.04,1012401.0
1.0,1136.0,626882.0,104.0,13.34851360413649,1067120.0,0.05,1120476.0
1.0,1664.0,456300.0,104.0,13.030905766915494,1200874.0,0.05,1260918.0
1.0,1378.0,645000.0,104.0,13.37700559577791,1126467.0,0.05,1182791.0
1.0,1352.0,700000.0,94.0,13.458835614025542,1063911.0,0.05,1117107.0
1.0,2382.0,1185000.0,79.0,13.985253332551368,1240270.0,0.060000000000000005,1314686.0
1.0,1232.0,550000.0,99.0,13.217673557208654,1062659.0,0.05,1115792.0
1.0,1456.0,690000.0,99.0,13.444446876573442,1117251.0,0.05,1173113.0
1.0,1344.0,525000.0,99.0,13.17115354157376,1089613.0,0.05,1144094.0
1.0,1344.0,870000.0,99.0,13.676248490630767,1089613.0,0.05,1144094.0
1.0,1929.0,800000.0,84.0,13.592367006650065,1149902.0,0.05,1207397.0
1.0,2145.0,830000.0,94.0,13.62918097977278,1270365.0,0.060000000000000005,1346587.0
1.0,1472.0,705000.0,94.0,13.465953081794405,1092851.0,0.05,1147493.0
1.0,1288.0,662000.0,94.0,13.403020834919145,1048791.0,0.05,1101231.0
1.0,1712.0,575600.0,94.0,13.26316825399535,1153113.0,0.05,1210768.0
1.0,1530.0,815000.0,104.0,13.610943392223,1165419.0,0.05,1223690.0
1.0,1428.0,649000.0,104.0,13.383187995686226,1139135.0,0.05,1196091.0
1.0,1312.0,860000.0,104.0,13.664687668229691,1109962.0,0.05,1165460.0
1.0,1632.0,629000.0,109.0,13.351886535682578,1223301.0,0.05,1284466.0
1.0,1328.0,457821.0,104.0,13.034233557008168,1113941.0,0.05,1169638.0
1.0,1206.0,750000.0,104.0,13.527828485512494,1083958.0,0.05,1138156.0
1.0,1257.0,640000.0,114.0,13.369223455335854,1154128.0,0.05,1211834.0
1.0,1350.0,417000.0,114.0,12.94084150078094,1178384.0,0.05,1237303.0
1.0,1494.0,470000.0,114.0,13.060487973686241,1216952.0,0.05,1277800.0
1.0,1300.0,605000.0,104.0,13.312983737012978,1106987.0,0.05,1162336.0
1.0,1512.0,799000.0,99.0,13.591116224748411,1131332.0,0.05,1187898.0
1.0,1128.0,700000.0,104.0,13.458835614025542,1065213.0,0.05,1118473.0
1.0,1128.0,445000.0,104.0,13.005829561148378,1065213.0,0.05,1118473.0
1.0,1320.0,423852.0,104.0,12.957139616675885,1111950.0,0.05,1167547.0
1.0,1456.0,700000.0,104.0,13.458835614025542,1146290.0,0.05,1203605.0
1.0,1482.0,640000.0,104.0,13.369223455335854,1152975.0,0.05,1210624.0
1.0,1536.0,620000.0,104.0,13.337474757021274,1166984.0,0.05,1225333.0
1.0,1328.0,466000.0,114.0,13.051940913107783,1172600.0,0.05,1231230.0
1.0,1328.0,785010.0,114.0,13.57345173553691,1172600.0,0.05,1231230.0
1.0,1914.0,940000.0,114.0,13.753635154246187,1336804.0,0.05,1403644.0
1.0,1444.0,526280.0,104.0,13.173588669479775,1143218.0,0.05,1200379.0
1.0,1444.0,530000.0,104.0,13.180632285528304,1143218.0,0.05,1200379.0
1.0,1216.0,854000.0,79.0,13.657686472770706,955573.0,0.05,1003352.0
1.0,1216.0,475000.0,79.0,13.071070083016778,955573.0,0.05,1003352.0
1.0,1300.0,505000.0,89.0,13.132313708257497,1024969.0,0.05,1076217.0
1.0,1360.0,600000.0,104.0,13.304684934198283,1121942.0,0.05,1178039.0
1.0,1408.0,775000.0,104.0,13.560618308335483,1134051.0,0.05,1190753.0
1.0,1408.0,820000.0,99.0,13.617059619240436,1105321.0,0.05,1160587.0
1.0,1280.0,723000.0,114.0,13.491164501140902,1160080.0,0.05,1218084.0
1.0,1280.0,730000.0,104.0,13.500799813124575,1102047.0,0.05,1157149.0
1.0,1264.0,395460.0,104.0,12.887804923274821,1098110.0,0.05,1153016.0
1.0,909.0,450000.0,84.0,13.017002861746503,915355.0,0.04,951969.0
1.0,1024.0,604200.0,84.0,13.311660547934709,939202.0,0.04,976770.0
1.0,1600.0,736000.0,94.0,13.508985397711013,1124588.0,0.05,1180817.0
1.0,1282.0,830000.0,94.0,13.62918097977278,1047385.0,0.05,1099754.0
1.0,1492.0,430000.0,94.0,12.971540487669746,1097750.0,0.05,1152637.0
1.0,1105.0,783520.0,94.0,13.571551866936144,1006733.0,0.05,1057070.0
1.0,1704.0,700000.0,114.0,13.458835614025542,1275471.0,0.05,1339244.0
1.0,1188.0,705000.0,104.0,13.465953081794405,1079603.0,0.05,1133583.0
1.0,1460.0,917500.0,99.0,13.729407858910863,1118251.0,0.05,1174163.0
1.0,1680.0,890000.0,99.0,13.698976741708323,1174648.0,0.05,1233380.0
1.0,1196.0,552000.0,104.0,13.221303325259232,1081536.0,0.05,1135613.0
1.0,1312.0,600000.0,94.0,13.304684934198283,1054436.0,0.05,1107158.0
1.0,1280.0,840000.0,94.0,13.641157170819497,1046917.0,0.05,1099262.0
1.0,1280.0,735000.0,94.0,13.507625778194974,1046917.0,0.05,1099262.0
1.0,1316.0,635000.0,104.0,13.36138027787483,1110955.0,0.05,1166503.0
1.0,1408.0,660000.0,99.0,13.399995114002609,1105321.0,0.05,1160587.0
1.0,1344.0,496860.0,94.0,13.1160635752558,1062009.0,0.05,1115110.0
1.0,1536.0,792447.0,94.0,13.582880905525599,1108606.0,0.05,1164036.0
1.0,1472.0,845000.0,94.0,13.64709190633931,1092851.0,0.05,1147493.0
1.0,1672.0,610000.0,84.0,13.321214236149494,1085672.0,0.05,1139956.0
1.0,1520.0,715000.0,84.0,13.480037821676145,1049386.0,0.05,1101855.0
1.0,1710.0,692000.0,84.0,13.447341234599806,1094938.0,0.05,1149685.0
1.0,1806.0,736000.0,84.0,13.508985397711013,1118701.0,0.05,1174636.0
1.0,1710.0,730000.0,84.0,13.500799813124575,1094938.0,0.05,1149685.0
1.0,1404.0,850000.0,104.0,13.652991628466498,1133037.0,0.05,1189688.0
1.0,1639.0,620000.0,94.0,13.337474757021274,1134440.0,0.05,1191162.0
1.0,1868.0,755000.0,94.0,13.534473028231162,1194054.0,0.05,1253757.0
1.0,1762.0,837000.0,94.0,13.637579349471613,1166080.0,0.05,1224384.0
1.0,1836.0,780000.0,104.0,13.567049198665774,1247969.0,0.05,1310367.0
1.0,1344.0,505734.0,99.0,13.133766118345672,1089613.0,0.05,1144094.0
1.0,1440.0,600000.0,99.0,13.304684934198283,1113260.0,0.05,1168923.0
1.0,1440.0,915000.0,99.0,13.726679344257658,1113260.0,0.05,1168923.0
1.0,1440.0,521650.0,99.0,13.164752143896115,1113260.0,0.05,1168923.0
1.0,1312.0,1300000.0,99.0,14.077874822431765,1081843.0,0.05,1135935.0
1.0,1280.0,700000.0,99.0,13.458835614025542,1074128.0,0.05,1127834.0
1.0,1500.0,760000.0,99.0,13.541073712262515,1128299.0,0.05,1184714.0
1.0,1440.0,840000.0,99.0,13.641157170819497,1113260.0,0.05,1168923.0
1.0,1652.0,840000.0,99.0,13.641157170819497,1167315.0,0.05,1225681.0
1.0,1417.0,960000.0,99.0,13.77468856344402,1107548.0,0.05,1162926.0
1.0,1515.0,1350000.0,99.0,14.115615150414612,1132091.0,0.05,1188696.0
1.0,1440.0,999000.0,99.0,13.81451005763069,1113260.0,0.05,1168923.0
1.0,1536.0,1300000.0,99.0,14.077874822431765,1137420.0,0.05,1194291.0
1.0,1340.0,280000.0,99.0,12.542544882151386,1088639.0,0.05,1143071.0
1.0,1428.0,670000.0,99.0,13.415032991367148,1110276.0,0.05,1165790.0
1.0,1136.0,705000.0,109.0,13.465953081794405,1094857.0,0.05,1149600.0
1.0,1260.0,540681.0,99.0,13.200584735118877,1069334.0,0.05,1122801.0
1.0,1625.0,575000.0,94.0,13.262125319779487,1130893.0,0.05,1187438.0
1.0,1425.0,235000.0,94.0,12.367340793126296,1081423.0,0.05,1135495.0
1.0,1404.0,725000.0,104.0,13.493926933836812,1133037.0,0.05,1189688.0
1.0,1456.0,995000.0,109.0,13.81049801614073,1176085.0,0.05,1234889.0
1.0,1274.0,900000.0,99.0,13.710150042306449,1072688.0,0.05,1126322.0
1.0,1452.0,995000.0,99.0,13.81049801614073,1116252.0,0.05,1172064.0
1.0,1408.0,940000.0,99.0,13.753635154246187,1105321.0,0.05,1160587.0
1.0,1170.0,830000.0,99.0,13.62918097977278,1048025.0,0.05,1100427.0
1.0,1118.0,695000.0,99.0,13.45166712454693,1035908.0,0.05,1087703.0
1.0,1352.0,500000.0,99.0,13.122363377404328,1091564.0,0.05,1146142.0
1.0,1352.0,999000.0,99.0,13.81451005763069,1091564.0,0.05,1146142.0
1.0,1380.0,646844.0,104.0,13.379860431582227,1126971.0,0.05,1183320.0
1.0,1720.0,950000.0,99.0,13.764217263576723,1185203.0,0.05,1244463.0
1.0,1300.0,840000.0,104.0,13.641157170819497,1106987.0,0.05,1162336.0
1.0,1264.0,508000.0,104.0,13.138236726560619,1098110.0,0.05,1153016.0
1.0,1621.0,995000.0,99.0,13.81049801614073,1159250.0,0.05,1217212.0
1.0,1812.0,1150000.0,99.0,13.955272500339433,1209842.0,0.05,1270334.0
1.0,1287.0,500000.0,99.0,13.122363377404328,1075811.0,0.05,1129601.0
1.0,1423.0,999000.0,99.0,13.81451005763069,1109036.0,0.05,1164487.0
1.0,1392.0,860000.0,99.0,13.664687668229691,1101373.0,0.05,1156442.0
1.0,1284.0,999000.0,99.0,13.81451005763069,1075089.0,0.05,1128844.0
1.0,1316.0,832000.0,99.0,13.631587719803345,1082811.0,0.05,1136952.0
1.0,1748.0,915000.0,99.0,13.726679344257658,1192648.0,0.05,1252281.0
1.0,1326.0,400000.0,99.0,12.89921982609012,1085235.0,0.05,1139497.0
1.0,1316.0,820000.0,99.0,13.617059619240436,1082811.0,0.05,1136952.0
1.0,840.0,575000.0,79.0,13.262125319779487,878503.0,0.04,913644.0
1.0,798.0,349830.0,79.0,12.765202601182489,870290.0,0.04,905102.0
1.0,1444.0,807000.0,94.0,13.601078947252086,1086028.0,0.05,1140330.0
1.0,1284.0,689000.0,104.0,13.442996549995796,1103033.0,0.05,1158185.0
1.0,1430.0,740000.0,114.0,13.514405465180353,1199657.0,0.05,1259640.0
1.0,1928.0,600000.0,114.0,13.304684934198283,1340996.0,0.05,1408046.0
1.0,1216.0,750000.0,114.0,13.527828485512494,1143593.0,0.05,1200773.0
1.0,1400.0,800000.0,104.0,13.592367006650065,1132024.0,0.05,1188625.0
1.0,1274.0,660000.0,94.0,13.399995114002609,1045513.0,0.05,1097788.0
1.0,1378.0,700000.0,94.0,13.458835614025542,1070116.0,0.05,1123621.0
1.0,1352.0,728000.0,99.0,13.498056327178823,1091564.0,0.05,1146142.0
1.0,1284.0,400000.0,99.0,12.89921982609012,1075089.0,0.05,1128844.0
1.0,1643.0,815000.0,84.0,13.610943392223,1078654.0,0.05,1132586.0
1.0,1855.0,700000.0,94.0,13.458835614025542,1190587.0,0.05,1250117.0
1.0,2835.0,582000.0,89.0,13.274225726713574,1444786.0,0.060000000000000005,1531474.0
1.0,1040.0,625000.0,104.0,13.345506928718539,1044453.0,0.04,1086231.0
1.0,1500.0,820000.0,109.0,13.617059619240436,1187715.0,0.05,1247101.0
1.0,1396.0,350000.0,109.0,12.765688433465597,1160408.0,0.05,1218429.0
1.0,1396.0,888000.0,109.0,13.696727021974308,1160408.0,0.05,1218429.0
1.0,1263.0,640000.0,89.0,13.369223455335854,1016522.0,0.05,1067348.0
1.0,1263.0,500500.0,89.0,13.123362877737412,1016522.0,0.05,1067348.0
1.0,1472.0,710000.0,104.0,13.473020249017498,1150400.0,0.05,1207920.0
1.0,1576.0,557645.0,114.0,13.23147783818505,1239476.0,0.05,1301450.0
1.0,1528.0,775000.0,99.0,13.560618308335483,1135387.0,0.05,1192157.0
1.0,1528.0,495000.0,99.0,13.112313041550827,1135387.0,0.05,1192157.0
1.0,1650.0,775000.0,99.0,13.560618308335483,1166793.0,0.05,1225132.0
1.0,1040.0,357000.0,104.0,12.785491060761776,1044453.0,0.04,1086231.0
1.0,1500.0,234000.0,94.0,12.363076394339839,1099716.0,0.05,1154702.0
1.0,1472.0,940000.0,99.0,13.753635154246187,1121256.0,0.05,1177319.0
1.0,1640.0,720000.0,94.0,13.487006490992238,1134693.0,0.05,1191428.0
1.0,1473.0,682500.0,84.0,13.433517806041252,1038413.0,0.05,1090334.0
1.0,1110.0,730000.0,84.0,13.500799813124575,957441.0,0.05,1005314.0
1.0,1708.0,675000.0,89.0,13.422467969854667,1122895.0,0.05,1179040.0
1.0,1520.0,600000.0,84.0,13.304684934198283,1049386.0,0.05,1101855.0
1.0,1120.0,491790.0,84.0,13.105807075088611,959585.0,0.05,1007564.0
1.0,1890.0,920000.0,84.0,13.732128949025222,1139916.0,0.05,1196912.0
1.0,1296.0,677000.0,64.0,13.425426551894413,900746.0,0.05,945783.0
1.0,1296.0,685000.0,64.0,13.437174117244362,900746.0,0.05,945783.0
2.0,8048.0,1230000.0,114.0,14.0225247273486,4726677.0,0.060000000000000005,5010277.0
2.0,3472.0,907000.0,20.0,13.717897729097274,1048546.0,0.07999999999999999,1132430.0
2.0,1400.0,600000.0,114.0,13.304684934198283,1068667.0,0.05,1122101.0
2.0,2936.0,1113000.0,104.0,13.922569630257682,1431346.0,0.060000000000000005,1517227.0
2.0,2068.0,575000.0,79.0,13.262125319779487,1036853.0,0.060000000000000005,1099064.0
2.0,1696.0,675264.0,104.0,13.422859004501763,1084688.0,0.05,1138922.0
2.0,2720.0,1050000.0,104.0,13.864300722133706,1363845.0,0.060000000000000005,1445675.0
2.0,2160.0,1075000.0,99.0,13.8878312195439,1172813.0,0.060000000000000005,1243182.0
2.0,2864.0,685000.0,99.0,13.437174117244362,1372801.0,0.060000000000000005,1455169.0
2.0,2400.0,802000.0,94.0,13.594863886848652,1206134.0,0.060000000000000005,1278502.0
2.0,3678.0,879777.0,99.0,13.687423745249971,1646912.0,0.060000000000000005,1745727.0
2.0,2000.0,800000.0,104.0,13.592367006650065,1160999.0,0.05,1219049.0
2.0,2156.0,750000.0,84.0,13.527828485512494,1084947.0,0.060000000000000005,1150043.0
2.0,2487.0,1050000.0,15.0,13.864300722133706,819920.0,0.07999999999999999,885514.0
2.0,1768.0,900000.0,104.0,13.710150042306449,1102296.0,0.05,1157410.0
2.0,1920.0,775000.0,104.0,13.560618308335483,1140412.0,0.05,1197432.0
2.0,1422.0,700000.0,99.0,13.458835614025542,994369.0,0.05,1044087.0
2.0,1632.0,500000.0,104.0,13.122363377404328,1069273.0,0.05,1122737.0
2.0,1690.0,690000.0,84.0,13.444446876573442,977566.0,0.05,1026445.0
2.0,1975.0,720000.0,84.0,13.487006490992238,1041905.0,0.05,1094000.0
2.0,2160.0,640000.0,94.0,13.369223455335854,1143101.0,0.060000000000000005,1211687.0
2.0,2560.0,346766.0,59.0,12.756405479866679,1044549.0,0.060000000000000005,1107222.0
2.0,1100.0,630000.0,99.0,13.353475098367715,925277.0,0.04,962289.0
2.0,2860.0,985000.0,94.0,13.800396920154226,1336826.0,0.060000000000000005,1417036.0
2.0,1440.0,1475000.0,99.0,14.204168547756057,998380.0,0.05,1048299.0
2.0,1440.0,625000.0,99.0,13.345506928718539,998380.0,0.05,1048299.0
2.0,2080.0,730000.0,94.0,13.500799813124575,1122831.0,0.060000000000000005,1190201.0
2.0,2492.0,1330000.0,4.0,14.100689500197937,775783.0,0.07999999999999999,837846.0
2.0,2492.0,1330000.0,4.0,14.100689500197937,775783.0,0.07999999999999999,837846.0
2.0,1902.0,780000.0,84.0,13.567049198665774,1025032.0,0.05,1076284.0
2.0,2266.0,700000.0,84.0,13.458835614025542,1111969.0,0.060000000000000005,1178687.0
2.0,1496.0,475000.0,84.0,13.071070083016778,936059.0,0.05,982862.0
2.0,2106.0,892500.0,84.0,13.70178179263593,1072882.0,0.060000000000000005,1137255.0
2.0,2258.0,715000.0,74.0,13.480037821676145,1054454.0,0.060000000000000005,1117721.0
2.0,2055.0,650000.0,84.0,13.38472764187182,1060714.0,0.060000000000000005,1124357.0
2.0,2592.0,675000.0,94.0,13.422467969854667,1259054.0,0.060000000000000005,1334598.0
2.0,1520.0,432600.0,94.0,12.977568792501096,990654.0,0.05,1040187.0
2.0,1520.0,553390.0,94.0,13.223818276059662,990654.0,0.05,1040187.0
2.0,1335.0,799000.0,104.0,13.591116224748411,1000556.0,0.05,1050583.0
2.0,2060.0,1065000.0,114.0,13.878485357125662,1238647.0,0.060000000000000005,1312966.0
2.0,1971.0,780000.0,104.0,13.567049198665774,1153494.0,0.05,1211169.0
2.0,2000.0,730000.0,93.0,13.500799813124575,1097275.0,0.05,1152138.0
2.0,2080.0,630000.0,114.0,13.353475098367715,1244200.0,0.060000000000000005,1318852.0
2.0,1344.0,920000.0,104.0,13.732128949025222,1002572.0,0.05,1052700.0
2.0,2048.0,1250000.0,114.0,14.038654109278484,1235327.0,0.060000000000000005,1309447.0
2.0,1920.0,1115000.0,125.0,13.924364962876357,1270183.0,0.05,1333692.0
2.0,1440.0,650000.0,114.0,13.38472764187182,1078270.0,0.05,1132184.0
2.0,2048.0,1070000.0,104.0,13.883169206438088,1173530.0,0.060000000000000005,1243942.0
2.0,2232.0,800000.0,99.0,13.592367006650065,1191851.0,0.060000000000000005,1263362.0
2.0,2376.0,800000.0,109.0,13.592367006650065,1295676.0,0.060000000000000005,1373417.0
2.0,1920.0,860000.0,104.0,13.664687668229691,1140412.0,0.05,1197432.0
2.0,2160.0,1050000.0,104.0,13.864300722133706,1203296.0,0.060000000000000005,1275494.0
2.0,2121.0,900000.0,104.0,13.710150042306449,1192847.0,0.060000000000000005,1264417.0
2.0,1400.0,850000.0,109.0,13.652991628466498,1041594.0,0.05,1093674.0
2.0,2720.0,1160000.0,104.0,13.963930563082547,1363845.0,0.060000000000000005,1445675.0
2.0,1984.0,800000.0,125.0,13.592367006650065,1288494.0,0.05,1352919.0
2.0,1260.0,750000.0,104.0,13.527828485512494,983913.0,0.05,1033108.0
2.0,1782.0,750000.0,104.0,13.527828485512494,1105752.0,0.05,1161040.0
2.0,1680.0,790000.0,104.0,13.579788224443204,1080813.0,0.05,1134854.0
2.0,1976.0,880000.0,114.0,13.687677186454389,1215595.0,0.05,1276375.0
2.0,2280.0,905000.0,104.0,13.715690222682063,1236027.0,0.060000000000000005,1310189.0
2.0,1896.0,689000.0,84.0,13.442996549995796,1023658.0,0.05,1074841.0
2.0,2797.0,900000.0,64.0,13.710150042306449,1130036.0,0.060000000000000005,1197838.0
2.0,1230.0,855000.0,94.0,13.658856747918897,928442.0,0.05,974864.0
2.0,1408.0,775000.0,99.0,13.560618308335483,991260.0,0.05,1040823.0
2.0,1408.0,1350000.0,99.0,14.115615150414612,991260.0,0.05,1040823.0
2.0,2000.0,500000.0,104.0,13.122363377404328,1160999.0,0.05,1219049.0
2.0,2000.0,927000.0,99.0,13.739708844547993,1131587.0,0.05,1188167.0
2.0,1640.0,609000.0,104.0,13.319573546692034,1071188.0,0.05,1124747.0
2.0,1280.0,499126.0,114.0,13.12061384786965,1040368.0,0.05,1092387.0
2.0,1350.0,900000.0,25.0,13.710150042306449,669305.0,0.05,702770.0
2.0,909.0,725000.0,84.0,13.493926933836812,820897.0,0.04,853733.0
2.0,1291.0,300000.0,84.0,12.611537753638338,894112.0,0.05,938817.0
2.0,1024.0,570000.0,84.0,13.253391639810733,842284.0,0.04,875975.0
2.0,1540.0,600000.0,79.0,13.304684934198283,921368.0,0.05,967436.0
2.0,1216.0,566000.0,89.0,13.24634935718532,902092.0,0.05,947197.0
2.0,1216.0,850000.0,89.0,13.652991628466498,902092.0,0.05,947197.0
2.0,2080.0,875000.0,94.0,13.681979165339751,1122831.0,0.060000000000000005,1190201.0
2.0,2560.0,990000.0,104.0,13.805460222110773,1315904.0,0.060000000000000005,1394858.0
2.0,2304.0,745000.0,94.0,13.521139497361697,1180514.0,0.060000000000000005,1251345.0
2.0,2160.0,850000.0,94.0,13.652991628466498,1143101.0,0.060000000000000005,1211687.0
2.0,1392.0,515000.0,99.0,13.151922179645874,987720.0,0.05,1037106.0
2.0,1392.0,890000.0,99.0,13.698976741708323,987720.0,0.05,1037106.0
2.0,2217.0,850000.0,69.0,13.652991628466498,1018360.0,0.060000000000000005,1079462.0
2.0,1824.0,850000.0,84.0,13.652991628466498,1007306.0,0.05,1057672.0
2.0,1824.0,715000.0,84.0,13.480037821676145,1007306.0,0.05,1057672.0
2.0,1836.0,815000.0,94.0,13.610943392223,1063200.0,0.05,1116360.0
2.0,1938.0,615157.0,94.0,13.329632798761944,1087733.0,0.05,1142119.0
2.0,2096.0,820000.0,79.0,13.617059619240436,1043366.0,0.060000000000000005,1105968.0
2.0,2080.0,950000.0,109.0,13.764217263576723,1212680.0,0.060000000000000005,1285441.0
2.0,3100.0,1080000.0,54.0,13.892471599100402,1148773.0,0.060000000000000005,1217700.0
2.0,3060.0,955000.0,94.0,13.769466619462868,1397980.0,0.060000000000000005,1481858.0
2.0,3023.0,900000.0,94.0,13.710150042306449,1386459.0,0.060000000000000005,1469647.0
2.0,3023.0,999950.0,94.0,13.815460556714232,1386459.0,0.060000000000000005,1469647.0
2.0,2589.0,1225000.0,119.0,14.018451401960965,1430450.0,0.060000000000000005,1516278.0
2.0,2136.0,1165000.0,109.0,13.968231644981937,1227964.0,0.060000000000000005,1301641.0
2.0,1800.0,810065.0,104.0,13.60486977034259,1110213.0,0.05,1165723.0
2.0,1320.0,715000.0,94.0,13.480037821676145,947319.0,0.05,994685.0
2.0,2130.0,1355000.0,109.0,14.119312012295937,1226317.0,0.060000000000000005,1299896.0
2.0,2053.0,900000.0,109.0,13.710150042306449,1205380.0,0.060000000000000005,1277702.0
2.0,2634.0,809509.0,109.0,13.60418317001208,1372637.0,0.060000000000000005,1454995.0
2.0,2634.0,1268141.0,109.0,14.053062606535358,1372637.0,0.060000000000000005,1454995.0
2.0,2156.0,1600000.0,99.0,14.28551418721001,1171764.0,0.060000000000000005,1242070.0
2.0,2680.0,935000.0,89.0,13.748301808270824,1251549.0,0.060000000000000005,1326642.0
2.0,1604.0,1350000.0,99.0,14.115615150414612,1035679.0,0.05,1087463.0
2.0,1075.0,985800.0,79.0,13.801208773253414,830363.0,0.04,863577.0
2.0,1720.0,1065118.0,79.0,13.87859614911007,959215.0,0.05,1007176.0
2.0,1322.0,999000.0,94.0,13.81451005763069,947743.0,0.05,995130.0
2.0,2020.0,995000.0,114.0,13.81049801614073,1227616.0,0.060000000000000005,1301273.0
2.0,1860.0,700000.0,109.0,13.458835614025542,1154457.0,0.05,1212180.0
2.0,1632.0,792000.0,104.0,13.582316670796564,1069273.0,0.05,1122737.0
2.0,2232.0,1160000.0,104.0,13.963930563082547,1222830.0,0.060000000000000005,1296199.0
2.0,2280.0,875000.0,114.0,13.681979165339751,1301116.0,0.060000000000000005,1379183.0
2.0,2240.0,280000.0,99.0,12.542544882151386,1193985.0,0.060000000000000005,1265625.0
2.0,2240.0,1380000.0,99.0,14.137594057133388,1193985.0,0.060000000000000005,1265625.0
2.0,1513.0,760000.0,99.0,13.541073712262515,1014814.0,0.05,1065554.0
2.0,2000.0,500000.0,109.0,13.122363377404328,1191176.0,0.05,1250735.0
2.0,1758.0,815000.0,79.0,13.610943392223,967402.0,0.05,1015772.0
2.0,2760.0,660000.0,64.0,13.399995114002609,1120723.0,0.060000000000000005,1187967.0
2.0,1861.0,900000.0,69.0,13.710150042306449,940423.0,0.05,987445.0
2.0,2100.0,750000.0,64.0,13.527828485512494,966926.0,0.060000000000000005,1024942.0
2.0,2544.0,450000.0,64.0,13.017002861746503,1067870.0,0.060000000000000005,1131943.0
3.0,3052.0,830000.0,74.0,13.62918097977278,1129398.0,0.060000000000000005,1197162.0
3.0,4145.0,733333.0,2.0,13.505355175114877,996635.0,0.07999999999999999,1076366.0
3.0,2938.0,733333.0,2.0,13.505355175114877,760854.0,0.07999999999999999,821723.0
3.0,2938.0,733333.0,2.0,13.505355175114877,760854.0,0.07999999999999999,821723.0
3.0,3240.0,733333.0,2.0,13.505355175114877,814019.0,0.07999999999999999,879140.0
3.0,3088.0,733333.0,2.0,13.505355175114877,786812.0,0.07999999999999999,849757.0
3.0,3600.0,995000.0,17.0,13.81049801614073,952868.0,0.07999999999999999,1029098.0
3.0,3135.0,1225000.0,114.0,14.018451401960965,1412734.0,0.060000000000000005,1497498.0
3.0,1984.0,885000.0,125.0,13.693342923990066,1155531.0,0.05,1213308.0
3.0,1976.0,767510.0,114.0,13.550906787674569,1090154.0,0.05,1144662.0
3.0,3135.0,1195000.0,104.0,13.993656743347747,1342062.0,0.060000000000000005,1422586.0
3.0,2160.0,240000.0,125.0,12.388394202324129,1201922.0,0.060000000000000005,1274038.0
3.0,1646.0,777500.0,104.0,13.563838923035526,961939.0,0.05,1010036.0
3.0,2556.0,850000.0,104.0,13.652991628466498,1179057.0,0.060000000000000005,1249801.0
3.0,1600.0,900000.0,104.0,13.710150042306449,952094.0,0.05,999698.0
3.0,1836.0,720000.0,94.0,13.487006490992238,953486.0,0.05,1001160.0
3.0,2040.0,716339.0,84.0,13.481908797581369,948070.0,0.060000000000000005,1004955.0
3.0,2376.0,1185000.0,109.0,13.985253332551368,1161972.0,0.060000000000000005,1231690.0
3.0,3292.0,1525000.0,99.0,14.237504968023648,1354808.0,0.060000000000000005,1436097.0
3.0,2820.0,699538.0,109.0,13.458175396129663,1283278.0,0.060000000000000005,1360275.0
3.0,2820.0,855000.0,109.0,13.658856747918897,1283278.0,0.060000000000000005,1360275.0
3.0,2416.0,725000.0,79.0,13.493926933836812,1005118.0,0.060000000000000005,1065425.0
3.0,5616.0,910000.0,89.0,13.721199878493033,2164301.0,0.060000000000000005,2294159.0
27.0,25836.0,2400000.0,104.0,14.690979295318174,15757154.0,0.060000000000000005,16702583.0
6.0,5412.0,650000.0,104.0,13.38472764187182,1610767.0,0.060000000000000005,1707413.0
6.0,5412.0,650000.0,104.0,13.38472764187182,1610767.0,0.060000000000000005,1707413.0
6.0,5710.0,825000.0,104.0,13.623138665316818,1721778.0,0.060000000000000005,1825085.0
4.0,4020.0,1170000.0,99.0,13.972514306773938,1429838.0,0.060000000000000005,1515629.0
4.0,3936.0,965000.0,104.0,13.779883380321124,1439700.0,0.060000000000000005,1526082.0
28.0,21840.0,5163750.0,99.0,15.457173617693112,5635153.0,0.060000000000000005,5973262.0
4.0,3528.0,1120000.0,93.0,13.928839243271277,1242015.0,0.060000000000000005,1316536.0
6.0,4500.0,656710.0,93.0,13.394997799716544,1241465.0,0.060000000000000005,1315953.0
6.0,4920.0,1200000.0,93.0,13.997832114758229,1363731.0,0.060000000000000005,1445555.0
4.0,2598.0,1190000.0,125.0,13.989463865087712,1188826.0,0.060000000000000005,1260155.0
1.0,1680.0,2215000.0,114.0,14.610762961461374,1268643.0,0.05,1332075.0
1.0,1765.0,1900000.0,114.0,14.457364444136669,1292991.0,0.05,1357640.0
1.0,3144.0,1785000.0,114.0,14.394928973195876,1760096.0,0.060000000000000005,1865701.0
1.0,1848.0,900000.0,125.0,13.710150042306449,1393714.0,0.05,1463400.0
1.0,2200.0,1850000.0,123.0,14.430696197054507,1492470.0,0.060000000000000005,1582018.0
1.0,3866.0,2500000.0,114.0,14.73180128983843,2068537.0,0.060000000000000005,2192650.0
1.0,2846.0,2250000.0,114.0,14.626440774180603,1646614.0,0.060000000000000005,1745411.0
1.0,1780.0,1600000.0,114.0,14.28551418721001,1297336.0,0.05,1362202.0
1.0,2468.0,2875000.0,114.0,14.871563232213587,1513133.0,0.060000000000000005,1603921.0
1.0,2168.0,1850000.0,114.0,14.430696197054507,1414941.0,0.060000000000000005,1499838.0
1.0,2106.0,2650000.0,99.0,14.790070197962406,1292066.0,0.060000000000000005,1369589.0
1.0,1800.0,1975000.0,119.0,14.496078956317358,1337023.0,0.05,1403874.0
1.0,1800.0,2600000.0,119.0,14.77102200299171,1337023.0,0.05,1403874.0
1.0,2200.0,1450000.0,94.0,14.187074114396758,1286088.0,0.060000000000000005,1363253.0
1.0,3560.0,2300000.0,123.0,14.648419680899378,2023024.0,0.060000000000000005,2144405.0
1.0,2884.0,1600000.0,123.0,14.28551418721001,1739169.0,0.060000000000000005,1843519.0
1.0,2237.0,1995000.0,125.0,14.506154608306101,1520397.0,0.060000000000000005,1611621.0
1.0,3896.0,3200000.0,114.0,14.978661367769956,2082463.0,0.060000000000000005,2207411.0
1.0,1804.0,1500000.0,99.0,14.22097566607244,1207679.0,0.05,1268063.0
1.0,2820.0,1600000.0,114.0,14.28551418721001,1637067.0,0.060000000000000005,1735291.0
1.0,2820.0,1225000.0,114.0,14.018451401960965,1637067.0,0.060000000000000005,1735291.0
1.0,3036.0,2280000.0,114.0,14.639686000930624,1718092.0,0.060000000000000005,1821177.0
1.0,2400.0,2369000.0,114.0,14.677978483140922,1490295.0,0.060000000000000005,1579713.0
1.0,1948.0,1510000.0,114.0,14.227620208791107,1347008.0,0.05,1414358.0
1.0,1750.0,2995000.0,114.0,14.912454789531687,1288660.0,0.05,1353093.0
1.0,2000.0,1300000.0,104.0,14.077874822431765,1294592.0,0.05,1359321.0
1.0,2864.0,2139000.0,119.0,14.575848988064543,1696228.0,0.060000000000000005,1798001.0
2.0,2128.0,1300000.0,114.0,14.077874822431765,1257629.0,0.060000000000000005,1333086.0
2.0,2128.0,1300000.0,114.0,14.077874822431765,1257629.0,0.060000000000000005,1333086.0
2.0,2144.0,2300000.0,123.0,14.648419680899378,1321800.0,0.060000000000000005,1401108.0
2.0,2144.0,1625000.0,123.0,14.301018373745976,1321800.0,0.060000000000000005,1401108.0
2.0,2108.0,2600000.0,114.0,14.77102200299171,1252016.0,0.060000000000000005,1327137.0
2.0,2096.0,324800.0,114.0,12.69096488726966,1248660.0,0.060000000000000005,1323580.0
2.0,2704.0,1900000.0,119.0,14.457364444136669,1467718.0,0.060000000000000005,1555781.0
2.0,3192.0,1500000.0,119.0,14.22097566607244,1636973.0,0.060000000000000005,1735192.0
2.0,2535.0,1850000.0,114.0,14.430696197054507,1377476.0,0.060000000000000005,1460124.0
2.0,2854.0,1750000.0,114.0,14.375126345899696,1479340.0,0.060000000000000005,1568101.0
2.0,2176.0,2375000.0,109.0,14.68050799545088,1238998.0,0.060000000000000005,1313338.0
2.0,1938.0,1300000.0,125.0,14.077874822431765,1275307.0,0.05,1339072.0
2.0,2940.0,1999500.0,114.0,14.50840770726901,1508069.0,0.060000000000000005,1598553.0
2.0,2048.0,1285000.0,119.0,14.066269276311457,1267436.0,0.060000000000000005,1343482.0
3.0,1970.0,1350000.0,114.0,14.115615150414612,1088693.0,0.05,1143127.0
3.0,3240.0,1850000.0,19.0,14.430696197054507,888227.0,0.07999999999999999,959285.0
3.0,2176.0,1700000.0,109.0,14.346138809026444,1111143.0,0.060000000000000005,1177811.0
3.0,3300.0,975000.0,114.0,13.790192749979985,1465841.0,0.060000000000000005,1553791.0
3.0,3516.0,1700000.0,119.0,14.346138809026444,1578376.0,0.060000000000000005,1673079.0
3.0,3321.0,1315000.0,119.0,14.089347223594002,1511021.0,0.060000000000000005,1601682.0
8.0,9600.0,1210000.0,115.0,14.006130917572923,3497228.0,0.060000000000000005,3707062.0
4.0,3712.0,1500000.0,93.0,14.22097566607244,1294191.0,0.060000000000000005,1371843.0
4.0,3712.0,1350000.0,93.0,14.115615150414612,1294191.0,0.060000000000000005,1371843.0
6.0,4400.0,1200000.0,114.0,13.997832114758229,1352154.0,0.060000000000000005,1433283.0
6.0,4400.0,1900000.0,114.0,14.457364444136669,1352154.0,0.060000000000000005,1433283.0
8.0,6028.0,2430000.0,104.0,14.703401815316731,1486835.0,0.060000000000000005,1576045.0
18.0,6500.0,1200000.0,114.0,13.997832114758229,585312.0,0.060000000000000005,620431.0
1.0,1648.0,1400000.0,104.0,14.151982794585487,1196585.0,0.05,1256414.0
1.0,1368.0,985000.0,79.0,13.800396920154226,988616.0,0.05,1038047.0
1.0,1216.0,780000.0,104.0,13.567049198665774,1086385.0,0.05,1140704.0
1.0,1360.0,845000.0,104.0,13.64709190633931,1121942.0,0.05,1178039.0
1.0,1312.0,875000.0,104.0,13.681979165339751,1109962.0,0.05,1165460.0
1.0,2448.0,971000.0,89.0,13.786081747273462,1324997.0,0.060000000000000005,1404496.0
1.0,3244.0,988000.0,94.0,13.803437976730004,1624327.0,0.060000000000000005,1721786.0
1.0,1558.0,872000.0,114.0,13.678544702891116,1234496.0,0.05,1296221.0
1.0,1620.0,600000.0,104.0,13.304684934198283,1189115.0,0.05,1248571.0
1.0,2038.0,340000.0,84.0,12.736700896592344,1178278.0,0.060000000000000005,1248975.0
1.0,1024.0,810000.0,94.0,13.604789526648622,988660.0,0.04,1028207.0
1.0,960.0,740000.0,94.0,13.514405465180353,974610.0,0.04,1013594.0
1.0,1024.0,940000.0,125.0,13.753635154246187,1159150.0,0.04,1205516.0
1.0,1320.0,820000.0,104.0,13.617059619240436,1111950.0,0.05,1167547.0
1.0,1500.0,1100000.0,104.0,13.9108207377686,1157626.0,0.05,1215507.0
1.0,528.0,650000.0,125.0,13.38472764187182,1037441.0,0.04,1078939.0
1.0,459.0,800000.0,84.0,13.592367006650065,827716.0,0.04,860825.0
1.0,1260.0,1999900.0,114.0,14.508607737274177,1154902.0,0.05,1212648.0
1.0,1806.0,675000.0,84.0,13.422467969854667,1118701.0,0.05,1174636.0
1.0,1795.0,718000.0,79.0,13.484224848030362,1087681.0,0.05,1142065.0
1.0,1504.0,481650.0,104.0,13.08497298818577,1158662.0,0.05,1216595.0
1.0,1328.0,680000.0,104.0,13.42984807715229,1113941.0,0.05,1169638.0
2.0,1184.0,1025000.0,104.0,13.840203170554645,967330.0,0.05,1015697.0
2.0,1897.0,805000.0,84.0,13.5985975564007,1023887.0,0.05,1075081.0
2.0,2992.0,1500000.0,79.0,14.22097566607244,1274865.0,0.060000000000000005,1351357.0
2.0,2012.0,1210000.0,79.0,14.006130917572923,1023948.0,0.060000000000000005,1085385.0
2.0,1694.0,805000.0,79.0,13.5985975564007,953654.0,0.05,1001337.0
2.0,1596.0,550000.0,74.0,13.217673557208654,909344.0,0.05,954811.0
2.0,1596.0,550000.0,74.0,13.217673557208654,909344.0,0.05,954811.0
2.0,1760.0,740000.0,79.0,13.514405465180353,967835.0,0.05,1016227.0
2.0,1920.0,999999.0,74.0,13.815509557963773,977683.0,0.05,1026567.0
2.0,1863.0,525000.0,79.0,13.17115354157376,990389.0,0.05,1039908.0
2.0,2110.0,850000.0,79.0,13.652991628466498,1046638.0,0.060000000000000005,1109436.0
2.0,1408.0,380000.0,79.0,12.84792653170257,894565.0,0.05,939293.0
2.0,1408.0,680000.0,79.0,13.42984807715229,894565.0,0.05,939293.0
2.0,2100.0,1130505.0,84.0,13.938174993512142,1071443.0,0.060000000000000005,1135730.0
2.0,2100.0,530250.0,84.0,13.18110387242693,1071443.0,0.060000000000000005,1135730.0
2.0,1876.0,620000.0,99.0,13.337474757021274,1100637.0,0.05,1155669.0
2.0,1824.0,750000.0,99.0,13.527828485512494,1087911.0,0.05,1142307.0
2.0,1782.0,918500.0,89.0,13.730497183637317,1023826.0,0.05,1075017.0
2.0,3100.0,1100000.0,94.0,13.9108207377686,1410542.0,0.060000000000000005,1495174.0
2.0,1584.0,700000.0,89.0,13.458835614025542,979478.0,0.05,1028451.0
2.0,1740.0,755000.0,89.0,13.534473028231162,1014254.0,0.05,1064966.0
2.0,1740.0,615000.0,89.0,13.329377546788654,1014254.0,0.05,1064966.0
2.0,1767.0,410670.0,79.0,12.925545251257667,969351.0,0.05,1017819.0
2.0,3365.0,990000.0,84.0,13.805460222110773,1421796.0,0.060000000000000005,1507104.0
2.0,3360.0,925000.0,94.0,13.737549016494562,1494994.0,0.060000000000000005,1584694.0
2.0,3360.0,999000.0,94.0,13.81451005763069,1494994.0,0.060000000000000005,1584694.0
2.0,1989.0,480000.0,89.0,13.081541382884074,1072338.0,0.05,1125955.0
2.0,1989.0,710000.0,89.0,13.473020249017498,1072338.0,0.05,1125955.0
2.0,2392.0,770000.0,84.0,13.554145793829866,1143749.0,0.060000000000000005,1212374.0
2.0,2384.0,901000.0,74.0,13.711260536590475,1084591.0,0.060000000000000005,1149666.0
2.0,1930.0,725000.0,74.0,13.493926933836812,979872.0,0.05,1028865.0
2.0,2204.0,1080000.0,74.0,13.892471599100402,1041796.0,0.060000000000000005,1104304.0
2.0,1844.0,735000.0,84.0,13.507625778194974,1011822.0,0.05,1062413.0
2.0,2123.0,875000.0,74.0,13.681979165339751,1023093.0,0.060000000000000005,1084479.0
2.0,2123.0,650000.0,74.0,13.38472764187182,1023093.0,0.060000000000000005,1084479.0
2.0,1620.0,488748.0,104.0,13.099602298201729,1066407.0,0.05,1119727.0
2.0,1672.0,400000.0,74.0,12.89921982609012,924932.0,0.05,971179.0
2.0,2113.0,895000.0,74.0,13.704578997256993,1020808.0,0.060000000000000005,1082056.0
2.0,964.0,900000.0,79.0,13.710150042306449,810003.0,0.04,842403.0
2.0,2100.0,1485000.0,17.0,14.210925330218936,759697.0,0.07999999999999999,820472.0
2.0,2160.0,1380000.0,84.0,14.137594057133388,1085918.0,0.060000000000000005,1151073.0
2.0,1430.0,1100000.0,84.0,13.9108207377686,922344.0,0.05,968461.0
2.0,2080.0,1600000.0,114.0,14.28551418721001,1244200.0,0.060000000000000005,1318852.0
2.0,1872.0,850000.0,79.0,13.652991628466498,992384.0,0.05,1042003.0
2.0,1966.0,1330000.0,69.0,14.100689500197937,962769.0,0.05,1010907.0
2.0,1470.0,565000.0,79.0,13.244581010128577,907056.0,0.05,952408.0
2.0,1470.0,990000.0,79.0,13.805460222110773,907056.0,0.05,952408.0
2.0,1680.0,712000.0,79.0,13.475833190394113,950673.0,0.05,998206.0
2.0,1470.0,750000.0,79.0,13.527828485512494,907056.0,0.05,952408.0
2.0,3731.0,3000000.0,123.0,14.914122846632385,1884991.0,0.060000000000000005,1998090.0
2.0,1536.0,570000.0,84.0,13.253391639810733,944470.0,0.05,991694.0
2.0,1843.0,750000.0,74.0,13.527828485512494,960990.0,0.05,1009040.0
2.0,1505.0,450000.0,84.0,13.017002861746503,937945.0,0.05,984842.0
2.0,2820.0,1275000.0,19.0,14.058456736574664,901635.0,0.07999999999999999,973765.0
2.0,2144.0,915000.0,114.0,13.726679344257658,1262137.0,0.060000000000000005,1337865.0
2.0,1504.0,1160000.0,99.0,13.963930563082547,1012773.0,0.05,1063412.0
2.0,1568.0,500000.0,123.0,13.122363377404328,1162035.0,0.05,1220137.0
2.0,2432.0,999000.0,99.0,13.81451005763069,1246372.0,0.060000000000000005,1321155.0
3.0,2924.0,200000.0,95.0,12.206072645530174,1222417.0,0.060000000000000005,1295762.0
3.0,2170.0,1400000.0,74.0,14.151982794585487,927213.0,0.060000000000000005,982846.0
3.0,2680.0,870000.0,99.0,13.676248490630767,1181503.0,0.060000000000000005,1252394.0
3.0,2787.0,427000.0,69.0,12.96453929221076,1037443.0,0.060000000000000005,1099689.0
3.0,2880.0,920000.0,104.0,13.732128949025222,1267666.0,0.060000000000000005,1343726.0
3.0,2560.0,396288.0,104.0,12.889896498629234,1180113.0,0.060000000000000005,1250919.0
3.0,3040.0,715000.0,94.0,13.480037821676145,1248123.0,0.060000000000000005,1323011.0
3.0,3040.0,650000.0,94.0,13.38472764187182,1248123.0,0.060000000000000005,1323011.0
3.0,2860.0,340000.0,74.0,12.736700896592344,1081928.0,0.060000000000000005,1146844.0
3.0,2508.0,1200000.0,104.0,13.997832114758229,1166468.0,0.060000000000000005,1236456.0
3.0,1627.0,1136252.0,74.0,13.943245684648295,821180.0,0.05,862239.0
3.0,2272.0,820000.0,104.0,13.617059619240436,1106497.0,0.060000000000000005,1172887.0
3.0,3400.0,1085000.0,84.0,13.897090544956697,1285097.0,0.060000000000000005,1362203.0
3.0,2000.0,900000.0,114.0,13.710150042306449,1096022.0,0.05,1150823.0
3.0,3400.0,1570750.0,64.0,14.267063770265194,1159739.0,0.060000000000000005,1229323.0
3.0,3000.0,1325000.0,17.0,14.09692301740246,833212.0,0.07999999999999999,899869.0
3.0,4320.0,2025000.0,20.0,14.521080258522776,1136716.0,0.07999999999999999,1227653.0
3.0,3212.0,894024.0,84.0,13.703487899432897,1232184.0,0.060000000000000005,1306115.0
3.0,2308.0,1075000.0,93.0,13.8878312195439,1054218.0,0.060000000000000005,1117471.0
3.0,2308.0,1200000.0,93.0,13.997832114758229,1054218.0,0.060000000000000005,1117471.0
3.0,3600.0,1500000.0,18.0,14.22097566607244,957771.0,0.07999999999999999,1034392.0
3.0,2695.0,745000.0,99.0,13.521139497361697,1185474.0,0.060000000000000005,1256602.0
3.0,3150.0,825000.0,74.0,13.623138665316818,1154425.0,0.060000000000000005,1223691.0
3.0,2400.0,997000.0,104.0,13.812506048943975,1138630.0,0.060000000000000005,1206948.0
4.0,3696.0,1207500.0,94.0,14.004062664508865,1296204.0,0.060000000000000005,1373976.0
4.0,3696.0,1195000.0,94.0,13.993656743347747,1296204.0,0.060000000000000005,1373976.0
4.0,3198.0,1150000.0,94.0,13.955272500339433,1159586.0,0.060000000000000005,1229161.0
6.0,6123.0,525000.0,94.0,13.17115354157376,1793922.0,0.060000000000000005,1901558.0
6.0,5796.0,950000.0,94.0,13.764217263576723,1667410.0,0.060000000000000005,1767455.0
4.0,3280.0,1200000.0,94.0,13.997832114758229,1181048.0,0.060000000000000005,1251911.0
4.0,3280.0,1200000.0,94.0,13.997832114758229,1181048.0,0.060000000000000005,1251911.0
6.0,7289.0,750000.0,63.0,13.527828485512494,1985928.0,0.060000000000000005,2105084.0
4.0,3567.0,750000.0,93.0,13.527828485512494,1252895.0,0.060000000000000005,1328069.0
4.0,3198.0,800000.0,94.0,13.592367006650065,1159586.0,0.060000000000000005,1229161.0
4.0,3198.0,775000.0,94.0,13.560618308335483,1159586.0,0.060000000000000005,1229161.0
4.0,3198.0,910000.0,94.0,13.721199878493033,1159586.0,0.060000000000000005,1229161.0
4.0,3198.0,1130000.0,94.0,13.937728190688523,1159586.0,0.060000000000000005,1229161.0
4.0,3198.0,902435.0,94.0,13.712851944434789,1159586.0,0.060000000000000005,1229161.0
31.0,24820.0,3000000.0,104.0,14.914122846632385,8120664.0,0.060000000000000005,8607903.0
4.0,3440.0,1300000.0,94.0,14.077874822431765,1224076.0,0.060000000000000005,1297520.0
5.0,5440.0,1360000.0,94.0,14.122995257712235,1716980.0,0.060000000000000005,1819999.0
4.0,3608.0,902000.0,94.0,13.71236979904476,1270942.0,0.060000000000000005,1347199.0
4.0,3600.0,296000.0,94.0,12.598114733306197,1268670.0,0.060000000000000005,1344791.0
4.0,3198.0,690375.0,104.0,13.444990207203489,1220649.0,0.060000000000000005,1293888.0
4.0,3198.0,796667.0,104.0,13.588192053649538,1220649.0,0.060000000000000005,1293888.0
10.0,8263.0,7500000.0,2.0,15.830413578506539,1167905.0,0.07999999999999999,1261338.0
1.0,1763.0,793000.0,84.0,13.583578500616985,1107994.0,0.05,1163394.0
1.0,957.0,563000.0,84.0,13.241034907121827,925234.0,0.04,962243.0
1.0,906.0,680000.0,74.0,13.42984807715229,868981.0,0.04,903740.0
1.0,900.0,600000.0,74.0,13.304684934198283,867815.0,0.04,902528.0
1.0,1056.0,655000.0,84.0,13.39239051461739,945948.0,0.04,983786.0
1.0,1962.0,725000.0,69.0,13.493926933836812,1072591.0,0.05,1126221.0
1.0,1039.0,515000.0,104.0,13.151922179645874,1044220.0,0.04,1085989.0
1.0,836.0,458381.0,79.0,13.035455995007075,877718.0,0.04,912827.0
1.0,1376.0,790000.0,99.0,13.579788224443204,1097439.0,0.05,1152311.0
1.0,1664.0,850000.0,94.0,13.652991628466498,1140800.0,0.05,1197840.0
1.0,1664.0,790000.0,94.0,13.579788224443204,1140800.0,0.05,1197840.0
1.0,1689.0,330000.0,79.0,12.706847933442663,1062199.0,0.05,1115309.0
1.0,1956.0,505000.0,79.0,13.132313708257497,1127559.0,0.05,1183937.0
1.0,1830.0,499000.0,79.0,13.120361374733656,1096229.0,0.05,1151040.0
1.0,1424.0,510000.0,94.0,13.142166004700508,1081182.0,0.05,1135241.0
1.0,1414.0,710000.0,99.0,13.473020249017498,1106805.0,0.05,1162146.0
1.0,2235.0,791629.0,74.0,13.581848126703486,1169754.0,0.060000000000000005,1239939.0
1.0,1926.0,775000.0,74.0,13.560618308335483,1091645.0,0.05,1146228.0
1.0,1998.0,710000.0,99.0,13.473020249017498,1261231.0,0.05,1324292.0
1.0,1260.0,710000.0,99.0,13.473020249017498,1069334.0,0.05,1122801.0
1.0,1316.0,534581.0,89.0,13.189238541464277,1028643.0,0.05,1080075.0
1.0,1316.0,837400.0,89.0,13.63805713256718,1028643.0,0.05,1080075.0
1.0,1316.0,771000.0,89.0,13.555443652545467,1028643.0,0.05,1080075.0
1.0,1316.0,350000.0,89.0,12.765688433465597,1028643.0,0.05,1080075.0
1.0,986.0,435000.0,104.0,12.983101310070822,1031915.0,0.04,1073192.0
1.0,1495.0,386000.0,89.0,12.863592648446968,1070658.0,0.05,1124191.0
1.0,1118.0,579000.0,109.0,13.269057756555132,1090458.0,0.05,1144981.0
1.0,1344.0,700000.0,99.0,13.458835614025542,1089613.0,0.05,1144094.0
1.0,1420.0,636000.0,104.0,13.36295384232226,1137098.0,0.05,1193953.0
1.0,1408.0,750000.0,104.0,13.527828485512494,1134051.0,0.05,1190753.0
1.0,1408.0,800000.0,104.0,13.592367006650065,1134051.0,0.05,1190753.0
1.0,1280.0,438375.0,104.0,12.99082998744248,1102047.0,0.05,1157149.0
1.0,1120.0,780000.0,104.0,13.567049198665774,1063309.0,0.05,1116474.0
1.0,1868.0,240000.0,104.0,12.388394202324129,1256932.0,0.05,1319779.0
1.0,1200.0,682500.0,104.0,13.433517806041252,1082504.0,0.05,1136630.0
1.0,1200.0,760000.0,104.0,13.541073712262515,1082504.0,0.05,1136630.0
1.0,1472.0,595000.0,104.0,13.296316684527767,1150400.0,0.05,1207920.0
1.0,1184.0,640000.0,104.0,13.369223455335854,1078638.0,0.05,1132570.0
1.0,1512.0,700000.0,99.0,13.458835614025542,1131332.0,0.05,1187898.0
1.0,1376.0,750000.0,89.0,13.527828485512494,1042539.0,0.05,1094666.0
1.0,1392.0,679000.0,104.0,13.428376406540833,1130000.0,0.05,1186500.0
1.0,1584.0,712500.0,104.0,13.476535191124942,1179579.0,0.05,1238558.0
1.0,2400.0,700000.0,119.0,13.458835614025542,1529031.0,0.060000000000000005,1620773.0
2.0,906.0,630000.0,84.0,13.353475098367715,820346.0,0.04,853160.0
2.0,2556.0,970000.0,74.0,13.785051350479566,1127125.0,0.060000000000000005,1194752.0
2.0,2400.0,952143.0,89.0,13.766470512577131,1175579.0,0.060000000000000005,1246114.0
2.0,2400.0,813000.0,89.0,13.608486388529947,1175579.0,0.060000000000000005,1246114.0
2.0,1056.0,460000.0,84.0,13.038981768465277,848333.0,0.04,882267.0
2.0,1797.0,870000.0,84.0,13.676248490630767,1001242.0,0.05,1051304.0
2.0,1764.0,820000.0,79.0,13.617059619240436,968701.0,0.05,1017136.0
2.0,1914.0,420000.0,84.0,12.948009990259552,1027787.0,0.05,1079176.0
2.0,1942.0,960000.0,74.0,13.77468856344402,982505.0,0.05,1031630.0
2.0,1880.0,815000.0,79.0,13.610943392223,994161.0,0.05,1043869.0
2.0,2009.0,897600.0,84.0,13.707479813750568,1049858.0,0.060000000000000005,1112849.0
2.0,1729.0,318000.0,79.0,12.669806661762314,961148.0,0.05,1009206.0
2.0,2080.0,1150000.0,20.0,13.955272500339433,768040.0,0.07999999999999999,829483.0
2.0,1528.0,650000.0,94.0,13.38472764187182,992429.0,0.05,1042050.0
2.0,4009.0,1225000.0,64.0,14.018451401960965,1481878.0,0.060000000000000005,1570791.0
2.0,2200.0,910000.0,104.0,13.721199878493033,1214109.0,0.060000000000000005,1286956.0
2.0,1702.0,760000.0,94.0,13.541073712262515,1031810.0,0.05,1083400.0
2.0,1400.0,850000.0,104.0,13.652991628466498,1015207.0,0.05,1065967.0
2.0,1998.0,950000.0,84.0,13.764217263576723,1047278.0,0.05,1099642.0
2.0,3392.0,830000.0,64.0,13.62918097977278,1290874.0,0.060000000000000005,1368327.0
2.0,3392.0,1618027.0,64.0,14.296718063729575,1290874.0,0.060000000000000005,1368327.0
2.0,2947.0,999000.0,64.0,13.81451005763069,1168588.0,0.060000000000000005,1238704.0
2.0,2396.0,999000.0,64.0,13.81451005763069,1033103.0,0.060000000000000005,1095089.0
2.0,2472.0,476400.0,64.0,13.074013116463282,1050813.0,0.060000000000000005,1113861.0
2.0,2377.0,850000.0,59.0,13.652991628466498,1002661.0,0.060000000000000005,1062821.0
2.0,2052.0,690000.0,79.0,13.444446876573442,1033149.0,0.060000000000000005,1095138.0
2.0,1998.0,850000.0,99.0,13.652991628466498,1131081.0,0.05,1187635.0
2.0,1869.0,800000.0,89.0,13.592367006650065,1043942.0,0.05,1096139.0
2.0,1820.0,785000.0,69.0,13.573438996764546,931840.0,0.05,978432.0
2.0,1820.0,530000.0,69.0,13.180632285528304,931840.0,0.05,978432.0
2.0,1419.0,563000.0,84.0,13.241034907121827,920077.0,0.05,966081.0
2.0,1446.0,725000.0,84.0,13.493926933836812,925650.0,0.05,971932.0
2.0,1540.0,789000.0,84.0,13.578521599828012,945316.0,0.05,992582.0
2.0,2500.0,1112000.0,64.0,13.921670753792664,1057414.0,0.060000000000000005,1120858.0
2.0,3443.0,788888.0,69.0,13.578379637914127,1339619.0,0.060000000000000005,1419997.0
2.0,2660.0,642000.0,69.0,13.372343582672098,1124422.0,0.060000000000000005,1191888.0
2.0,2660.0,1236921.0,69.0,14.02813578514767,1124422.0,0.060000000000000005,1191888.0
2.0,2695.0,995000.0,94.0,13.81049801614073,1288394.0,0.060000000000000005,1365698.0
2.0,1688.0,1100000.0,109.0,13.9108207377686,1110892.0,0.05,1166436.0
3.0,2915.0,1185000.0,59.0,13.985253332551368,1014165.0,0.060000000000000005,1075015.0
3.0,3328.0,1380000.0,49.0,14.137594057133388,1056659.0,0.060000000000000005,1120059.0
3.0,2175.0,970000.0,104.0,13.785051350479566,1082751.0,0.060000000000000005,1147717.0
4.0,4816.0,1350000.0,50.0,14.115615150414612,1328590.0,0.060000000000000005,1408305.0
1.0,3464.0,4600000.0,149.0,15.341566861459324,2262691.0,0.060000000000000005,2398452.0
1.0,3200.0,3650000.0,123.0,15.110237725558674,1866528.0,0.060000000000000005,1978520.0
1.0,2250.0,2340000.0,125.0,14.665661487333884,1524824.0,0.060000000000000005,1616313.0
2.0,2160.0,1520000.0,114.0,14.234220892822458,1266661.0,0.060000000000000005,1342661.0
2.0,5121.0,4450000.0,129.0,15.308414654142423,2652719.0,0.060000000000000005,2811882.0
2.0,3080.0,3300000.0,125.0,15.009433026436708,1646402.0,0.060000000000000005,1745186.0
2.0,3171.0,4885000.0,123.0,15.40167984345902,1663095.0,0.060000000000000005,1762881.0
2.0,3108.0,4500000.0,125.0,15.319587954740548,1656744.0,0.060000000000000005,1756149.0
2.0,2961.0,4550000.0,93.0,15.330637790927133,1360368.0,0.060000000000000005,1441990.0
2.0,3280.0,5350000.0,125.0,15.49260711887219,1721717.0,0.060000000000000005,1825020.0
2.0,2940.0,3100000.0,125.0,14.946912669455374,1595651.0,0.060000000000000005,1691390.0
2.0,3660.0,3425000.0,125.0,15.046612029678462,1874436.0,0.060000000000000005,1986902.0
2.0,2825.0,3847000.0,164.0,15.162804181734431,1899725.0,0.060000000000000005,2013709.0
2.0,4734.0,5265000.0,123.0,15.476591703550213,2359009.0,0.060000000000000005,2500550.0
3.0,3692.0,2138325.0,93.0,14.575533370240036,1436669.0,0.060000000000000005,1522869.0
3.0,3120.0,2900000.0,125.0,14.880221294956703,1489773.0,0.060000000000000005,1579160.0
3.0,3460.0,1500000.0,93.0,14.22097566607244,1364026.0,0.060000000000000005,1445868.0
3.0,3460.0,2995000.0,93.0,14.912454789531687,1364026.0,0.060000000000000005,1445868.0
3.0,2700.0,2525000.0,29.0,14.741751620691597,828633.0,0.060000000000000005,878351.0
3.0,2700.0,2375000.0,29.0,14.68050799545088,828633.0,0.060000000000000005,878351.0
3.0,3520.0,2850000.0,125.0,14.862829552244833,1629190.0,0.060000000000000005,1726942.0
3.0,3880.0,7500000.0,125.0,15.830413578506539,1765787.0,0.060000000000000005,1871734.0
3.0,3600.0,3710000.0,123.0,15.126542434583618,1641665.0,0.060000000000000005,1740165.0
3.0,3080.0,1320000.0,123.0,14.093142294562554,1461428.0,0.060000000000000005,1549114.0
4.0,2646.0,3975000.0,93.0,15.19553530607057,1019669.0,0.060000000000000005,1080849.0
4.0,1687.0,2625000.0,119.0,14.780591454007862,940288.0,0.05,987302.0
4.0,3200.0,3295000.0,119.0,15.007916725918745,1318916.0,0.060000000000000005,1398051.0
4.0,2820.0,2550000.0,119.0,14.75160391713461,1211457.0,0.060000000000000005,1284144.0
32.0,25956.0,55000000.0,94.0,17.822843743196746,8919517.0,0.060000000000000005,9454688.0
32.0,27530.0,55000000.0,41.0,17.822843743196746,9662654.0,0.060000000000000005,10242413.0
32.0,26890.0,55000000.0,40.0,17.822843743196746,8331153.0,0.060000000000000005,8831022.0
4.0,5186.0,4740000.0,94.0,15.371547693671259,1808820.0,0.060000000000000005,1917349.0
5.0,2720.0,3730000.0,124.0,15.131918791619999,1090029.0,0.060000000000000005,1155431.0
4.0,2520.0,2680000.0,94.0,14.80132735248704,996436.0,0.060000000000000005,1056223.0
4.0,4400.0,7450000.0,94.0,15.823724590355742,1517232.0,0.060000000000000005,1608266.0
4.0,2750.0,2875000.0,94.0,14.871563232213587,1049033.0,0.060000000000000005,1111975.0
8.0,3500.0,2600000.0,94.0,14.77102200299171,802477.0,0.060000000000000005,850626.0
1.0,868.0,520000.0,89.0,13.16158409055761,930574.0,0.04,967797.0
1.0,1008.0,638888.0,94.0,13.367484444131998,985129.0,0.04,1024534.0
1.0,1092.0,580000.0,94.0,13.270783382522602,1003811.0,0.04,1043963.0
1.0,840.0,500000.0,94.0,13.122363377404328,948801.0,0.04,986753.0
1.0,840.0,520000.0,99.0,13.16158409055761,973463.0,0.04,1012401.0
1.0,840.0,580000.0,99.0,13.270783382522602,973463.0,0.04,1012401.0
1.0,826.0,550000.0,104.0,13.217673557208654,995642.0,0.04,1035468.0
1.0,916.0,380250.0,104.0,12.848584210121539,1015886.0,0.04,1056522.0
1.0,1064.0,570000.0,104.0,13.253391639810733,1050075.0,0.04,1092077.0
1.0,2557.0,270000.0,8.0,12.506177237980511,895921.0,0.07999999999999999,967595.0
1.0,1760.0,700000.0,104.0,13.458835614025542,1226936.0,0.05,1288283.0
1.0,1775.0,680000.0,104.0,13.42984807715229,1231059.0,0.05,1292612.0
1.0,1496.0,380000.0,104.0,12.84792653170257,1156591.0,0.05,1214421.0
1.0,1496.0,650000.0,104.0,13.38472764187182,1156591.0,0.05,1214421.0
1.0,1485.0,450000.0,104.0,13.017002861746503,1153749.0,0.05,1211437.0
1.0,1824.0,495000.0,104.0,13.112313041550827,1244624.0,0.05,1306855.0
1.0,1088.0,656500.0,104.0,13.394677972724988,1055726.0,0.04,1097955.0
1.0,1350.0,625000.0,7.0,13.345506928718539,680466.0,0.06999999999999999,728098.0
1.0,1125.0,645000.0,49.0,13.37700559577791,802715.0,0.05,842851.0
1.0,2625.0,391100.0,99.0,12.876718560743605,1451090.0,0.060000000000000005,1538156.0
1.0,2625.0,607027.0,99.0,13.316328550106748,1451090.0,0.060000000000000005,1538156.0
1.0,1280.0,620000.0,104.0,13.337474757021274,1102047.0,0.05,1157149.0
1.0,1280.0,975000.0,99.0,13.790192749979985,1074128.0,0.05,1127834.0
1.0,1240.0,740000.0,99.0,13.514405465180353,1064562.0,0.05,1117790.0
1.0,1320.0,700000.0,99.0,13.458835614025542,1083780.0,0.05,1137969.0
1.0,1988.0,839999.0,69.0,13.641155980342598,1078846.0,0.05,1132789.0
1.0,1488.0,550000.0,109.0,13.217673557208654,1184532.0,0.05,1243758.0
1.0,2586.0,750000.0,99.0,13.527828485512494,1438489.0,0.060000000000000005,1524798.0
1.0,1070.0,675000.0,79.0,13.422467969854667,924875.0,0.04,961870.0
1.0,600.0,525000.0,79.0,13.17115354157376,832593.0,0.04,865896.0
1.0,1135.0,735000.0,99.0,13.507625778194974,1039854.0,0.05,1091847.0
1.0,2320.0,710000.0,99.0,13.473020249017498,1355408.0,0.060000000000000005,1436733.0
1.0,1042.0,575000.0,99.0,13.262125319779487,1018449.0,0.04,1059187.0
1.0,540.0,550000.0,99.0,13.217673557208654,910292.0,0.04,946703.0
1.0,820.0,378296.0,99.0,12.843432236946398,969118.0,0.04,1007883.0
1.0,1216.0,665000.0,59.0,13.407542319637992,862359.0,0.05,905477.0
1.0,918.0,560000.0,49.0,13.235692062711331,766401.0,0.04,797057.0
1.0,960.0,550000.0,104.0,13.217673557208654,1025932.0,0.04,1066970.0
1.0,621.0,600000.0,27.0,13.304684934198283,640583.0,0.04,666206.0
1.0,1431.0,750000.0,69.0,13.527828485512494,952486.0,0.05,1000111.0
1.0,1224.0,605000.0,74.0,13.312983737012978,933033.0,0.05,979685.0
1.0,1092.0,600000.0,99.0,13.304684934198283,1029902.0,0.04,1071098.0
1.0,1248.0,625000.0,99.0,13.345506928718539,1066468.0,0.05,1119792.0
1.0,720.0,447174.0,104.0,13.010703059597974,972317.0,0.04,1011209.0
1.0,666.0,650000.0,104.0,13.38472764187182,960645.0,0.04,999070.0
1.0,1344.0,624000.0,94.0,13.343905647351566,1062009.0,0.05,1115110.0
1.0,3600.0,701450.0,26.0,13.460904900146918,1240776.0,0.060000000000000005,1315223.0
1.0,1049.0,570000.0,104.0,13.253391639810733,1046558.0,0.04,1088420.0
1.0,1085.0,480000.0,104.0,13.081541382884074,1055018.0,0.04,1097219.0
1.0,1099.0,780000.0,99.0,13.567049198665774,1031515.0,0.04,1072776.0
1.0,2680.0,880000.0,99.0,13.687677186454389,1469050.0,0.060000000000000005,1557193.0
1.0,1360.0,790000.0,59.0,13.579788224443204,890584.0,0.05,935113.0
1.0,1132.0,475000.0,79.0,13.071070083016778,937789.0,0.05,984678.0
1.0,700.0,635000.0,79.0,13.36138027787483,851423.0,0.04,885480.0
1.0,1179.0,600000.0,99.0,13.304684934198283,1050137.0,0.05,1102644.0
2.0,2500.0,860000.0,104.0,13.664687668229691,1298364.0,0.060000000000000005,1376266.0
2.0,984.0,885000.0,79.0,13.693342923990066,813634.0,0.04,846180.0
3.0,1024.0,670000.0,79.0,13.415032991367148,736230.0,0.04,765679.0
1.0,1911.0,3250000.0,123.0,14.994165554305921,1399057.0,0.05,1469010.0
1.0,3406.0,5250000.0,93.0,15.473738634567807,1675635.0,0.060000000000000005,1776173.0
1.0,2100.0,1934675.0,124.0,14.475449911683054,1466971.0,0.060000000000000005,1554989.0
1.0,2100.0,3900000.0,124.0,15.176487111099874,1466971.0,0.060000000000000005,1554989.0
1.0,2701.0,4000000.0,125.0,15.201804919084164,1686649.0,0.060000000000000005,1787848.0
1.0,2862.0,4375000.0,125.0,15.291417077773852,1748488.0,0.060000000000000005,1853397.0
1.0,1080.0,2000000.0,35.0,14.508657738524219,739584.0,0.04,769168.0
1.0,1152.0,2600000.0,109.0,14.77102200299171,1098782.0,0.05,1153721.0
1.0,3410.0,5625000.0,1.0,15.542731506054757,1045970.0,0.07999999999999999,1129648.0
1.0,2251.0,925000.0,123.0,13.737549016494562,1509591.0,0.060000000000000005,1600166.0
1.0,1860.0,2155000.0,93.0,14.583301281519985,1185818.0,0.05,1245109.0
1.0,2240.0,1340000.0,123.0,14.108180171927094,1505881.0,0.060000000000000005,1596234.0
2.0,2018.0,1900000.0,123.0,14.457364444136669,1285072.0,0.060000000000000005,1362176.0
2.0,3240.0,4650000.0,123.0,15.35237777756354,1688958.0,0.060000000000000005,1790296.0
2.0,1950.0,3400000.0,125.0,15.03928598958639,1278734.0,0.05,1342671.0
2.0,2400.0,4600000.0,125.0,15.341566861459324,1414126.0,0.060000000000000005,1498974.0
2.0,1836.0,2750000.0,104.0,14.827111469642754,1119188.0,0.05,1175147.0
2.0,2160.0,1575000.0,125.0,14.269765830241871,1340224.0,0.060000000000000005,1420637.0
2.0,1748.0,1450000.0,125.0,14.187074114396758,1222250.0,0.05,1283363.0
2.0,2495.0,3485000.0,125.0,15.06397860217676,1444493.0,0.060000000000000005,1531163.0
2.0,1100.0,3910000.0,104.0,15.179047931961549,949327.0,0.04,987300.0
2.0,2040.0,1950000.0,123.0,14.48333993053993,1291410.0,0.060000000000000005,1368895.0
2.0,2204.0,2995000.0,123.0,14.912454789531687,1339656.0,0.060000000000000005,1420036.0
2.0,2090.0,1350000.0,123.0,14.115615150414612,1305932.0,0.060000000000000005,1384288.0
2.0,2040.0,1900000.0,123.0,14.457364444136669,1291410.0,0.060000000000000005,1368895.0
2.0,1980.0,2446000.0,104.0,14.709964595229255,1155818.0,0.05,1213609.0
2.0,1728.0,2375000.0,125.0,14.68050799545088,1216795.0,0.05,1277635.0
2.0,1936.0,1915000.0,125.0,14.465228180596883,1274736.0,0.05,1338473.0
2.0,1671.0,2300000.0,125.0,14.648419680899378,1201382.0,0.05,1261451.0
2.0,2280.0,1700000.0,125.0,14.346138809026444,1376679.0,0.060000000000000005,1459280.0
2.0,1200.0,1350000.0,125.0,14.115615150414612,1081268.0,0.05,1135332.0
2.0,960.0,760000.0,125.0,13.541073712262515,1024761.0,0.04,1065751.0
3.0,1680.0,3000000.0,125.0,14.914122846632385,1079579.0,0.05,1133558.0
3.0,2400.0,3325000.0,125.0,15.016980232072092,1268199.0,0.060000000000000005,1344291.0
3.0,2625.0,675000.0,125.0,13.422467969854667,1333649.0,0.060000000000000005,1413667.0
3.0,2322.0,1760000.0,123.0,14.380824367014334,1233541.0,0.060000000000000005,1307554.0
3.0,2700.0,2665000.0,125.0,14.795714615582082,1356207.0,0.060000000000000005,1437580.0
3.0,2400.0,1375000.0,123.0,14.133964289082808,1255249.0,0.060000000000000005,1330564.0
3.0,2580.0,1750000.0,125.0,14.375126345899696,1320294.0,0.060000000000000005,1399511.0
8.0,6160.0,1700000.0,93.0,14.346138809026444,1447328.0,0.060000000000000005,1534168.0
5.0,3105.0,2000000.0,104.0,14.508657738524219,1072154.0,0.060000000000000005,1136483.0
8.0,5252.0,1326000.0,104.0,14.097677449727945,1249944.0,0.060000000000000005,1324941.0
1.0,1440.0,1238000.0,94.0,14.02900773222668,1085057.0,0.05,1139310.0
1.0,1344.0,990000.0,94.0,13.805460222110773,1062009.0,0.05,1115110.0
1.0,1440.0,1130000.0,99.0,13.937728190688523,1113260.0,0.05,1168923.0
1.0,1608.0,1100000.0,99.0,13.9108207377686,1155884.0,0.05,1213678.0
1.0,1508.0,975000.0,99.0,13.790192749979985,1130320.0,0.05,1186836.0
1.0,1508.0,990000.0,99.0,13.805460222110773,1130320.0,0.05,1186836.0
1.0,1118.0,1130000.0,99.0,13.937728190688523,1035908.0,0.05,1087703.0
1.0,1146.0,780000.0,99.0,13.567049198665774,1042415.0,0.05,1094536.0
1.0,1430.0,945000.0,99.0,13.758940206475879,1110773.0,0.05,1166312.0
1.0,1278.0,1146800.0,94.0,13.952486012991352,1046448.0,0.05,1098771.0
1.0,1320.0,989000.0,104.0,13.804449610604848,1111950.0,0.05,1167547.0
1.0,1424.0,980000.0,104.0,13.795307850646754,1138116.0,0.05,1195022.0
1.0,1400.0,648000.0,104.0,13.381645975334411,1132024.0,0.05,1188625.0
1.0,1368.0,998000.0,109.0,13.813508555293602,1153165.0,0.05,1210823.0
1.0,1632.0,800000.0,104.0,13.592367006650065,1192310.0,0.05,1251926.0
1.0,1486.0,1119000.0,104.0,13.927945987294063,1154007.0,0.05,1211708.0
1.0,1328.0,1270000.0,104.0,14.054527458434775,1113941.0,0.05,1169638.0
1.0,1288.0,1095000.0,104.0,13.906264921232738,1104020.0,0.05,1159221.0
1.0,2452.0,1950000.0,99.0,14.48333993053993,1396018.0,0.060000000000000005,1479780.0
1.0,1998.0,995000.0,79.0,13.81049801614073,1138201.0,0.05,1195111.0
1.0,1120.0,650000.0,104.0,13.38472764187182,1063309.0,0.05,1116474.0
1.0,1400.0,930000.0,109.0,13.742939865129438,1161447.0,0.05,1219519.0
1.0,1170.0,980000.0,99.0,13.795307850646754,1048025.0,0.05,1100427.0
1.0,1170.0,1300000.0,99.0,14.077874822431765,1048025.0,0.05,1100427.0
1.0,992.0,905000.0,74.0,13.715690222682063,885856.0,0.04,921290.0
1.0,1116.0,1068000.0,74.0,13.881298298502276,910767.0,0.05,956305.0
1.0,1709.0,790000.0,99.0,13.579788224443204,1182291.0,0.05,1241405.0
1.0,858.0,765000.0,99.0,13.547631112808673,977389.0,0.04,1016485.0
1.0,756.0,550000.0,94.0,13.217673557208654,931143.0,0.04,968389.0
1.0,1430.0,585000.0,99.0,13.279367126213993,1110773.0,0.05,1166312.0
1.0,928.0,810000.0,79.0,13.604789526648622,895965.0,0.04,931803.0
1.0,1060.0,743000.0,79.0,13.518451323699896,922809.0,0.04,959721.0
1.0,1386.0,995000.0,109.0,13.81049801614073,1157816.0,0.05,1215707.0
1.0,1940.0,885000.0,104.0,13.693342923990066,1277336.0,0.05,1341203.0
1.0,1264.0,960000.0,104.0,13.77468856344402,1098110.0,0.05,1153016.0
2.0,1204.0,965000.0,99.0,13.779883380321124,947051.0,0.05,994404.0
1.0,724.0,535000.0,99.0,13.190022025878143,948533.0,0.04,986474.0
1.0,1216.0,960000.0,99.0,13.77468856344402,1058863.0,0.05,1111806.0
1.0,1151.0,850000.0,104.0,13.652991628466498,1070706.0,0.05,1124242.0
1.0,952.0,315000.0,104.0,12.66032791780777,1024098.0,0.04,1065062.0
1.0,952.0,830000.0,104.0,13.62918097977278,1024098.0,0.04,1065062.0
1.0,1050.0,450000.0,114.0,13.017002861746503,1101915.0,0.04,1145992.0
2.0,2369.0,1421000.0,64.0,14.166871407079238,1026883.0,0.060000000000000005,1088496.0
2.0,2904.0,1675000.0,74.0,14.331323723241304,1218352.0,0.060000000000000005,1291453.0
2.0,1456.0,900000.0,84.0,13.710150042306449,927722.0,0.05,974109.0
2.0,2260.0,980000.0,64.0,13.795307850646754,1002153.0,0.060000000000000005,1062282.0
2.0,2342.0,1340000.0,89.0,14.108180171927094,1160428.0,0.060000000000000005,1230054.0
2.0,2088.0,1603800.0,94.0,14.287886371355066,1124842.0,0.060000000000000005,1192332.0
2.0,1980.0,1288000.0,99.0,14.068601185646436,1126537.0,0.05,1182864.0
2.0,2817.0,1240000.0,84.0,14.03062193758122,1257797.0,0.060000000000000005,1333265.0
2.0,2880.0,1380000.0,64.0,14.137594057133388,1151208.0,0.060000000000000005,1220281.0
2.0,2436.0,1600000.0,94.0,14.28551418721001,1215885.0,0.060000000000000005,1288838.0
2.0,2904.0,490000.0,99.0,13.102160670086809,1385137.0,0.060000000000000005,1468245.0
2.0,1540.0,999000.0,99.0,13.81451005763069,1020960.0,0.05,1072008.0
2.0,1890.0,1140000.0,99.0,13.946538820370678,1104088.0,0.05,1159293.0
2.0,1152.0,782000.0,94.0,13.569610019527449,912386.0,0.05,958006.0
2.0,1472.0,999000.0,99.0,13.81451005763069,1005551.0,0.05,1055828.0
2.0,2416.0,1510000.0,94.0,14.227620208791107,1210458.0,0.060000000000000005,1283086.0
2.0,2600.0,400000.0,94.0,12.89921982609012,1261309.0,0.060000000000000005,1336988.0
2.0,2600.0,1670000.0,94.0,14.328334184392938,1261309.0,0.060000000000000005,1336988.0
2.0,2700.0,1880000.0,99.0,14.446782334806132,1323361.0,0.060000000000000005,1402763.0
2.0,2180.0,999000.0,69.0,13.81451005763069,1009968.0,0.060000000000000005,1070566.0
2.0,1260.0,1285000.0,109.0,14.066269276311457,1009487.0,0.05,1059961.0
2.0,1462.0,998000.0,104.0,13.813508555293602,1029382.0,0.05,1080851.0
2.0,1654.0,1115000.0,109.0,13.924364962876357,1102477.0,0.05,1157600.0
2.0,2600.0,700000.0,99.0,13.458835614025542,1294093.0,0.060000000000000005,1371738.0
2.0,2436.0,1500000.0,109.0,14.22097566607244,1313180.0,0.060000000000000005,1391971.0
2.0,1488.0,1095000.0,104.0,13.906264921232738,1035385.0,0.05,1087155.0
2.0,2400.0,1400000.0,92.0,14.151982794585487,1193818.0,0.060000000000000005,1265447.0
2.0,1794.0,1500000.0,104.0,14.22097566607244,1108724.0,0.05,1164160.0
2.0,2224.0,1258000.0,119.0,14.045033716242523,1318320.0,0.060000000000000005,1397419.0
2.0,1932.0,1230000.0,99.0,14.0225247273486,1114508.0,0.05,1170234.0
2.0,1330.0,858000.0,109.0,13.6623593784701,1025415.0,0.05,1076685.0
2.0,2560.0,1338000.0,104.0,14.10668651967031,1315904.0,0.060000000000000005,1394858.0
2.0,1258.0,1160000.0,104.0,13.963930563082547,983473.0,0.05,1032646.0
2.0,2292.0,1250000.0,104.0,14.038654109278484,1239349.0,0.060000000000000005,1313710.0
2.0,2292.0,1200000.0,104.0,13.997832114758229,1239349.0,0.060000000000000005,1313710.0
2.0,1998.0,1090000.0,79.0,13.901688254205327,1020747.0,0.05,1071784.0
2.0,3645.0,2075000.0,99.0,14.545471711646936,1634802.0,0.060000000000000005,1732890.0
2.0,1656.0,2550000.0,104.0,14.75160391713461,1075028.0,0.05,1128779.0
2.0,2324.0,1250000.0,109.0,14.038654109278484,1280695.0,0.060000000000000005,1357537.0
2.0,1656.0,1222000.0,99.0,14.015999418713678,1047794.0,0.05,1100183.0
2.0,2400.0,1590000.0,69.0,14.279244574196415,1060904.0,0.060000000000000005,1124558.0
2.0,2504.0,1499800.0,64.0,14.220842323849427,1058360.0,0.060000000000000005,1121862.0
2.0,2210.0,1298000.0,69.0,14.076335176246172,1016767.0,0.060000000000000005,1077773.0
2.0,2490.0,1680000.0,99.0,14.334304351379442,1262645.0,0.060000000000000005,1338404.0
2.0,1736.0,1250000.0,99.0,14.038654109278484,1066709.0,0.05,1120045.0
2.0,1656.0,850000.0,99.0,13.652991628466498,1047794.0,0.05,1100183.0
2.0,1600.0,999000.0,99.0,13.81451005763069,1034752.0,0.05,1086490.0
2.0,2120.0,1558000.0,94.0,14.258913505412831,1132921.0,0.060000000000000005,1200896.0
2.0,2256.0,1500000.0,94.0,14.22097566607244,1167909.0,0.060000000000000005,1237984.0
2.0,1764.0,999000.0,59.0,13.81451005763069,874206.0,0.05,917917.0
2.0,1800.0,485000.0,69.0,13.091904169919621,927681.0,0.05,974065.0
2.0,1640.0,998000.0,74.0,13.813508555293602,918337.0,0.05,964253.0
2.0,2280.0,1399000.0,94.0,14.151268253647618,1174195.0,0.060000000000000005,1244647.0
2.0,2280.0,1480000.0,94.0,14.207552645740298,1174195.0,0.060000000000000005,1244647.0
2.0,1764.0,995000.0,99.0,13.81049801614073,1073410.0,0.05,1127080.0
2.0,2223.0,1420000.0,64.0,14.166167429577444,993894.0,0.060000000000000005,1053528.0
2.0,1734.0,1098000.0,13.0,13.909000901051613,685766.0,0.06999999999999999,733769.0
2.0,1432.0,875000.0,94.0,13.681979165339751,971348.0,0.05,1019915.0
2.0,1376.0,780000.0,94.0,13.567049198665774,959258.0,0.05,1007221.0
2.0,2534.0,585000.0,99.0,13.279367126213993,1275131.0,0.060000000000000005,1351639.0
2.0,1504.0,700000.0,123.0,13.458835614025542,1145521.0,0.05,1202797.0
2.0,2125.0,1150000.0,69.0,13.955272500339433,997621.0,0.060000000000000005,1057478.0
2.0,1216.0,999000.0,94.0,13.81451005763069,925540.0,0.05,971817.0
2.0,2688.0,1210000.0,94.0,14.006130917572923,1286379.0,0.060000000000000005,1363561.0
2.0,1386.0,980000.0,109.0,13.795307850646754,1038338.0,0.05,1090255.0
2.0,1952.0,760000.0,89.0,13.541073712262515,1063501.0,0.05,1116676.0
2.0,2000.0,1405000.0,94.0,14.155547860749984,1102920.0,0.05,1158066.0
2.0,1188.0,1165000.0,94.0,13.968231644981937,919762.0,0.05,965750.0
2.0,2365.0,990000.0,84.0,13.805460222110773,1136863.0,0.060000000000000005,1205075.0
2.0,1204.0,900000.0,99.0,13.710150042306449,947051.0,0.05,994404.0
2.0,1300.0,980000.0,99.0,13.795307850646754,967604.0,0.05,1015985.0
2.0,1300.0,900000.0,99.0,13.710150042306449,967604.0,0.05,1015985.0
2.0,2324.0,307235.0,99.0,12.63536820605753,1216628.0,0.060000000000000005,1289626.0
2.0,1092.0,999000.0,99.0,13.81451005763069,923623.0,0.04,960568.0
2.0,1280.0,950000.0,99.0,13.764217263576723,963286.0,0.05,1011450.0
2.0,1608.0,1165000.0,64.0,13.968231644981937,866175.0,0.05,909484.0
2.0,1216.0,967000.0,99.0,13.781953774435431,949596.0,0.05,997076.0
2.0,2800.0,1450000.0,94.0,14.187074114396758,1319008.0,0.060000000000000005,1398148.0
2.0,1920.0,1192500.0,69.0,13.991562501744633,952915.0,0.05,1000560.0
2.0,1124.0,1320000.0,99.0,14.093142294562554,930257.0,0.05,976770.0
2.0,1590.0,880000.0,114.0,13.687677186454389,1115057.0,0.05,1170810.0
2.0,1881.0,1170000.0,69.0,13.972514306773938,944639.0,0.05,991871.0
2.0,1852.0,1300000.0,104.0,14.077874822431765,1123200.0,0.05,1179360.0
2.0,1710.0,990000.0,94.0,13.805460222110773,1033658.0,0.05,1085341.0
2.0,1548.0,1140000.0,104.0,13.946538820370678,1049373.0,0.05,1101841.0
2.0,1084.0,770000.0,99.0,13.554145793829866,921972.0,0.04,958851.0
2.0,1666.0,650000.0,99.0,13.38472764187182,1050139.0,0.05,1102646.0
2.0,2020.0,1200000.0,104.0,13.997832114758229,1166204.0,0.060000000000000005,1236176.0
2.0,1212.0,1310000.0,99.0,14.085537695177335,948747.0,0.05,996184.0
2.0,1808.0,880000.0,94.0,13.687677186454389,1056563.0,0.05,1109391.0
2.0,1582.0,750000.0,114.0,13.527828485512494,1113064.0,0.05,1168717.0
2.0,1700.0,999000.0,94.0,13.81451005763069,1031348.0,0.05,1082916.0
3.0,3135.0,1850000.0,59.0,14.430696197054507,1065313.0,0.060000000000000005,1129231.0
3.0,2512.0,1250000.0,94.0,14.038654109278484,1109107.0,0.060000000000000005,1175653.0
3.0,3364.0,1630000.0,49.0,14.304090572782945,1065201.0,0.060000000000000005,1129113.0
3.0,2840.0,1900000.0,114.0,14.457364444136669,1322536.0,0.060000000000000005,1401888.0
3.0,1296.0,960000.0,114.0,13.77468856344402,936355.0,0.05,983172.0
3.0,3276.0,1400000.0,69.0,14.151982794585487,1157338.0,0.060000000000000005,1226778.0
3.0,2720.0,1770000.0,104.0,14.386490104550012,1223106.0,0.060000000000000005,1296492.0
3.0,3080.0,1650000.0,99.0,14.316285845876763,1292071.0,0.060000000000000005,1369596.0
3.0,3660.0,1538000.0,89.0,14.245993429047726,1397441.0,0.060000000000000005,1481287.0
3.0,2801.0,775000.0,84.0,13.560618308335483,1123973.0,0.060000000000000005,1191411.0
3.0,3000.0,550000.0,104.0,13.217673557208654,1302147.0,0.060000000000000005,1380276.0
3.0,2560.0,1795495.0,104.0,14.40079130790477,1180113.0,0.060000000000000005,1250919.0
3.0,2733.0,1420000.0,99.0,14.166167429577444,1195591.0,0.060000000000000005,1267327.0
3.0,2600.0,1300000.0,89.0,14.077874822431765,1102495.0,0.060000000000000005,1168645.0
3.0,1965.0,1375000.0,114.0,14.133964289082808,1087476.0,0.05,1141850.0
3.0,2760.0,1430000.0,84.0,14.17318500223609,1113713.0,0.060000000000000005,1180536.0
3.0,3069.0,1490000.0,64.0,14.214286677921642,1076987.0,0.060000000000000005,1141606.0
3.0,2660.0,1400000.0,64.0,14.151982794585487,982844.0,0.060000000000000005,1041815.0
3.0,3990.0,1320000.0,37.0,14.093142294562554,1152097.0,0.060000000000000005,1221222.0
3.0,3168.0,1700000.0,59.0,14.346138809026444,1073204.0,0.060000000000000005,1137596.0
3.0,2280.0,1510000.0,94.0,14.227620208791107,1053027.0,0.060000000000000005,1116208.0
3.0,2322.0,1150000.0,99.0,13.955272500339433,1090593.0,0.060000000000000005,1156029.0
3.0,3168.0,616041.0,54.0,13.3310687987423,1046016.0,0.060000000000000005,1108777.0
3.0,2300.0,1442500.0,94.0,14.181888277364392,1057747.0,0.060000000000000005,1121212.0
3.0,3298.0,1700000.0,64.0,14.346138809026444,1133582.0,0.060000000000000005,1201597.0
3.0,3120.0,1205000.0,59.0,14.001990124906893,1061745.0,0.060000000000000005,1125449.0
3.0,3220.0,1500000.0,54.0,14.22097566607244,1058252.0,0.060000000000000005,1121747.0
3.0,2480.0,1680000.0,94.0,14.334304351379442,1101197.0,0.060000000000000005,1167269.0
3.0,1596.0,980000.0,99.0,13.795307850646754,927144.0,0.05,973501.0
3.0,2376.0,1600000.0,104.0,14.28551418721001,1132535.0,0.060000000000000005,1200487.0
3.0,1024.0,690000.0,114.0,13.444446876573442,881092.0,0.04,916336.0
3.0,3168.0,450000.0,59.0,13.017002861746503,1073204.0,0.060000000000000005,1137596.0
4.0,3600.0,1800000.0,98.0,14.403297222866392,1294983.0,0.060000000000000005,1372682.0
4.0,3480.0,1650000.0,96.0,14.316285845876763,1247817.0,0.060000000000000005,1322686.0
4.0,4608.0,1600000.0,104.0,14.28551418721001,1673180.0,0.060000000000000005,1773571.0
4.0,3900.0,1420000.0,100.0,14.166167429577444,1399137.0,0.060000000000000005,1483085.0
4.0,3520.0,1220000.0,98.0,14.01436141670944,1272019.0,0.060000000000000005,1348340.0
4.0,3198.0,1570000.0,93.0,14.266586177324491,1153650.0,0.060000000000000005,1222869.0
4.0,3420.0,1860000.0,94.0,14.436087045689384,1218612.0,0.060000000000000005,1291729.0
12.0,13171.0,753505.0,5.0,13.532490932726738,2858916.0,0.07999999999999999,3087629.0
4.0,3120.0,1840000.0,93.0,14.425276129585168,1133700.0,0.060000000000000005,1201722.0
1.0,1610.0,2525000.0,125.0,14.741751620691597,1321469.0,0.05,1387543.0
1.0,1308.0,1325000.0,123.0,14.09692301740246,1222550.0,0.05,1283677.0
1.0,1312.0,1950000.0,109.0,14.48333993053993,1138812.0,0.05,1195753.0
1.0,2000.0,1520000.0,114.0,14.234220892822458,1362764.0,0.05,1430902.0
1.0,1463.0,1300000.0,114.0,14.077874822431765,1208544.0,0.05,1268971.0
1.0,840.0,1776000.0,125.0,14.389874202534253,1112418.0,0.04,1156914.0
1.0,1216.0,760500.0,125.0,13.541731390681484,1210008.0,0.05,1270509.0
1.0,1300.0,1650000.0,114.0,14.316285845876763,1165280.0,0.05,1223544.0
2.0,1720.0,1910000.0,125.0,14.462613800022813,1214620.0,0.05,1275351.0
2.0,1512.0,2125000.0,123.0,14.569282360340654,1147572.0,0.05,1204951.0
2.0,3600.0,3425000.0,125.0,15.046612029678462,1849452.0,0.060000000000000005,1960419.0
2.0,1428.0,1365000.0,125.0,14.126664986601197,1137834.0,0.05,1194726.0
2.0,1176.0,1050000.0,125.0,13.864300722133706,1075480.0,0.05,1129254.0
2.0,2384.0,2250000.0,125.0,14.626440774180603,1409075.0,0.060000000000000005,1493620.0
2.0,1680.0,3560000.0,125.0,15.085271102828214,1203803.0,0.05,1263993.0
2.0,2376.0,2600000.0,99.0,14.77102200299171,1230860.0,0.060000000000000005,1304711.0
2.0,2260.0,2650000.0,104.0,14.790070197962406,1230511.0,0.060000000000000005,1304342.0
2.0,2970.0,5060475.0,94.0,15.436970910375592,1370122.0,0.060000000000000005,1452329.0
2.0,1764.0,2155000.0,123.0,14.583301281519985,1214106.0,0.05,1274811.0
2.0,1764.0,2850000.0,123.0,14.862829552244833,1214106.0,0.05,1274811.0
2.0,1764.0,1875000.0,123.0,14.444119217386648,1214106.0,0.05,1274811.0
2.0,2592.0,2700000.0,104.0,14.808762330974558,1325355.0,0.060000000000000005,1404877.0
2.0,2750.0,2000000.0,109.0,14.508657738524219,1408714.0,0.060000000000000005,1493236.0
2.0,2042.0,1850000.0,125.0,14.430696197054507,1305317.0,0.060000000000000005,1383636.0
2.0,2394.0,2105000.0,125.0,14.55982602509862,1412230.0,0.060000000000000005,1496964.0
2.0,2394.0,2700000.0,125.0,14.808762330974558,1412230.0,0.060000000000000005,1496964.0
2.0,2189.0,2900000.0,125.0,14.880221294956703,1348944.0,0.060000000000000005,1429881.0
2.0,2090.0,2845000.0,119.0,14.861073625542568,1279397.0,0.060000000000000005,1356161.0
2.0,1712.0,575000.0,114.0,13.262125319779487,1145900.0,0.05,1203195.0
2.0,1712.0,1350000.0,114.0,14.115615150414612,1145900.0,0.05,1203195.0
2.0,2780.0,2760000.0,114.0,14.830741237693333,1455059.0,0.060000000000000005,1542362.0
2.0,1500.0,2100000.0,114.0,14.557447902693651,1092837.0,0.05,1147479.0
2.0,1960.0,657500.0,114.0,13.396200043034057,1211253.0,0.05,1271815.0
2.0,1800.0,900000.0,114.0,13.710150042306449,1168676.0,0.05,1227110.0
3.0,2136.0,2350000.0,123.0,14.669925886120343,1183281.0,0.060000000000000005,1254277.0
3.0,2976.0,450000.0,125.0,13.017002861746503,1442559.0,0.060000000000000005,1529113.0
3.0,3592.0,2999000.0,125.0,14.913789457731147,1655637.0,0.060000000000000005,1754975.0
3.0,2295.0,2650000.0,114.0,14.790070197962406,1170772.0,0.060000000000000005,1241018.0
3.0,3100.0,2700000.0,123.0,14.808762330974558,1467980.0,0.060000000000000005,1556059.0
3.0,2603.0,950000.0,104.0,13.764217263576723,1191516.0,0.060000000000000005,1263007.0
3.0,2220.0,3150000.0,125.0,14.962913010801817,1218160.0,0.060000000000000005,1291249.0
3.0,2088.0,1840000.0,125.0,14.425276129585168,1182723.0,0.060000000000000005,1253687.0
3.0,1380.0,2750000.0,125.0,14.827111469642754,1009522.0,0.05,1059998.0
3.0,2904.0,2650000.0,125.0,14.790070197962406,1419516.0,0.060000000000000005,1504687.0
3.0,3375.0,3100000.0,94.0,14.946912669455374,1345227.0,0.060000000000000005,1425941.0
3.0,2772.0,2420000.0,123.0,14.699278098132869,1364149.0,0.060000000000000005,1445998.0
3.0,2400.0,2100000.0,123.0,14.557447902693651,1255249.0,0.060000000000000005,1330564.0
3.0,3384.0,2450000.0,125.0,14.71159858252091,1580383.0,0.060000000000000005,1675206.0
3.0,3072.0,2200000.0,114.0,14.603967918328545,1392969.0,0.060000000000000005,1476547.0
3.0,2376.0,1792300.0,123.0,14.399010269219689,1248529.0,0.060000000000000005,1323441.0
3.0,3420.0,1725000.0,94.0,14.360737608447597,1358834.0,0.060000000000000005,1440364.0
3.0,2559.0,1997000.0,19.0,14.507156612397953,762745.0,0.07999999999999999,823764.0
3.0,2400.0,1800000.0,114.0,14.403297222866392,1198590.0,0.060000000000000005,1270506.0
3.0,2268.0,2000000.0,123.0,14.508657738524219,1218734.0,0.060000000000000005,1291858.0
3.0,3000.0,2266875.0,114.0,14.633912789019304,1370718.0,0.060000000000000005,1452961.0
3.0,3483.0,1850000.0,125.0,14.430696197054507,1615764.0,0.060000000000000005,1712710.0
3.0,3402.0,3700000.0,123.0,15.123843377614453,1570555.0,0.060000000000000005,1664788.0
3.0,3027.0,2267000.0,123.0,14.633967929489666,1444208.0,0.060000000000000005,1530860.0
3.0,3123.0,1850000.0,125.0,14.430696197054507,1490773.0,0.060000000000000005,1580220.0
3.0,3273.0,1835000.0,125.0,14.422555039470808,1541633.0,0.060000000000000005,1634131.0
3.0,2850.0,2330000.0,114.0,14.661378825541883,1325497.0,0.060000000000000005,1405027.0
3.0,2880.0,659999.0,114.0,13.399993598849946,1334420.0,0.060000000000000005,1414485.0
3.0,3600.0,2350000.0,114.0,14.669925886120343,1567565.0,0.060000000000000005,1661618.0
21.0,75490.0,27500000.0,93.0,17.1296965626368,1903739390787.0,0.060000000000000005,2017963754234.0
4.0,2250.0,2150000.0,96.0,14.580978400103845,947725.0,0.060000000000000005,1004588.0
6.0,3374.0,2180000.0,94.0,14.594835434765272,970054.0,0.060000000000000005,1028258.0
8.0,4500.0,485000.0,96.0,13.091904169919621,1013956.0,0.060000000000000005,1074794.0
6.0,3900.0,4500000.0,94.0,15.319587954740548,1091154.0,0.060000000000000005,1156623.0
5.0,4000.0,2100000.0,93.0,14.557447902693651,1237858.0,0.060000000000000005,1312129.0
6.0,3750.0,1540000.0,93.0,14.247292974389811,1049755.0,0.060000000000000005,1112740.0
16.0,7000.0,4350000.0,94.0,15.285686403064867,734476.0,0.060000000000000005,778545.0
4.0,4000.0,3900000.0,94.0,15.176487111099874,1387396.0,0.060000000000000005,1470640.0
8.0,7500.0,2585000.0,96.0,14.765236065924666,1983381.0,0.060000000000000005,2102384.0
8.0,5500.0,2600000.0,96.0,14.77102200299171,1268085.0,0.060000000000000005,1344170.0
8.0,5000.0,2750000.0,96.0,14.827111469642754,1133923.0,0.060000000000000005,1201959.0
6.0,4500.0,1100000.0,94.0,13.9108207377686,1247853.0,0.060000000000000005,1322724.0
6.0,7110.0,5350000.0,8.0,15.49260711887219,1438778.0,0.07999999999999999,1553881.0
6.0,4875.0,2000000.0,101.0,14.508657738524219,1406657.0,0.060000000000000005,1491056.0
5.0,3951.0,1243000.0,123.0,14.033038370492848,1428155.0,0.060000000000000005,1513844.0
6.0,4500.0,2660000.0,93.0,14.793836680757881,1241465.0,0.060000000000000005,1315953.0
6.0,4288.0,1485000.0,93.0,14.210925330218936,1183977.0,0.060000000000000005,1255015.0
6.0,3206.0,1407000.0,93.0,14.156970336096526,929500.0,0.060000000000000005,985271.0
6.0,4125.0,698000.0,88.0,13.45597438174451,1112672.0,0.060000000000000005,1179432.0
6.0,4350.0,1075000.0,87.0,13.8878312195439,1164106.0,0.060000000000000005,1233952.0
6.0,3750.0,1750000.0,99.0,14.375126345899696,1082581.0,0.060000000000000005,1147536.0
6.0,4125.0,1150000.0,96.0,13.955272500339433,1159304.0,0.060000000000000005,1228863.0
4.0,6749.0,5125000.0,10.0,15.449641082988746,1667207.0,0.07999999999999999,1800584.0
6.0,6150.0,1000000.0,94.0,13.815510557964274,1804788.0,0.060000000000000005,1913075.0
5.0,3750.0,4618000.0,96.0,15.345472268896577,1188707.0,0.060000000000000005,1260030.0
4.0,2401.0,1800000.0,94.0,14.403297222866392,970267.0,0.060000000000000005,1028483.0
1.0,1722.0,1080000.0,104.0,13.892471599100402,1216553.0,0.05,1277380.0
1.0,1500.0,1520000.0,99.0,14.234220892822458,1128299.0,0.05,1184714.0
1.0,1432.0,1300000.0,104.0,14.077874822431765,1140154.0,0.05,1197162.0
1.0,1440.0,1750000.0,114.0,14.375126345899696,1202343.0,0.05,1262461.0
1.0,1440.0,1659000.0,114.0,14.321725569172582,1202343.0,0.05,1262461.0
1.0,1647.0,995000.0,123.0,13.81049801614073,1318844.0,0.05,1384786.0
1.0,1624.0,1550000.0,109.0,14.253765488895429,1221114.0,0.05,1282170.0
2.0,2717.0,1200000.0,84.0,13.997832114758229,1229979.0,0.060000000000000005,1303778.0
2.0,2717.0,1485000.0,89.0,14.210925330218936,1261948.0,0.060000000000000005,1337665.0
2.0,1504.0,1125500.0,109.0,13.933737939328925,1066105.0,0.05,1119410.0
2.0,2640.0,1400000.0,104.0,14.151982794585487,1339660.0,0.060000000000000005,1420039.0
2.0,2168.0,1999000.0,114.0,14.508157613482537,1268930.0,0.060000000000000005,1345066.0
2.0,1948.0,999000.0,114.0,13.81451005763069,1208006.0,0.05,1268407.0
2.0,2090.0,1850000.0,114.0,14.430696197054507,1246986.0,0.060000000000000005,1321805.0
3.0,2717.0,1710000.0,84.0,14.352003928478842,1103054.0,0.060000000000000005,1169238.0
3.0,2106.0,1525000.0,104.0,14.237504968023648,1066171.0,0.060000000000000005,1130141.0
3.0,3036.0,1600000.0,89.0,14.28551418721001,1215416.0,0.060000000000000005,1288341.0
3.0,3432.0,1999999.0,104.0,14.508657238524094,1434234.0,0.060000000000000005,1520288.0
3.0,3049.0,1790000.0,104.0,14.397726177816939,1316496.0,0.060000000000000005,1395486.0
3.0,2820.0,1849000.0,123.0,14.430155510369262,1378872.0,0.060000000000000005,1461604.0
4.0,2320.0,800000.0,93.0,13.592367006650065,947971.0,0.060000000000000005,1004849.0
1.0,2000.0,1525000.0,89.0,14.237504968023648,1198674.0,0.05,1258607.0
1.0,1456.0,1070000.0,99.0,13.883169206438088,1117251.0,0.05,1173113.0
1.0,1584.0,1250000.0,99.0,14.038654109278484,1149697.0,0.05,1207181.0
1.0,2976.0,950000.0,125.0,13.764217263576723,1793640.0,0.060000000000000005,1901258.0
1.0,1656.0,1570000.0,99.0,14.266586177324491,1168360.0,0.05,1226778.0
1.0,1808.0,1650000.0,99.0,14.316285845876763,1208760.0,0.05,1269198.0
1.0,1880.0,1520000.0,94.0,14.234220892822458,1197263.0,0.05,1257126.0
1.0,1683.0,1855000.0,94.0,14.433395254023672,1145658.0,0.05,1202941.0
1.0,2030.0,1800000.0,99.0,14.403297222866392,1270290.0,0.060000000000000005,1346507.0
1.0,1440.0,1272000.0,94.0,14.056101022882205,1085057.0,0.05,1139310.0
1.0,1632.0,1175000.0,99.0,13.976778705560397,1162105.0,0.05,1220210.0
1.0,1376.0,920000.0,99.0,13.732128949025222,1097439.0,0.05,1152311.0
1.0,1728.0,999000.0,99.0,13.81451005763069,1187326.0,0.05,1246692.0
1.0,1262.0,860000.0,99.0,13.664687668229691,1069813.0,0.05,1123303.0
1.0,1492.0,1230000.0,99.0,14.0225247273486,1126283.0,0.05,1182597.0
1.0,1440.0,700000.0,94.0,13.458835614025542,1085057.0,0.05,1139310.0
1.0,1536.0,995000.0,94.0,13.81049801614073,1108606.0,0.05,1164036.0
1.0,2592.0,1400000.0,99.0,14.151982794585487,1440420.0,0.060000000000000005,1526845.0
1.0,1540.0,1250000.0,94.0,14.038654109278484,1109598.0,0.05,1165078.0
1.0,1088.0,736000.0,84.0,13.508985397711013,952742.0,0.04,990852.0
1.0,2064.0,1550000.0,99.0,14.253765488895429,1279986.0,0.060000000000000005,1356785.0
1.0,1424.0,1420000.0,104.0,14.166167429577444,1138116.0,0.05,1195022.0
1.0,1795.0,740000.0,6.0,13.514405465180353,747825.0,0.06999999999999999,800173.0
1.0,2087.0,1960000.0,99.0,14.4884550312067,1286587.0,0.060000000000000005,1363782.0
1.0,952.0,1400000.0,104.0,14.151982794585487,1024098.0,0.04,1065062.0
1.0,1354.0,1190000.0,104.0,13.989463865087712,1120437.0,0.05,1176459.0
1.0,3240.0,1950000.0,94.0,14.48333993053993,1622874.0,0.060000000000000005,1720247.0
1.0,1428.0,1374000.0,94.0,14.133236751764432,1082149.0,0.05,1136257.0
1.0,1197.0,1350000.0,99.0,14.115615150414612,1054373.0,0.05,1107092.0
1.0,1358.0,1150000.0,84.0,13.955272500339433,1012046.0,0.05,1062648.0
1.0,1506.0,1250000.0,94.0,14.038654109278484,1101192.0,0.05,1156252.0
1.0,1890.0,720000.0,84.0,13.487006490992238,1139916.0,0.05,1196912.0
1.0,1780.0,748000.0,84.0,13.525158256956614,1112215.0,0.05,1167825.0
1.0,1120.0,721500.0,74.0,13.489087657196063,911582.0,0.05,957161.0
1.0,1120.0,651463.0,74.0,13.38697588191589,911582.0,0.05,957161.0
1.0,1734.0,3500000.0,94.0,15.068273526459642,1158800.0,0.05,1216740.0
1.0,1584.0,1575000.0,94.0,14.269765830241871,1120571.0,0.05,1176599.0
1.0,1584.0,1800000.0,94.0,14.403297222866392,1120571.0,0.05,1176599.0
1.0,1456.0,975000.0,104.0,13.790192749979985,1146290.0,0.05,1203605.0
1.0,2216.0,2500000.0,104.0,14.73180128983843,1358666.0,0.060000000000000005,1440186.0
1.0,1352.0,1125000.0,104.0,13.933293593620657,1119936.0,0.05,1175933.0
1.0,1280.0,1048000.0,94.0,13.862394143863124,1046917.0,0.05,1099262.0
1.0,1536.0,1575000.0,94.0,14.269765830241871,1108606.0,0.05,1164036.0
1.0,1428.0,1800000.0,94.0,14.403297222866392,1082149.0,0.05,1136257.0
1.0,2148.0,1925000.0,89.0,14.470436525704022,1239014.0,0.060000000000000005,1313354.0
1.0,1162.0,999000.0,89.0,13.81451005763069,993818.0,0.05,1043509.0
1.0,1332.0,1455000.0,109.0,14.19051645858773,1143917.0,0.05,1201113.0
1.0,1360.0,960000.0,94.0,13.77468856344402,1065816.0,0.05,1119107.0
1.0,2367.0,1284000.0,74.0,14.065490763232043,1204801.0,0.060000000000000005,1277089.0
1.0,4502.0,1525000.0,15.0,14.237504968023648,1434786.0,0.07999999999999999,1549569.0
1.0,1264.0,999999.0,109.0,13.815509557963773,1126652.0,0.05,1182985.0
1.0,1264.0,980000.0,109.0,13.795307850646754,1126652.0,0.05,1182985.0
1.0,2252.0,2791000.0,99.0,14.84191051251846,1334951.0,0.060000000000000005,1415048.0
1.0,1388.0,999000.0,104.0,13.81451005763069,1128989.0,0.05,1185439.0
1.0,1417.0,1255000.0,104.0,14.042646130548022,1136336.0,0.05,1193152.0
1.0,1704.0,1224000.0,94.0,14.017634742054408,1151051.0,0.05,1208604.0
1.0,1336.0,661000.0,94.0,13.401509118833824,1060111.0,0.05,1113116.0
1.0,1336.0,900000.0,94.0,13.710150042306449,1060111.0,0.05,1113116.0
1.0,1400.0,950000.0,99.0,13.764217263576723,1103345.0,0.05,1158513.0
1.0,1224.0,345000.0,94.0,12.751299696013497,1033886.0,0.05,1085581.0
1.0,1224.0,920000.0,94.0,13.732128949025222,1033886.0,0.05,1085581.0
1.0,1224.0,975000.0,94.0,13.790192749979985,1033886.0,0.05,1085581.0
1.0,1890.0,890000.0,94.0,13.698976741708323,1199943.0,0.05,1259940.0
1.0,1890.0,958000.0,94.0,13.772603056952997,1199943.0,0.05,1259940.0
1.0,1785.0,600000.0,94.0,13.304684934198283,1172093.0,0.05,1230698.0
1.0,1216.0,670000.0,84.0,13.415032991367148,980410.0,0.05,1029431.0
1.0,1366.0,928000.0,84.0,13.740787011768338,1013858.0,0.05,1064551.0
1.0,1600.0,920000.0,94.0,13.732128949025222,1124588.0,0.05,1180817.0
1.0,1404.0,1246500.0,104.0,14.035850181945749,1133037.0,0.05,1189688.0
1.0,1934.0,885000.0,94.0,13.693342923990066,1211810.0,0.05,1272400.0
2.0,4292.0,1675000.0,94.0,14.331323723241304,1841466.0,0.060000000000000005,1951954.0
2.0,1683.0,1250000.0,94.0,14.038654109278484,1027435.0,0.05,1078806.0
2.0,2760.0,1350000.0,99.0,14.115615150414612,1341239.0,0.060000000000000005,1421713.0
2.0,1894.0,910000.0,79.0,13.721199878493033,997279.0,0.05,1047143.0
2.0,1541.0,731888.0,94.0,13.503382775772437,995318.0,0.05,1045084.0
2.0,2520.0,900000.0,69.0,13.710150042306449,1089761.0,0.060000000000000005,1155147.0
2.0,1230.0,2385000.0,104.0,14.684709682304579,977333.0,0.05,1026200.0
2.0,2440.0,1819000.0,94.0,14.413797457500259,1216973.0,0.060000000000000005,1289991.0
2.0,2728.0,750000.0,99.0,13.527828485512494,1331674.0,0.060000000000000005,1411575.0
2.0,1096.0,1600000.0,99.0,14.28551418721001,924450.0,0.04,961428.0
2.0,1400.0,1199000.0,89.0,13.996998434009651,939989.0,0.05,986988.0
2.0,2176.0,1250000.0,84.0,14.038654109278484,1089810.0,0.060000000000000005,1155199.0
2.0,1890.0,880000.0,94.0,13.687677186454389,1076118.0,0.05,1129924.0
2.0,1344.0,940000.0,94.0,13.753635154246187,952418.0,0.05,1000039.0
2.0,1688.0,3750000.0,104.0,15.137266397946593,1082749.0,0.05,1136886.0
2.0,2080.0,1550000.0,104.0,14.253765488895429,1181959.0,0.060000000000000005,1252876.0
2.0,1496.0,1999999.0,104.0,14.508657238524094,1037239.0,0.05,1089101.0
2.0,1476.0,1400000.0,94.0,14.151982794585487,980954.0,0.05,1030001.0
2.0,1184.0,999000.0,94.0,13.81451005763069,918939.0,0.05,964886.0
2.0,2280.0,990000.0,94.0,13.805460222110773,1174195.0,0.060000000000000005,1244647.0
2.0,1785.0,900000.0,94.0,13.710150042306449,1051142.0,0.05,1103699.0
2.0,1785.0,930000.0,94.0,13.742939865129438,1051142.0,0.05,1103699.0
2.0,2160.0,2226000.0,104.0,14.615716810817627,1203296.0,0.060000000000000005,1275494.0
2.0,2705.0,2100000.0,114.0,14.557447902693651,1430856.0,0.060000000000000005,1516707.0
2.0,2260.0,1700000.0,99.0,14.346138809026444,1199338.0,0.060000000000000005,1271298.0
2.0,3060.0,2450000.0,99.0,14.71159858252091,1434316.0,0.060000000000000005,1520375.0
2.0,1785.0,820000.0,84.0,13.617059619240436,998558.0,0.05,1048486.0
2.0,1785.0,900000.0,94.0,13.710150042306449,1051142.0,0.05,1103699.0
2.0,2040.0,400000.0,94.0,12.89921982609012,1112831.0,0.060000000000000005,1179601.0
2.0,2040.0,990000.0,94.0,13.805460222110773,1112831.0,0.060000000000000005,1179601.0
2.0,2040.0,999000.0,94.0,13.81451005763069,1112831.0,0.060000000000000005,1179601.0
2.0,2034.0,860000.0,89.0,13.664687668229691,1083185.0,0.060000000000000005,1148176.0
2.0,1248.0,1215000.0,94.0,14.010254634756786,932187.0,0.05,978797.0
3.0,2920.0,1500000.0,54.0,14.22097566607244,989579.0,0.060000000000000005,1048953.0
3.0,3454.0,1500000.0,54.0,14.22097566607244,1115109.0,0.060000000000000005,1182015.0
3.0,2040.0,999000.0,94.0,13.81451005763069,997995.0,0.060000000000000005,1057875.0
3.0,3850.0,1480000.0,84.0,14.207552645740298,1421163.0,0.060000000000000005,1506433.0
4.0,3840.0,1400000.0,92.0,14.151982794585487,1324958.0,0.060000000000000005,1404456.0
46.0,35200.0,6650000.0,98.0,15.710127412632037,15664095.0,0.060000000000000005,16603940.0
1.0,2132.0,1500000.0,104.0,14.22097566607244,1333380.0,0.060000000000000005,1413383.0
1.0,4039.0,2475000.0,89.0,14.721750953984929,1891241.0,0.060000000000000005,2004716.0
1.0,1812.0,1920000.0,94.0,14.467835744003965,1179192.0,0.05,1238152.0
1.0,1588.0,1225000.0,84.0,14.018451401960965,1065467.0,0.05,1118740.0
1.0,1342.0,1350000.0,84.0,14.115615150414612,1008431.0,0.05,1058852.0
1.0,2175.0,1875000.0,69.0,14.444119217386648,1124923.0,0.060000000000000005,1192418.0
1.0,2556.0,2375000.0,84.0,14.68050799545088,1323003.0,0.060000000000000005,1402383.0
1.0,7200.0,3385000.0,21.0,15.034864464328512,2705290.0,0.07999999999999999,2921713.0
1.0,4368.0,2200000.0,99.0,14.603967918328545,2142843.0,0.060000000000000005,2271413.0
1.0,2112.0,1545000.0,104.0,14.250534468313983,1327429.0,0.060000000000000005,1407075.0
1.0,6188.0,2850000.0,69.0,14.862829552244833,2759950.0,0.060000000000000005,2925547.0
1.0,5621.0,8000000.0,99.0,15.89495209964411,2835913.0,0.060000000000000005,3006067.0
1.0,3200.0,1999999.0,94.0,14.508657238524094,1608421.0,0.060000000000000005,1704926.0
1.0,2544.0,2300000.0,99.0,14.648419680899378,1425040.0,0.060000000000000005,1510542.0
1.0,2150.0,1650000.0,99.0,14.316285845876763,1304843.0,0.060000000000000005,1383133.0
1.0,2872.0,1850000.0,99.0,14.430696197054507,1533505.0,0.060000000000000005,1625516.0
1.0,2054.0,1200000.0,99.0,13.997832114758229,1277126.0,0.060000000000000005,1353754.0
1.0,1552.0,1500000.0,99.0,14.22097566607244,1141498.0,0.05,1198573.0
1.0,1584.0,830000.0,99.0,13.62918097977278,1149697.0,0.05,1207181.0
1.0,1470.0,1765000.0,94.0,14.383661248349535,1092362.0,0.05,1146980.0
1.0,1750.0,1775000.0,99.0,14.389310980891652,1193182.0,0.05,1252841.0
1.0,3424.0,1400000.0,84.0,14.151982794585487,1606455.0,0.060000000000000005,1702843.0
1.0,2244.0,1999000.0,94.0,14.508157613482537,1298806.0,0.060000000000000005,1376735.0
1.0,2028.0,1750000.0,94.0,14.375126345899696,1237555.0,0.060000000000000005,1311808.0
1.0,1520.0,1075000.0,94.0,13.8878312195439,1104646.0,0.05,1159878.0
1.0,1088.0,1090000.0,89.0,13.901688254205327,977506.0,0.04,1016606.0
1.0,924.0,999000.0,104.0,13.81451005763069,1017705.0,0.04,1058414.0
1.0,3390.0,1700000.0,99.0,14.346138809026444,1721861.0,0.060000000000000005,1825173.0
1.0,3360.0,1650000.0,26.0,14.316285845876763,1175933.0,0.060000000000000005,1246489.0
1.0,2907.0,1750000.0,104.0,14.375126345899696,1585728.0,0.060000000000000005,1680872.0
2.0,1872.0,875000.0,89.0,13.681979165339751,1044642.0,0.05,1096875.0
2.0,1500.0,670239.0,104.0,13.415389644176884,1038168.0,0.05,1090076.0
2.0,2488.0,1450000.0,104.0,14.187074114396758,1294884.0,0.060000000000000005,1372577.0
2.0,2850.0,1800000.0,114.0,14.403297222866392,1478017.0,0.060000000000000005,1566698.0
2.0,8760.0,6000000.0,93.0,15.60727002719233,4976306.0,0.060000000000000005,5274885.0
2.0,1824.0,1700000.0,99.0,14.346138809026444,1087911.0,0.05,1142307.0
2.0,4599.0,3550000.0,114.0,15.082458161451598,2185537.0,0.060000000000000005,2316669.0
2.0,3208.0,3100000.0,114.0,14.946912669455374,1601223.0,0.060000000000000005,1697296.0
2.0,1760.0,950000.0,94.0,13.764217263576723,1045281.0,0.05,1097545.0
2.0,4884.0,2500000.0,59.0,14.73180128983843,1756533.0,0.060000000000000005,1861925.0
2.0,1848.0,980000.0,89.0,13.795307850646754,1039050.0,0.05,1091003.0
2.0,2640.0,1500000.0,89.0,14.22097566607244,1240403.0,0.060000000000000005,1314827.0
2.0,2133.0,1200000.0,79.0,13.997832114758229,1052036.0,0.060000000000000005,1115158.0
2.0,2196.0,954000.0,79.0,13.768418950430423,1066963.0,0.060000000000000005,1130981.0
1.0,1424.0,730000.0,99.0,13.500799813124575,1109284.0,0.05,1164748.0
1.0,1280.0,875000.0,84.0,13.681979165339751,994544.0,0.05,1044272.0
1.0,2080.0,850000.0,79.0,13.652991628466498,1159267.0,0.060000000000000005,1228823.0
1.0,2340.0,840000.0,79.0,13.641157170819497,1228675.0,0.060000000000000005,1302395.0
1.0,1408.0,850000.0,94.0,13.652991628466498,1077320.0,0.05,1131186.0
1.0,1345.0,1100000.0,99.0,13.9108207377686,1089857.0,0.05,1144350.0
1.0,1608.0,615000.0,104.0,13.329377546788654,1185928.0,0.05,1245224.0
1.0,1128.0,770000.0,99.0,13.554145793829866,1038227.0,0.05,1090139.0
1.0,1128.0,688000.0,99.0,13.44154411691548,1038227.0,0.05,1090139.0
1.0,1464.0,820000.0,99.0,13.617059619240436,1119252.0,0.05,1175214.0
1.0,1568.0,938000.0,99.0,13.751505227988362,1145590.0,0.05,1202869.0
1.0,1540.0,888000.0,94.0,13.696727021974308,1109598.0,0.05,1165078.0
1.0,1552.0,877000.0,89.0,13.68426227135432,1084394.0,0.05,1138614.0
1.0,1472.0,838000.0,99.0,13.63877337946422,1121256.0,0.05,1177319.0
1.0,1472.0,800000.0,99.0,13.592367006650065,1121256.0,0.05,1177319.0
1.0,1472.0,700000.0,99.0,13.458835614025542,1121256.0,0.05,1177319.0
1.0,1724.0,991000.0,104.0,13.806469813312125,1217097.0,0.05,1277952.0
1.0,1392.0,950000.0,99.0,13.764217263576723,1101373.0,0.05,1156442.0
1.0,1664.0,835000.0,89.0,13.635187003832993,1111900.0,0.05,1167495.0
1.0,1672.0,720000.0,74.0,13.487006490992238,1031361.0,0.05,1082929.0
1.0,1036.0,870000.0,99.0,13.676248490630767,1017083.0,0.04,1057767.0
1.0,1036.0,560000.0,99.0,13.235692062711331,1017083.0,0.04,1057767.0
1.0,1079.0,938000.0,99.0,13.751505227988362,1026912.0,0.04,1067988.0
1.0,1082.0,777700.0,99.0,13.564096124683035,1027601.0,0.04,1068705.0
1.0,1148.0,815000.0,99.0,13.610943392223,1042882.0,0.05,1095026.0
1.0,1148.0,550000.0,99.0,13.217673557208654,1042882.0,0.05,1095026.0
1.0,1167.0,815000.0,99.0,13.610943392223,1047323.0,0.05,1099689.0
1.0,750.0,710000.0,99.0,13.473020249017498,954064.0,0.04,992227.0
1.0,1664.0,1295000.0,104.0,14.074021253115776,1200874.0,0.05,1260918.0
1.0,1974.0,1360000.0,99.0,14.122995257712235,1254479.0,0.05,1317203.0
1.0,1312.0,800000.0,99.0,13.592367006650065,1081843.0,0.05,1135935.0
1.0,1986.0,899000.0,89.0,13.709038313453757,1194926.0,0.05,1254673.0
1.0,1500.0,826000.0,84.0,13.624350052503114,1044702.0,0.05,1096937.0
1.0,1500.0,857000.0,84.0,13.661193197579918,1044702.0,0.05,1096937.0
1.0,1890.0,999000.0,89.0,13.81451005763069,1169545.0,0.05,1228022.0
1.0,1584.0,833000.0,89.0,13.632788921148979,1092183.0,0.05,1146792.0
1.0,1432.0,889000.0,104.0,13.697852514496041,1140154.0,0.05,1197162.0
1.0,1760.0,760000.0,84.0,13.541073712262515,1107251.0,0.05,1162614.0
1.0,1584.0,785000.0,94.0,13.573438996764546,1120571.0,0.05,1176599.0
1.0,1824.0,1425000.0,84.0,14.169682371684887,1123214.0,0.05,1179374.0
1.0,1092.0,730000.0,89.0,13.500799813124575,978381.0,0.04,1017516.0
1.0,1092.0,750000.0,89.0,13.527828485512494,978381.0,0.04,1017516.0
1.0,1036.0,750000.0,94.0,13.527828485512494,991317.0,0.04,1030970.0
1.0,1296.0,720000.0,94.0,13.487006490992238,1050670.0,0.05,1103203.0
1.0,1485.0,806000.0,94.0,13.599839021488766,1096033.0,0.05,1150834.0
1.0,1395.0,810000.0,94.0,13.604789526648622,1074192.0,0.05,1127902.0
1.0,1316.0,855000.0,94.0,13.658856747918897,1055380.0,0.05,1108149.0
1.0,1316.0,785000.0,94.0,13.573438996764546,1055380.0,0.05,1108149.0
1.0,1288.0,783500.0,94.0,13.571526340778213,1048791.0,0.05,1101231.0
1.0,1232.0,757500.0,104.0,13.53777881636566,1090279.0,0.05,1144793.0
1.0,1232.0,760000.0,104.0,13.541073712262515,1090279.0,0.05,1144793.0
1.0,2016.0,1300000.0,69.0,14.077874822431765,1085623.0,0.060000000000000005,1150761.0
1.0,1316.0,881000.0,99.0,13.688812904918317,1082811.0,0.05,1136952.0
1.0,1440.0,950000.0,99.0,13.764217263576723,1113260.0,0.05,1168923.0
1.0,1200.0,700000.0,104.0,13.458835614025542,1082504.0,0.05,1136630.0
1.0,1700.0,918000.0,89.0,13.729952669602628,1120888.0,0.05,1176933.0
1.0,1352.0,780000.0,94.0,13.567049198665774,1063911.0,0.05,1117107.0
1.0,1536.0,935000.0,99.0,13.748301808270824,1137420.0,0.05,1194291.0
1.0,1078.0,472500.0,94.0,13.065793025915934,1000673.0,0.04,1040700.0
1.0,1036.0,650000.0,99.0,13.38472764187182,1017083.0,0.04,1057767.0
1.0,1036.0,673000.0,99.0,13.419500608626866,1017083.0,0.04,1057767.0
1.0,994.0,585000.0,99.0,13.279367126213993,1007574.0,0.04,1047877.0
1.0,994.0,693500.0,104.0,13.449506518737023,1033763.0,0.04,1075114.0
1.0,1064.0,679000.0,99.0,13.428376406540833,1023472.0,0.04,1064411.0
1.0,924.0,735000.0,99.0,13.507625778194974,991923.0,0.04,1031600.0
1.0,1148.0,735000.0,99.0,13.507625778194974,1042882.0,0.05,1095026.0
1.0,840.0,550000.0,94.0,13.217673557208654,948801.0,0.04,986753.0
1.0,896.0,230000.0,84.0,12.345834587905333,912697.0,0.04,949205.0
1.0,968.0,560038.0,84.0,13.235759917551997,927513.0,0.04,964613.0
1.0,938.0,660000.0,94.0,13.399995114002609,969826.0,0.04,1008619.0
1.0,1050.0,823000.0,94.0,13.620711479659207,994426.0,0.04,1034203.0
1.0,980.0,800000.0,99.0,13.592367006650065,1004425.0,0.04,1044602.0
1.0,980.0,699999.0,99.0,13.458834185453092,1004425.0,0.04,1044602.0
1.0,980.0,610000.0,99.0,13.321214236149494,1004425.0,0.04,1044602.0
1.0,1064.0,699000.0,99.0,13.457406021215947,1023472.0,0.04,1064411.0
1.0,1064.0,740000.0,99.0,13.514405465180353,1023472.0,0.04,1064411.0
1.0,1008.0,530000.0,99.0,13.180632285528304,1010734.0,0.04,1051164.0
1.0,1732.0,850000.0,84.0,13.652991628466498,1100339.0,0.05,1155356.0
1.0,1036.0,758000.0,99.0,13.53843866462451,1017083.0,0.04,1057767.0
1.0,1036.0,660000.0,99.0,13.399995114002609,1017083.0,0.04,1057767.0
1.0,1552.0,600000.0,74.0,13.304684934198283,1004050.0,0.05,1054253.0
1.0,1122.0,900000.0,99.0,13.710150042306449,1036835.0,0.05,1088677.0
1.0,1122.0,870000.0,99.0,13.676248490630767,1036835.0,0.05,1088677.0
1.0,1575.0,770000.0,84.0,13.554145793829866,1062373.0,0.05,1115492.0
1.0,1192.0,700000.0,99.0,13.458835614025542,1053195.0,0.05,1105854.0
1.0,1192.0,815000.0,99.0,13.610943392223,1053195.0,0.05,1105854.0
1.0,1036.0,638000.0,99.0,13.366093562326927,1017083.0,0.04,1057767.0
1.0,1140.0,790000.0,99.0,13.579788224443204,1041017.0,0.05,1093068.0
1.0,1408.0,1187500.0,99.0,13.987360814890934,1105321.0,0.05,1160587.0
1.0,1140.0,830000.0,99.0,13.62918097977278,1041017.0,0.05,1093068.0
1.0,1156.0,790000.0,99.0,13.579788224443204,1044749.0,0.05,1096987.0
1.0,1200.0,344900.0,89.0,12.751009798924933,1002300.0,0.05,1052415.0
1.0,924.0,675000.0,99.0,13.422467969854667,991923.0,0.04,1031600.0
1.0,2000.0,700000.0,89.0,13.458835614025542,1198674.0,0.05,1258607.0
1.0,2264.0,1200000.0,89.0,13.997832114758229,1271578.0,0.060000000000000005,1347873.0
1.0,2368.0,830000.0,89.0,13.62918097977278,1301501.0,0.060000000000000005,1379591.0
1.0,2272.0,800000.0,89.0,13.592367006650065,1273855.0,0.060000000000000005,1350286.0
1.0,1568.0,785000.0,94.0,13.573438996764546,1116568.0,0.05,1172396.0
1.0,1568.0,880000.0,94.0,13.687677186454389,1116568.0,0.05,1172396.0
1.0,1344.0,799999.0,99.0,13.592365756649283,1089613.0,0.05,1144094.0
1.0,1092.0,779000.0,99.0,13.565766324852886,1029902.0,0.04,1071098.0
1.0,838.0,740000.0,99.0,13.514405465180353,973027.0,0.04,1011948.0
1.0,1292.0,880000.0,99.0,13.687677186454389,1077015.0,0.05,1130865.0
1.0,946.0,618000.0,89.0,13.334243736439827,946950.0,0.04,984828.0
1.0,1600.0,870000.0,89.0,13.676248490630767,1096098.0,0.05,1150903.0
1.0,1694.0,790000.0,74.0,13.579788224443204,1036448.0,0.05,1088271.0
1.0,1120.0,775000.0,104.0,13.560618308335483,1063309.0,0.05,1116474.0
1.0,806.0,724000.0,99.0,13.492546671367853,966088.0,0.04,1004732.0
1.0,1980.0,885000.0,89.0,13.693342923990066,1193324.0,0.05,1252990.0
1.0,876.0,699000.0,99.0,13.457406021215947,981332.0,0.04,1020585.0
1.0,1125.0,718000.0,99.0,13.484224848030362,1037531.0,0.05,1089407.0
1.0,1392.0,770000.0,74.0,13.554145793829866,968757.0,0.05,1017195.0
1.0,1168.0,788000.0,69.0,13.577253368840017,898078.0,0.05,942981.0
2.0,2427.0,970000.0,79.0,13.785051350479566,1123534.0,0.060000000000000005,1190946.0
2.0,1587.0,930000.0,79.0,13.742939865129438,931104.0,0.05,977659.0
2.0,2460.0,920000.0,94.0,13.732128949025222,1222428.0,0.060000000000000005,1295774.0
2.0,1800.0,650000.0,94.0,13.38472764187182,1054674.0,0.05,1107408.0
2.0,1790.0,822000.0,84.0,13.619495674038317,999676.0,0.05,1049659.0
2.0,2270.0,870000.0,89.0,13.676248490630767,1141892.0,0.060000000000000005,1210405.0
2.0,3234.0,875000.0,94.0,13.681979165339751,1453454.0,0.060000000000000005,1540661.0
2.0,2046.0,745000.0,84.0,13.521139497361697,1058581.0,0.060000000000000005,1122096.0
2.0,2305.0,625000.0,69.0,13.345506928718539,1038601.0,0.060000000000000005,1100917.0
2.0,1782.0,630000.0,84.0,13.353475098367715,997889.0,0.05,1047783.0
2.0,2576.0,1355000.0,94.0,14.119312012295937,1254557.0,0.060000000000000005,1329830.0
2.0,1600.0,800000.0,94.0,13.592367006650065,1008539.0,0.05,1058966.0
2.0,1680.0,625000.0,94.0,13.345506928718539,1026746.0,0.05,1078083.0
2.0,1600.0,770000.0,94.0,13.554145793829866,1008539.0,0.05,1058966.0
2.0,1600.0,900000.0,94.0,13.710150042306449,1008539.0,0.05,1058966.0
2.0,1600.0,910000.0,94.0,13.721199878493033,1008539.0,0.05,1058966.0
2.0,1600.0,995000.0,94.0,13.81049801614073,1008539.0,0.05,1058966.0
2.0,2400.0,875000.0,94.0,13.681979165339751,1206134.0,0.060000000000000005,1278502.0
2.0,1890.0,918166.0,99.0,13.730133481141946,1104088.0,0.05,1159293.0
2.0,1785.0,820000.0,99.0,13.617059619240436,1078463.0,0.05,1132386.0
2.0,1600.0,1200000.0,89.0,13.997832114758229,982989.0,0.05,1032138.0
2.0,2320.0,932000.0,99.0,13.745088093667729,1215540.0,0.060000000000000005,1288473.0
2.0,2240.0,763688.0,99.0,13.545914607776727,1193985.0,0.060000000000000005,1265625.0
2.0,1863.0,838000.0,79.0,13.63877337946422,990389.0,0.05,1039908.0
2.0,1392.0,850000.0,99.0,13.652991628466498,987720.0,0.05,1037106.0
2.0,2400.0,920000.0,94.0,13.732128949025222,1206134.0,0.060000000000000005,1278502.0
2.0,1600.0,849000.0,99.0,13.651814465293484,1034752.0,0.05,1086490.0
2.0,2793.0,930000.0,94.0,13.742939865129438,1316944.0,0.060000000000000005,1395961.0
2.0,2200.0,1110000.0,104.0,13.919870573288517,1214109.0,0.060000000000000005,1286956.0
2.0,2727.0,1200000.0,114.0,13.997832114758229,1437913.0,0.060000000000000005,1524188.0
2.0,1872.0,900000.0,99.0,13.710150042306449,1099653.0,0.05,1154635.0
2.0,1536.0,865000.0,99.0,13.670484785914017,1020047.0,0.05,1071049.0
2.0,1727.0,890000.0,84.0,13.698976741708323,985689.0,0.05,1034974.0
2.0,1246.0,778888.0,99.0,13.565622540447084,955989.0,0.05,1003788.0
2.0,1110.0,515000.0,99.0,13.151922179645874,927349.0,0.05,973717.0
2.0,1692.0,608000.0,99.0,13.317930160948304,1056264.0,0.05,1109077.0
2.0,1325.0,955000.0,94.0,13.769466619462868,948379.0,0.05,995798.0
2.0,1208.0,550000.0,89.0,13.217673557208654,900480.0,0.05,945504.0
2.0,1208.0,820000.0,89.0,13.617059619240436,900480.0,0.05,945504.0
2.0,3115.0,1115000.0,69.0,13.924364962876357,1244868.0,0.060000000000000005,1319560.0
2.0,1400.0,738000.0,79.0,13.51169910358261,892966.0,0.05,937614.0
2.0,800.0,499999.0,79.0,13.12236137740233,780832.0,0.04,812065.0
2.0,800.0,750000.0,79.0,13.527828485512494,780832.0,0.04,812065.0
2.0,1998.0,840000.0,84.0,13.641157170819497,1047278.0,0.05,1099642.0
2.0,2160.0,1250000.0,15.0,14.038654109278484,762097.0,0.07999999999999999,823065.0
2.0,2497.0,970000.0,49.0,13.785051350479566,978412.0,0.060000000000000005,1037116.0
2.0,2153.0,780000.0,44.0,13.567049198665774,883009.0,0.060000000000000005,935990.0
3.0,1890.0,910000.0,99.0,13.721199878493033,990155.0,0.05,1039662.0
3.0,2645.0,988000.0,74.0,13.803437976730004,1031135.0,0.060000000000000005,1093003.0
1.0,2580.0,969000.0,114.0,13.784019890872903,1551513.0,0.060000000000000005,1644604.0
1.0,1917.0,890969.0,99.0,13.700064913479553,1238589.0,0.05,1300518.0
1.0,1656.0,675000.0,109.0,13.422467969854667,1229885.0,0.05,1291379.0
1.0,1680.0,999000.0,109.0,13.81451005763069,1236504.0,0.05,1298329.0
1.0,1326.0,1050000.0,125.0,13.864300722133706,1240145.0,0.05,1302152.0
1.0,2104.0,1780000.0,114.0,14.392123922268269,1394833.0,0.060000000000000005,1478523.0
1.0,2891.0,1510000.0,114.0,14.227620208791107,1663270.0,0.060000000000000005,1763066.0
1.0,2520.0,1500000.0,104.0,14.22097566607244,1454253.0,0.060000000000000005,1541508.0
1.0,1844.0,1300000.0,114.0,14.077874822431765,1316039.0,0.05,1381840.0
1.0,1574.0,990000.0,94.0,13.805460222110773,1118067.0,0.05,1173971.0
1.0,1692.0,1200000.0,104.0,13.997832114758229,1208418.0,0.05,1268839.0
1.0,2466.0,1800000.0,125.0,14.403297222866392,1600293.0,0.060000000000000005,1696311.0
1.0,2246.0,1925000.0,119.0,14.470436525704022,1477265.0,0.060000000000000005,1565901.0
1.0,3038.0,1675000.0,119.0,14.331323723241304,1763537.0,0.060000000000000005,1869349.0
1.0,2750.0,2465000.0,119.0,14.717702365458928,1653527.0,0.060000000000000005,1752739.0
1.0,3832.0,2800000.0,59.0,14.845129975145433,1548023.0,0.060000000000000005,1640905.0
1.0,1584.0,890000.0,64.0,13.698976741708323,960673.0,0.05,1008707.0
1.0,1356.0,995000.0,114.0,13.81049801614073,1179966.0,0.05,1238965.0
1.0,1356.0,840000.0,114.0,13.641157170819497,1179966.0,0.05,1238965.0
1.0,1572.0,995000.0,99.0,13.81049801614073,1146615.0,0.05,1203946.0
1.0,1392.0,979000.0,99.0,13.794286921512647,1101373.0,0.05,1156442.0
1.0,2070.0,1390000.0,104.0,14.144814305106875,1315018.0,0.060000000000000005,1393920.0
1.0,2670.0,1226000.0,99.0,14.019267395478293,1465768.0,0.060000000000000005,1553714.0
1.0,1608.0,985000.0,99.0,13.800396920154226,1155884.0,0.05,1213678.0
1.0,928.0,760000.0,99.0,13.541073712262515,992811.0,0.04,1032524.0
1.0,1504.0,950000.0,94.0,13.764217263576723,1100700.0,0.05,1155735.0
1.0,2382.0,1650000.0,99.0,14.316285845876763,1374334.0,0.060000000000000005,1456794.0
1.0,1636.0,1425000.0,99.0,14.169682371684887,1163145.0,0.05,1221302.0
1.0,2095.0,1650000.0,99.0,14.316285845876763,1288891.0,0.060000000000000005,1366224.0
1.0,1728.0,1125000.0,104.0,13.933293593620657,1218186.0,0.05,1279096.0
1.0,1600.0,1100000.0,104.0,13.9108207377686,1183808.0,0.05,1242998.0
1.0,1566.0,975000.0,99.0,13.790192749979985,1145078.0,0.05,1202331.0
1.0,1422.0,890000.0,104.0,13.698976741708323,1137607.0,0.05,1194487.0
1.0,1404.0,970000.0,104.0,13.785051350479566,1133037.0,0.05,1189688.0
1.0,1734.0,1175000.0,104.0,13.976778705560397,1219822.0,0.05,1280813.0
1.0,3730.0,2345000.0,114.0,14.667795959862516,2006568.0,0.060000000000000005,2126962.0
1.0,1920.0,393333.0,104.0,12.882411860315752,1271635.0,0.05,1335217.0
1.0,1152.0,675000.0,109.0,13.422467969854667,1098782.0,0.05,1153721.0
1.0,1152.0,455000.0,109.0,13.028052697933088,1098782.0,0.05,1153721.0
1.0,1796.0,1500000.0,94.0,14.22097566607244,1174980.0,0.05,1233729.0
1.0,2648.0,2475000.0,99.0,14.721750953984929,1458574.0,0.060000000000000005,1546088.0
1.0,1968.0,990000.0,104.0,13.805460222110773,1285360.0,0.05,1349628.0
1.0,2388.0,2050000.0,109.0,14.53335035111459,1448648.0,0.060000000000000005,1535567.0
1.0,1552.0,820000.0,99.0,13.617059619240436,1141498.0,0.05,1198573.0
1.0,1376.0,924000.0,99.0,13.73646735062382,1097439.0,0.05,1152311.0
1.0,1326.0,835000.0,104.0,13.635187003832993,1113443.0,0.05,1169115.0
1.0,1326.0,972500.0,104.0,13.787625354474738,1113443.0,0.05,1169115.0
1.0,1440.0,995000.0,99.0,13.81049801614073,1113260.0,0.05,1168923.0
1.0,1770.0,1895000.0,94.0,14.454729396498664,1168168.0,0.05,1226576.0
1.0,4905.0,1500000.0,114.0,14.22097566607244,2609639.0,0.060000000000000005,2766217.0
1.0,2232.0,975000.0,114.0,13.790192749979985,1435340.0,0.060000000000000005,1521460.0
1.0,2070.0,1599000.0,114.0,14.284888991816091,1384267.0,0.060000000000000005,1467323.0
1.0,3862.0,1378650.0,104.0,14.136615317454366,1963301.0,0.060000000000000005,2081099.0
1.0,2052.0,1885000.0,94.0,14.449438378864247,1244216.0,0.060000000000000005,1318868.0
1.0,2064.0,1715000.0,99.0,14.354923638582177,1279986.0,0.060000000000000005,1356785.0
1.0,1312.0,675450.0,99.0,13.423134414397827,1081843.0,0.05,1135935.0
1.0,1372.0,1215000.0,99.0,14.010254634756786,1096458.0,0.05,1151281.0
1.0,1584.0,1350000.0,99.0,14.115615150414612,1149697.0,0.05,1207181.0
1.0,1584.0,765000.0,99.0,13.547631112808673,1149697.0,0.05,1207181.0
1.0,2881.0,1831500.0,104.0,14.420645861201006,1576534.0,0.060000000000000005,1671126.0
1.0,3975.0,1835000.0,84.0,14.422555039470808,1817133.0,0.060000000000000005,1926161.0
1.0,2482.0,1900000.0,99.0,14.457364444136669,1405416.0,0.060000000000000005,1489741.0
1.0,3304.0,995000.0,104.0,13.81049801614073,1732962.0,0.060000000000000005,1836940.0
1.0,1866.0,1165000.0,99.0,13.968231644981937,1224542.0,0.05,1285769.0
1.0,4524.0,1550000.0,89.0,14.253765488895429,2107922.0,0.060000000000000005,2234397.0
1.0,1977.0,1325000.0,99.0,14.09692301740246,1255321.0,0.05,1318087.0
1.0,1680.0,1850000.0,104.0,14.430696197054507,1205179.0,0.05,1265438.0
1.0,2279.0,1542500.0,104.0,14.24891503476168,1377945.0,0.060000000000000005,1460621.0
1.0,1705.0,1650000.0,104.0,14.316285845876763,1211936.0,0.05,1272533.0
1.0,5225.0,4031963.0,24.0,15.209763912103934,1766325.0,0.07999999999999999,1907631.0
1.0,2436.0,1200500.0,104.0,13.998248694643445,1427188.0,0.060000000000000005,1512819.0
1.0,2697.0,1830000.0,99.0,14.419826524817603,1474646.0,0.060000000000000005,1563125.0
1.0,1618.0,1420000.0,114.0,14.166167429577444,1251173.0,0.05,1313732.0
1.0,2344.0,2075000.0,109.0,14.545471711646936,1434462.0,0.060000000000000005,1520530.0
1.0,1312.0,800000.0,99.0,13.592367006650065,1081843.0,0.05,1135935.0
1.0,2244.0,2150000.0,109.0,14.580978400103845,1402737.0,0.060000000000000005,1486901.0
1.0,3250.0,1996000.0,94.0,14.506655735853546,1626508.0,0.060000000000000005,1724098.0
1.0,3360.0,1999000.0,109.0,14.508157613482537,1800413.0,0.060000000000000005,1908438.0
1.0,2186.0,1500000.0,114.0,14.22097566607244,1420649.0,0.060000000000000005,1505888.0
1.0,2491.0,1750000.0,99.0,14.375126345899696,1408248.0,0.060000000000000005,1492743.0
1.0,2250.0,1850000.0,99.0,14.430696197054507,1334354.0,0.060000000000000005,1414415.0
1.0,1896.0,1050000.0,74.0,13.864300722133706,1084346.0,0.05,1138563.0
1.0,1896.0,1350000.0,74.0,14.115615150414612,1084346.0,0.05,1138563.0
1.0,2000.0,1650000.0,104.0,14.316285845876763,1294592.0,0.05,1359321.0
1.0,2160.0,1900000.0,109.0,14.457364444136669,1376631.0,0.060000000000000005,1459228.0
1.0,2532.0,1850000.0,99.0,14.430696197054507,1421221.0,0.060000000000000005,1506494.0
1.0,1326.0,930000.0,99.0,13.742939865129438,1085235.0,0.05,1139497.0
1.0,1408.0,850000.0,94.0,13.652991628466498,1077320.0,0.05,1131186.0
1.0,1404.0,1290000.0,94.0,14.070152776337855,1076356.0,0.05,1130174.0
1.0,1925.0,1090000.0,99.0,13.901688254205327,1240807.0,0.05,1302847.0
1.0,1224.0,825000.0,89.0,13.623138665316818,1007695.0,0.05,1058079.0
1.0,1152.0,753500.0,89.0,13.532484297048688,991598.0,0.05,1041178.0
1.0,1456.0,1380000.0,99.0,14.137594057133388,1117251.0,0.05,1173113.0
1.0,2352.0,1650000.0,104.0,14.316285845876763,1400626.0,0.060000000000000005,1484664.0
1.0,4418.0,3900000.0,94.0,15.176487111099874,2112043.0,0.060000000000000005,2238766.0
1.0,1376.0,970000.0,99.0,13.785051350479566,1097439.0,0.05,1152311.0
2.0,1940.0,850000.0,109.0,13.652991628466498,1175299.0,0.05,1234064.0
2.0,1842.0,796000.0,69.0,13.58735446482652,936436.0,0.05,983258.0
2.0,3180.0,2100000.0,109.0,14.557447902693651,1550916.0,0.060000000000000005,1643970.0
2.0,2648.0,1450000.0,104.0,14.187074114396758,1342059.0,0.060000000000000005,1422582.0
2.0,2204.0,1410000.0,104.0,14.15910026235435,1215196.0,0.060000000000000005,1288108.0
2.0,2908.0,1960000.0,104.0,14.4884550312067,1422411.0,0.060000000000000005,1507756.0
2.0,2352.0,965000.0,99.0,13.779883380321124,1224271.0,0.060000000000000005,1297727.0
2.0,2480.0,1120000.0,99.0,13.928839243271277,1259824.0,0.060000000000000005,1335414.0
2.0,2852.0,1700000.0,99.0,14.346138809026444,1369121.0,0.060000000000000005,1451269.0
2.0,1704.0,780000.0,79.0,13.567049198665774,955789.0,0.05,1003579.0
2.0,2524.0,995000.0,99.0,13.81049801614073,1272283.0,0.060000000000000005,1348620.0
2.0,3900.0,1879000.0,99.0,14.446250278395603,1730745.0,0.060000000000000005,1834590.0
2.0,1908.0,1300000.0,99.0,14.077874822431765,1108542.0,0.05,1163969.0
2.0,2163.0,900000.0,104.0,13.710150042306449,1204104.0,0.060000000000000005,1276350.0
2.0,2163.0,915000.0,104.0,13.726679344257658,1204104.0,0.060000000000000005,1276350.0
2.0,1872.0,788000.0,89.0,13.577253368840017,1044642.0,0.05,1096875.0
2.0,3410.0,1175000.0,89.0,13.976778705560397,1473506.0,0.060000000000000005,1561917.0
2.0,2439.0,999000.0,114.0,13.81451005763069,1348216.0,0.060000000000000005,1429109.0
2.0,2120.0,775000.0,109.0,13.560618308335483,1223577.0,0.060000000000000005,1296992.0
2.0,4413.0,1825000.0,104.0,14.417090544998729,1991610.0,0.060000000000000005,2111106.0
2.0,7190.0,4800000.0,109.0,15.38412647587812,3802553.0,0.060000000000000005,4030706.0
2.0,4008.0,2500000.0,99.0,14.73180128983843,1773058.0,0.060000000000000005,1879442.0
2.0,2844.0,1650000.0,94.0,14.316285845876763,1332051.0,0.060000000000000005,1411974.0
2.0,1408.0,999000.0,94.0,13.81451005763069,966148.0,0.05,1014456.0
2.0,1609.0,925000.0,104.0,13.737549016494562,1063787.0,0.05,1116976.0
3.0,2832.0,786000.0,69.0,13.574712071411344,1047936.0,0.060000000000000005,1110812.0
3.0,3736.0,1725000.0,54.0,14.360737608447597,1187702.0,0.060000000000000005,1258964.0
3.0,3220.0,1575000.0,49.0,14.269765830241871,1031443.0,0.060000000000000005,1093329.0
3.0,3736.0,1675000.0,54.0,14.331323723241304,1187702.0,0.060000000000000005,1258964.0
3.0,4760.0,2390000.0,104.0,14.686803923907693,1930221.0,0.060000000000000005,2046035.0
4.0,3432.0,1650000.0,99.0,14.316285845876763,1253647.0,0.060000000000000005,1328865.0
4.0,4180.0,3600000.0,18.0,15.096444403426338,977903.0,0.07999999999999999,1056135.0
4.0,3300.0,1080000.0,93.0,13.892471599100402,1180270.0,0.060000000000000005,1251086.0
1.0,1377.0,940000.0,74.0,13.753635154246187,965512.0,0.05,1013788.0
1.0,3000.0,1700000.0,19.0,14.346138809026444,1046682.0,0.07999999999999999,1130416.0
1.0,1360.0,775000.0,64.0,13.560618308335483,913732.0,0.05,959418.0
1.0,1440.0,730000.0,64.0,13.500799813124575,930227.0,0.05,976738.0
1.0,2045.0,687000.0,59.0,13.440089571204487,1038026.0,0.060000000000000005,1100307.0
1.0,1404.0,684000.0,59.0,13.435713196604688,899391.0,0.05,944360.0
1.0,1324.0,840000.0,64.0,13.641157170819497,906404.0,0.05,951725.0
1.0,2041.0,760000.0,1.0,13.541073712262515,770105.0,0.07999999999999999,831713.0
1.0,2651.0,1425000.0,59.0,14.169682371684887,1188689.0,0.060000000000000005,1260010.0
1.0,6828.0,3500000.0,18.0,15.068273526459642,2451295.0,0.07999999999999999,2647398.0
1.0,3276.0,1800000.0,59.0,14.403297222866392,1367017.0,0.060000000000000005,1449038.0
1.0,1959.0,950000.0,64.0,13.764217263576723,1044718.0,0.05,1096954.0
1.0,2454.0,994000.0,64.0,13.80949248563871,1167019.0,0.060000000000000005,1237040.0
1.0,2506.0,1250000.0,64.0,14.038654109278484,1180670.0,0.060000000000000005,1251510.0
1.0,2840.0,1350000.0,59.0,14.115615150414612,1240011.0,0.060000000000000005,1314412.0
1.0,2800.0,980000.0,64.0,13.795307850646754,1260911.0,0.060000000000000005,1336566.0
1.0,1836.0,1045000.0,64.0,13.85952744338105,1016371.0,0.05,1067189.0
1.0,1836.0,1350000.0,64.0,14.115615150414612,1016371.0,0.05,1067189.0
1.0,3640.0,990000.0,59.0,13.805460222110773,1482958.0,0.060000000000000005,1571935.0
1.0,2076.0,995000.0,59.0,13.81049801614073,1045247.0,0.060000000000000005,1107962.0
1.0,3732.0,2250000.0,64.0,14.626440774180603,1553133.0,0.060000000000000005,1646321.0
1.0,2360.0,950000.0,59.0,13.764217263576723,1113791.0,0.060000000000000005,1180618.0
1.0,1908.0,1662000.0,64.0,14.32353225439753,1032869.0,0.05,1084513.0
1.0,1614.0,810000.0,69.0,13.604789526648622,992278.0,0.05,1041892.0
1.0,2307.0,1773731.0,3.0,14.388595795630167,825741.0,0.07999999999999999,891800.0
1.0,2569.0,990000.0,74.0,13.805460222110773,1260479.0,0.060000000000000005,1336107.0
1.0,1224.0,655000.0,64.0,13.39239051461739,886358.0,0.05,930676.0
1.0,1224.0,660000.0,64.0,13.399995114002609,886358.0,0.05,930676.0
1.0,1924.0,875000.0,64.0,13.681979165339751,1036572.0,0.05,1088400.0
1.0,2756.0,1325000.0,64.0,14.09692301740246,1248564.0,0.060000000000000005,1323478.0
1.0,1188.0,690000.0,64.0,13.444446876573442,879250.0,0.05,923213.0
1.0,1869.0,1250000.0,64.0,14.038654109278484,1023899.0,0.05,1075094.0
1.0,1824.0,735000.0,59.0,13.507625778194974,987967.0,0.05,1037366.0
1.0,1624.0,665000.0,59.0,13.407542319637992,944750.0,0.05,991987.0
1.0,1624.0,810000.0,59.0,13.604789526648622,944750.0,0.05,991987.0
1.0,1152.0,760000.0,64.0,13.541073712262515,872200.0,0.05,915810.0
1.0,1152.0,850000.0,64.0,13.652991628466498,872200.0,0.05,915810.0
1.0,1672.0,885000.0,59.0,13.693342923990066,954946.0,0.05,1002694.0
1.0,1672.0,824601.0,59.0,13.622654911963394,954946.0,0.05,1002694.0
1.0,1188.0,665000.0,64.0,13.407542319637992,879250.0,0.05,923213.0
1.0,1188.0,605000.0,64.0,13.312983737012978,879250.0,0.05,923213.0
1.0,2032.0,800000.0,74.0,13.592367006650065,1117834.0,0.060000000000000005,1184904.0
2.0,2760.0,1280000.0,64.0,14.0623706358958,1120723.0,0.060000000000000005,1187967.0
2.0,2124.0,780000.0,59.0,13.567049198665774,947503.0,0.060000000000000005,1004353.0
2.0,2397.0,1075000.0,64.0,13.8878312195439,1033334.0,0.060000000000000005,1095334.0
2.0,2104.0,990000.0,64.0,13.805460222110773,967792.0,0.060000000000000005,1025859.0
2.0,2792.0,1620000.0,54.0,14.297936707208567,1072306.0,0.060000000000000005,1136644.0
2.0,3288.0,1400000.0,59.0,14.151982794585487,1229245.0,0.060000000000000005,1303000.0
2.0,2132.0,972000.0,64.0,13.787111083442577,973871.0,0.060000000000000005,1032303.0
2.0,2464.0,985000.0,64.0,13.800396920154226,1048934.0,0.060000000000000005,1111870.0
2.0,3486.0,900000.0,64.0,13.710150042306449,1318299.0,0.060000000000000005,1397397.0
2.0,1778.0,790000.0,64.0,13.579788224443204,899742.0,0.05,944729.0
3.0,2226.0,300000.0,59.0,12.611537753638338,869334.0,0.060000000000000005,921494.0
1.0,1000.0,975000.0,125.0,13.790192749979985,1152945.0,0.04,1199062.0
1.0,2295.0,2637500.0,9.0,14.785342056766458,849280.0,0.07999999999999999,917222.0
1.0,960.0,254400.0,119.0,12.446663110448105,1108028.0,0.04,1152349.0
1.0,1020.0,650000.0,119.0,13.38472764187182,1122996.0,0.04,1167916.0
2.0,2700.0,625000.0,123.0,13.345506928718539,1496819.0,0.060000000000000005,1586628.0
2.0,1600.0,885000.0,123.0,13.693342923990066,1170381.0,0.05,1228901.0
2.0,1280.0,1150000.0,123.0,13.955272500339433,1089548.0,0.05,1144025.0
2.0,1560.0,940000.0,123.0,13.753635154246187,1159958.0,0.05,1217956.0
2.0,2011.0,1100000.0,134.0,13.9108207377686,1357576.0,0.060000000000000005,1439031.0
2.0,1900.0,720000.0,123.0,13.487006490992238,1251602.0,0.05,1314182.0
2.0,824.0,575000.0,99.0,13.262125319779487,869890.0,0.04,904686.0
2.0,2616.0,889709.0,123.0,13.698649721951055,1468962.0,0.060000000000000005,1557099.0
2.0,2496.0,813019.0,123.0,13.60850975849057,1430062.0,0.060000000000000005,1515866.0
2.0,2700.0,955000.0,20.0,13.769466619462868,882275.0,0.07999999999999999,952857.0
2.0,2700.0,990000.0,20.0,13.805460222110773,882275.0,0.07999999999999999,952857.0
2.0,1976.0,825000.0,104.0,13.623138665316818,1154784.0,0.05,1212524.0
2.0,2295.0,800000.0,125.0,13.592367006650065,1381305.0,0.060000000000000005,1464184.0
2.0,2295.0,1300200.0,125.0,14.078028656752505,1381305.0,0.060000000000000005,1464184.0
2.0,2001.0,1235000.0,125.0,14.026581528044215,1293403.0,0.060000000000000005,1371007.0
2.0,2040.0,1450000.0,125.0,14.187074114396758,1304733.0,0.060000000000000005,1383017.0
2.0,2856.0,1150000.0,32.0,13.955272500339433,971631.0,0.060000000000000005,1029929.0
2.0,2856.0,1215199.0,32.0,14.010418407353553,971631.0,0.060000000000000005,1029929.0
2.0,2160.0,2275000.0,125.0,14.637490610367188,1340224.0,0.060000000000000005,1420637.0
2.0,2430.0,1170000.0,125.0,13.972514306773938,1423646.0,0.060000000000000005,1509065.0
2.0,2430.0,985000.0,125.0,13.800396920154226,1423646.0,0.060000000000000005,1509065.0
2.0,2040.0,1234000.0,114.0,14.02577148344747,1233119.0,0.060000000000000005,1307106.0
2.0,2475.0,1870000.0,125.0,14.44144898883077,1438046.0,0.060000000000000005,1524329.0
2.0,2475.0,1600000.0,125.0,14.28551418721001,1438046.0,0.060000000000000005,1524329.0
2.0,2700.0,2100000.0,125.0,14.557447902693651,1512261.0,0.060000000000000005,1602997.0
2.0,3096.0,1783250.0,125.0,14.393948100140285,1652304.0,0.060000000000000005,1751442.0
2.0,2400.0,1950000.0,125.0,14.48333993053993,1414126.0,0.060000000000000005,1498974.0
2.0,3147.0,1250000.0,125.0,14.038654109278484,1671258.0,0.060000000000000005,1771534.0
2.0,2700.0,1500000.0,125.0,14.22097566607244,1512261.0,0.060000000000000005,1602997.0
2.0,2200.0,1205000.0,125.0,14.001990124906893,1352267.0,0.060000000000000005,1433403.0
2.0,2700.0,2100000.0,114.0,14.557447902693651,1429257.0,0.060000000000000005,1515012.0
2.0,2268.0,610000.0,123.0,13.321214236149494,1358969.0,0.060000000000000005,1440507.0
2.0,2430.0,1268000.0,123.0,14.052951413979308,1409109.0,0.060000000000000005,1493655.0
2.0,2175.0,1150000.0,123.0,13.955272500339433,1330996.0,0.060000000000000005,1410855.0
2.0,2832.0,2195000.0,119.0,14.601692604491408,1510342.0,0.060000000000000005,1600962.0
2.0,2623.0,999000.0,27.0,13.81451005763069,898931.0,0.060000000000000005,952867.0
2.0,2564.0,1149000.0,27.0,13.954402556830892,887148.0,0.060000000000000005,940377.0
2.0,2001.0,875000.0,125.0,13.681979165339751,1293403.0,0.060000000000000005,1371007.0
2.0,1464.0,925000.0,114.0,13.737549016494562,1084074.0,0.05,1138277.0
2.0,1600.0,774000.0,114.0,13.559327152571864,1117554.0,0.05,1173431.0
2.0,2100.0,1645000.0,114.0,14.31325094218161,1249778.0,0.060000000000000005,1324764.0
2.0,1800.0,1116000.0,23.0,13.925261421923393,732612.0,0.06999999999999999,783895.0
2.0,1400.0,622250.0,125.0,13.34109722022984,1130731.0,0.05,1187267.0
2.0,1400.0,810000.0,125.0,13.604789526648622,1130731.0,0.05,1187267.0
2.0,1666.0,1310000.0,114.0,14.085537695177335,1134172.0,0.05,1190880.0
2.0,2145.0,1550000.0,109.0,14.253765488895429,1230438.0,0.060000000000000005,1304264.0
2.0,1936.0,1218691.0,114.0,14.01328788986597,1204769.0,0.05,1265007.0
2.0,1830.0,763688.0,114.0,13.545914607776727,1176544.0,0.05,1235371.0
2.0,1870.0,1130000.0,119.0,13.937728190688523,1217971.0,0.05,1278870.0
2.0,1800.0,900000.0,125.0,13.710150042306449,1236548.0,0.05,1298375.0
2.0,2100.0,1100000.0,104.0,13.9108207377686,1187257.0,0.060000000000000005,1258493.0
2.0,1840.0,1575000.0,125.0,14.269765830241871,1247659.0,0.05,1310042.0
2.0,1575.0,1210000.0,125.0,14.006130917572923,1175863.0,0.05,1234656.0
2.0,1575.0,690000.0,125.0,13.444446876573442,1175863.0,0.05,1234656.0
2.0,1650.0,1622000.0,125.0,14.299170513657495,1195753.0,0.05,1255541.0
2.0,1680.0,630000.0,114.0,13.353475098367715,1137729.0,0.05,1194615.0
2.0,2080.0,755000.0,109.0,13.534473028231162,1212680.0,0.060000000000000005,1285441.0
2.0,2260.0,715000.0,123.0,13.480037821676145,1356540.0,0.060000000000000005,1437932.0
2.0,2260.0,1200411.0,123.0,13.998174556118492,1356540.0,0.060000000000000005,1437932.0
2.0,2100.0,1150000.0,125.0,13.955272500339433,1322359.0,0.060000000000000005,1401701.0
2.0,2016.0,1065000.0,125.0,13.878485357125662,1297749.0,0.060000000000000005,1375614.0
2.0,2160.0,1100000.0,123.0,13.9108207377686,1326538.0,0.060000000000000005,1406130.0
2.0,2160.0,600000.0,123.0,13.304684934198283,1326538.0,0.060000000000000005,1406130.0
2.0,1408.0,665000.0,123.0,13.407542319637992,1121189.0,0.05,1177248.0
2.0,2120.0,870000.0,123.0,13.676248490630767,1314724.0,0.060000000000000005,1393607.0
2.0,1188.0,1300000.0,123.0,14.077874822431765,1067358.0,0.05,1120726.0
2.0,1396.0,995000.0,123.0,13.81049801614073,1118184.0,0.05,1174093.0
2.0,1872.0,550000.0,114.0,13.217673557208654,1187647.0,0.05,1247029.0
2.0,1782.0,805000.0,114.0,13.5985975564007,1163981.0,0.05,1222180.0
2.0,1782.0,1180000.0,114.0,13.981024996441848,1163981.0,0.05,1222180.0
2.0,1480.0,1200000.0,114.0,13.997832114758229,1087960.0,0.05,1142358.0
3.0,2400.0,751000.0,123.0,13.529160930746272,1255249.0,0.060000000000000005,1330564.0
3.0,2280.0,1196000.0,123.0,13.994493213492714,1222009.0,0.060000000000000005,1295329.0
3.0,2280.0,700000.0,123.0,13.458835614025542,1222009.0,0.060000000000000005,1295329.0
3.0,3500.0,1038615.0,125.0,13.853398652806838,1621919.0,0.060000000000000005,1719234.0
3.0,3855.0,1397185.0,4.0,14.149970056099956,943684.0,0.07999999999999999,1019178.0
3.0,3039.0,829025.0,18.0,13.628005590478164,844836.0,0.07999999999999999,912423.0
3.0,2700.0,1435000.0,123.0,14.176675407175859,1342358.0,0.060000000000000005,1422900.0
3.0,2637.0,500000.0,114.0,13.122363377404328,1263835.0,0.060000000000000005,1339665.0
3.0,2748.0,960000.0,123.0,13.77468856344402,1356846.0,0.060000000000000005,1438257.0
3.0,2400.0,715505.0,104.0,13.480743866074421,1138630.0,0.060000000000000005,1206948.0
3.0,2955.0,1360000.0,125.0,14.122995257712235,1435800.0,0.060000000000000005,1521948.0
3.0,2724.0,925000.0,104.0,13.737549016494562,1224201.0,0.060000000000000005,1297653.0
3.0,3576.0,1995000.0,114.0,14.506154608306101,1559173.0,0.060000000000000005,1652724.0
3.0,3000.0,1600000.0,224.0,14.28551418721001,2410544.0,0.060000000000000005,2555176.0
3.0,2911.0,980000.0,125.0,13.795307850646754,1421740.0,0.060000000000000005,1507045.0
3.0,3135.0,1700000.0,123.0,14.346138809026444,1479516.0,0.060000000000000005,1568287.0
3.0,3135.0,1825000.0,123.0,14.417090544998729,1479516.0,0.060000000000000005,1568287.0
3.0,3300.0,1250000.0,114.0,14.038654109278484,1465841.0,0.060000000000000005,1553791.0
3.0,3300.0,631750.0,125.0,13.35624902525044,1550970.0,0.060000000000000005,1644028.0
3.0,2430.0,1360000.0,123.0,14.122995257712235,1263699.0,0.060000000000000005,1339521.0
3.0,2700.0,1200000.0,125.0,13.997832114758229,1356207.0,0.060000000000000005,1437580.0
3.0,3135.0,1380000.0,125.0,14.137594057133388,1494780.0,0.060000000000000005,1584466.0
3.0,2565.0,940000.0,114.0,13.753635154246187,1243647.0,0.060000000000000005,1318265.0
3.0,2400.0,1550000.0,125.0,14.253765488895429,1268199.0,0.060000000000000005,1344291.0
3.0,2754.0,1603744.0,123.0,14.287851453673497,1358668.0,0.060000000000000005,1440188.0
3.0,2700.0,1999000.0,125.0,14.508157613482537,1356207.0,0.060000000000000005,1437580.0
3.0,2200.0,390000.0,22.0,12.873902018105829,714819.0,0.07999999999999999,772005.0
3.0,2410.0,1250000.0,19.0,14.038654109278484,737746.0,0.07999999999999999,796766.0
3.0,2700.0,700000.0,125.0,13.458835614025542,1356207.0,0.060000000000000005,1437580.0
3.0,2250.0,915000.0,125.0,13.726679344257658,1226360.0,0.060000000000000005,1299942.0
3.0,2250.0,950000.0,125.0,13.764217263576723,1226360.0,0.060000000000000005,1299942.0
3.0,3000.0,1165000.0,125.0,13.968231644981937,1450323.0,0.060000000000000005,1537342.0
3.0,2115.0,1452500.0,109.0,14.188796767708203,1096087.0,0.060000000000000005,1161852.0
3.0,3213.0,990000.0,114.0,13.805460222110773,1437595.0,0.060000000000000005,1523851.0
3.0,2520.0,2100000.0,125.0,14.557447902693651,1302695.0,0.060000000000000005,1380857.0
3.0,2520.0,999999.0,125.0,13.815509557963773,1302695.0,0.060000000000000005,1380857.0
3.0,2700.0,1850000.0,104.0,14.430696197054507,1217647.0,0.060000000000000005,1290706.0
3.0,3256.0,875658.0,114.0,13.682730882729425,1451487.0,0.060000000000000005,1538576.0
3.0,3315.0,1550000.0,6.0,14.253765488895429,844957.0,0.07999999999999999,912553.0
3.0,3300.0,1603300.0,6.0,14.287574563176928,842127.0,0.07999999999999999,909497.0
3.0,2700.0,800000.0,125.0,13.592367006650065,1356207.0,0.060000000000000005,1437580.0
3.0,3150.0,1625000.0,114.0,14.301018373745976,1417482.0,0.060000000000000005,1502530.0
3.0,3123.0,1100000.0,19.0,13.9108207377686,865286.0,0.07999999999999999,934509.0
3.0,2700.0,1390000.0,123.0,14.144814305106875,1342358.0,0.060000000000000005,1422900.0
3.0,2565.0,1100000.0,114.0,13.9108207377686,1243647.0,0.060000000000000005,1318265.0
3.0,2336.0,860000.0,99.0,13.664687668229691,1094013.0,0.060000000000000005,1159654.0
17.0,20255.0,552245.0,7.0,13.221747067370847,8169895.0,0.07999999999999999,8823487.0
17.0,20255.0,554455.0,7.0,13.225740928286413,8169895.0,0.07999999999999999,8823487.0
17.0,20255.0,554455.0,7.0,13.225740928286413,8169895.0,0.07999999999999999,8823487.0
17.0,20255.0,554455.0,7.0,13.225740928286413,8169895.0,0.07999999999999999,8823487.0
8.0,9936.0,554455.0,6.0,13.225740928286413,2154871.0,0.07999999999999999,2327260.0
8.0,9936.0,554455.0,6.0,13.225740928286413,2154871.0,0.07999999999999999,2327260.0
8.0,9936.0,554455.0,6.0,13.225740928286413,2154871.0,0.07999999999999999,2327260.0
8.0,5740.0,4200000.0,119.0,15.250595083253597,1505641.0,0.060000000000000005,1595979.0
4.0,4200.0,1300000.0,119.0,14.077874822431765,1649476.0,0.060000000000000005,1748444.0
4.0,3240.0,2143616.0,118.0,14.578004680654095,1323955.0,0.060000000000000005,1403393.0
6.0,6474.0,2530000.0,118.0,14.743729860703702,2194759.0,0.060000000000000005,2326444.0
6.0,4350.0,638410.0,118.0,13.366735989155455,1364850.0,0.060000000000000005,1446741.0
4.0,5400.0,1800000.0,117.0,14.403297222866392,2135223.0,0.060000000000000005,2263336.0
8.0,5915.0,1150000.0,125.0,13.955272500339433,1614699.0,0.060000000000000005,1711581.0
8.0,5500.0,3206458.0,6.0,14.980677459091382,799019.0,0.07999999999999999,862941.0
6.0,4232.0,1400000.0,114.0,14.151982794585487,1302292.0,0.060000000000000005,1380430.0
4.0,4125.0,1100000.0,114.0,13.9108207377686,1580947.0,0.060000000000000005,1675804.0
4.0,4125.0,1580000.0,114.0,14.27293540500315,1580947.0,0.060000000000000005,1675804.0
6.0,3750.0,900000.0,117.0,13.710150042306449,1187350.0,0.060000000000000005,1258591.0
6.0,3750.0,791152.0,113.0,13.581245390109554,1163225.0,0.060000000000000005,1233018.0
1.0,1782.0,1150000.0,94.0,13.955272500339433,1171307.0,0.05,1229873.0
1.0,1320.0,1800000.0,104.0,14.403297222866392,1111950.0,0.05,1167547.0
1.0,1710.0,1960000.0,94.0,14.4884550312067,1152597.0,0.05,1210227.0
1.0,1394.0,260000.0,94.0,12.468436909997665,1073952.0,0.05,1127649.0
1.0,1394.0,998000.0,94.0,13.813508555293602,1073952.0,0.05,1127649.0
1.0,3504.0,1300000.0,94.0,14.077874822431765,1721579.0,0.060000000000000005,1824873.0
1.0,1187.0,2200000.0,114.0,14.603967918328545,1136200.0,0.05,1193010.0
1.0,1400.0,1650000.0,114.0,14.316285845876763,1191635.0,0.05,1251217.0
1.0,1565.0,830000.0,123.0,13.62918097977278,1294878.0,0.05,1359622.0
1.0,1565.0,980000.0,123.0,13.795307850646754,1294878.0,0.05,1359622.0
1.0,1400.0,1224000.0,119.0,14.017634742054408,1222608.0,0.05,1283739.0
1.0,2104.0,2250000.0,94.0,14.626440774180603,1258770.0,0.060000000000000005,1334296.0
1.0,2165.0,2200000.0,94.0,14.603967918328545,1276060.0,0.060000000000000005,1352624.0
1.0,1718.0,860000.0,99.0,13.664687668229691,1184673.0,0.05,1243907.0
1.0,1730.0,1300000.0,99.0,14.077874822431765,1187857.0,0.05,1247250.0
1.0,1120.0,1200000.0,104.0,13.997832114758229,1063309.0,0.05,1116474.0
1.0,1890.0,1725000.0,114.0,14.360737608447597,1329648.0,0.05,1396130.0
1.0,1384.0,1300000.0,104.0,14.077874822431765,1127980.0,0.05,1184379.0
1.0,2115.0,2350000.0,104.0,14.669925886120343,1328320.0,0.060000000000000005,1408019.0
1.0,2160.0,3600000.0,99.0,15.096444403426338,1307764.0,0.060000000000000005,1386230.0
1.0,4774.0,5500000.0,27.0,15.520258650202699,1621630.0,0.060000000000000005,1718928.0
1.0,1632.0,2625000.0,109.0,14.780591454007862,1223301.0,0.05,1284466.0
1.0,1863.0,2850000.0,99.0,14.862829552244833,1223720.0,0.05,1284906.0
1.0,1666.0,1800000.0,104.0,14.403297222866392,1201411.0,0.05,1261482.0
1.0,1624.0,1575000.0,94.0,14.269765830241871,1130640.0,0.05,1187172.0
1.0,4182.0,3400000.0,89.0,15.03928598958639,1952704.0,0.060000000000000005,2069866.0
1.0,1504.0,1325000.0,104.0,14.09692301740246,1158662.0,0.05,1216595.0
1.0,3260.0,6350000.0,94.0,15.663965370868874,1630149.0,0.060000000000000005,1727958.0
1.0,4062.0,7000000.0,20.0,15.761420707019587,1334118.0,0.07999999999999999,1440848.0
1.0,4047.0,9500000.0,94.0,16.06680235657077,1943873.0,0.060000000000000005,2060505.0
1.0,2650.0,1400000.0,94.0,14.151982794585487,1422259.0,0.060000000000000005,1507595.0
1.0,3649.0,2415000.0,104.0,14.69720984506881,1871968.0,0.060000000000000005,1984286.0
1.0,856.0,1200000.0,99.0,13.997832114758229,976952.0,0.04,1016030.0
1.0,1414.0,1370000.0,104.0,14.130321297804308,1135574.0,0.05,1192352.0
1.0,2896.0,4900000.0,104.0,15.404745763080856,1581832.0,0.060000000000000005,1676742.0
1.0,3802.0,4650000.0,35.0,15.35237777756354,1359480.0,0.060000000000000005,1441048.0
1.0,3580.0,4800000.0,99.0,15.38412647587812,1796605.0,0.060000000000000005,1904401.0
1.0,2320.0,4998999.0,94.0,15.424748250355679,1321071.0,0.060000000000000005,1400335.0
1.0,1184.0,600000.0,104.0,13.304684934198283,1078638.0,0.05,1132570.0
1.0,1727.0,1245000.0,104.0,14.034646087880946,1217914.0,0.05,1278810.0
1.0,1376.0,1124999.0,99.0,13.933292704731373,1097439.0,0.05,1152311.0
1.0,1376.0,875000.0,99.0,13.681979165339751,1097439.0,0.05,1152311.0
1.0,1700.0,1369000.0,104.0,14.129591104270586,1210582.0,0.05,1271111.0
1.0,1772.0,1725000.0,104.0,14.360737608447597,1230233.0,0.05,1291745.0
1.0,1536.0,1160000.0,104.0,13.963930563082547,1166984.0,0.05,1225333.0
1.0,1621.0,1360000.0,104.0,14.122995257712235,1189381.0,0.05,1248850.0
1.0,1456.0,999900.0,104.0,13.815410552963941,1146290.0,0.05,1203605.0
1.0,1456.0,1250000.0,104.0,14.038654109278484,1146290.0,0.05,1203605.0
1.0,1248.0,1349000.0,94.0,14.114874135189893,1039451.0,0.05,1091423.0
1.0,2220.0,1850000.0,104.0,14.430696197054507,1359882.0,0.060000000000000005,1441475.0
1.0,1456.0,1451500.0,104.0,14.18810806244682,1146290.0,0.05,1203605.0
1.0,2994.0,2995000.0,104.0,14.912454789531687,1616885.0,0.060000000000000005,1713898.0
1.0,1537.0,2100000.0,94.0,14.557447902693651,1108854.0,0.05,1164296.0
1.0,2240.0,2680000.0,99.0,14.80132735248704,1331373.0,0.060000000000000005,1411256.0
1.0,3220.0,2600000.0,104.0,14.77102200299171,1700710.0,0.060000000000000005,1802752.0
1.0,1960.0,2999000.0,104.0,14.913789457731147,1283062.0,0.05,1347215.0
1.0,1400.0,1199000.0,94.0,13.996998434009651,1075394.0,0.05,1129164.0
1.0,1370.0,980000.0,94.0,13.795307850646754,1068203.0,0.05,1121613.0
1.0,1733.0,1775000.0,99.0,14.389310980891652,1188654.0,0.05,1248087.0
1.0,1280.0,2350000.0,104.0,14.669925886120343,1102047.0,0.05,1157149.0
1.0,1328.0,3200000.0,99.0,14.978661367769956,1085721.0,0.05,1140007.0
1.0,1468.0,3250000.0,104.0,14.994165554305921,1149371.0,0.05,1206839.0
1.0,1408.0,1224000.0,104.0,14.017634742054408,1134051.0,0.05,1190753.0
2.0,2700.0,995000.0,114.0,13.81049801614073,1429257.0,0.060000000000000005,1515012.0
2.0,3412.0,1450000.0,94.0,14.187074114396758,1512482.0,0.060000000000000005,1603231.0
2.0,2360.0,1650000.0,99.0,14.316285845876763,1226463.0,0.060000000000000005,1300051.0
2.0,2360.0,1395000.0,99.0,14.148404973237604,1226463.0,0.060000000000000005,1300051.0
2.0,2360.0,1550000.0,99.0,14.253765488895429,1226463.0,0.060000000000000005,1300051.0
2.0,1230.0,490000.0,99.0,13.102160670086809,952574.0,0.05,1000203.0
2.0,2096.0,1450000.0,99.0,14.187074114396758,1156145.0,0.060000000000000005,1225514.0
2.0,1770.0,958669.0,99.0,13.773301143088025,1074851.0,0.05,1128594.0
2.0,2430.0,1050000.0,99.0,13.864300722133706,1245815.0,0.060000000000000005,1320564.0
2.0,2700.0,1100000.0,104.0,13.9108207377686,1357758.0,0.060000000000000005,1439223.0
2.0,2310.0,2050000.0,114.0,14.53335035111459,1309875.0,0.060000000000000005,1388468.0
2.0,1500.0,1250000.0,109.0,14.038654109278484,1065152.0,0.05,1118409.0
2.0,2544.0,1700000.0,99.0,14.346138809026444,1277986.0,0.060000000000000005,1354666.0
2.0,2058.0,1900000.0,119.0,14.457364444136669,1270274.0,0.060000000000000005,1346490.0
2.0,2147.0,1550500.0,89.0,14.25408801752264,1110908.0,0.060000000000000005,1177563.0
2.0,2101.0,1800000.0,89.0,14.403297222866392,1099538.0,0.060000000000000005,1165510.0
2.0,3500.0,1850000.0,99.0,14.430696197054507,1582638.0,0.060000000000000005,1677596.0
2.0,3276.0,375000.0,114.0,12.834681304952548,1625760.0,0.060000000000000005,1723306.0
2.0,3500.0,1671931.0,104.0,14.329489803832656,1623774.0,0.060000000000000005,1721200.0
2.0,3500.0,1629200.0,104.0,14.303599654756395,1623774.0,0.060000000000000005,1721200.0
2.0,2480.0,1250000.0,99.0,14.038654109278484,1259824.0,0.060000000000000005,1335414.0
2.0,3456.0,1825000.0,94.0,14.417090544998729,1527439.0,0.060000000000000005,1619085.0
2.0,3072.0,1500000.0,94.0,14.22097566607244,1401736.0,0.060000000000000005,1485841.0
2.0,3250.0,2100000.0,99.0,14.557447902693651,1496578.0,0.060000000000000005,1586372.0
2.0,2560.0,2650000.0,99.0,14.790070197962406,1282568.0,0.060000000000000005,1359522.0
2.0,2368.0,1740000.0,99.0,14.369395671190711,1228659.0,0.060000000000000005,1302379.0
2.0,4116.0,2150000.0,99.0,14.580978400103845,1816406.0,0.060000000000000005,1925390.0
2.0,3090.0,1200000.0,125.0,13.997832114758229,1650088.0,0.060000000000000005,1749094.0
2.0,3220.0,3650000.0,94.0,15.110237725558674,1448910.0,0.060000000000000005,1535845.0
2.0,2424.0,1650000.0,104.0,14.316285845876763,1276482.0,0.060000000000000005,1353071.0
2.0,2048.0,1950000.0,94.0,14.48333993053993,1114824.0,0.060000000000000005,1181713.0
2.0,1928.0,1525000.0,104.0,14.237504968023648,1142454.0,0.05,1199577.0
2.0,2080.0,1700000.0,104.0,14.346138809026444,1181959.0,0.060000000000000005,1252876.0
2.0,2770.0,2700000.0,94.0,14.808762330974558,1310187.0,0.060000000000000005,1388799.0
2.0,2852.0,3050000.0,99.0,14.930652148583594,1369121.0,0.060000000000000005,1451269.0
2.0,2496.0,486740.0,94.0,13.095485378596083,1232310.0,0.060000000000000005,1306249.0
2.0,3064.0,3800000.0,94.0,15.150511624696614,1399231.0,0.060000000000000005,1483185.0
2.0,2640.0,2474000.0,94.0,14.72134683193457,1272643.0,0.060000000000000005,1349002.0
1.0,4280.0,4100000.0,94.0,15.226497531674536,2047854.0,0.060000000000000005,2170725.0
2.0,2544.0,1650000.0,94.0,14.316285845876763,1245611.0,0.060000000000000005,1320347.0
2.0,2544.0,1720000.0,94.0,14.357834848789636,1245611.0,0.060000000000000005,1320347.0
2.0,1775.0,1989000.0,104.0,14.503142557836108,1104023.0,0.05,1159224.0
2.0,2640.0,2600000.0,99.0,14.77102200299171,1305722.0,0.060000000000000005,1384065.0
2.0,2218.0,2200000.0,114.0,14.603967918328545,1283199.0,0.060000000000000005,1360191.0
2.0,3032.0,3999999.0,109.0,15.201804669084133,1500421.0,0.060000000000000005,1590446.0
2.0,2800.0,720000.0,89.0,13.487006490992238,1285593.0,0.060000000000000005,1362728.0
2.0,2720.0,3200000.0,99.0,14.978661367769956,1329294.0,0.060000000000000005,1409051.0
2.0,1400.0,1650000.0,99.0,14.316285845876763,989488.0,0.05,1038963.0
2.0,1260.0,1160000.0,99.0,13.963930563082547,958987.0,0.05,1006936.0
2.0,2280.0,1650000.0,104.0,14.316285845876763,1236027.0,0.060000000000000005,1310189.0
2.0,1184.0,911730.0,104.0,13.723099172592658,967330.0,0.05,1015697.0
2.0,1140.0,1348500.0,99.0,14.114503421561922,933592.0,0.05,980272.0
2.0,2400.0,5250000.0,104.0,15.473738634567807,1269649.0,0.060000000000000005,1345828.0
2.0,2720.0,3500000.0,104.0,15.068273526459642,1363845.0,0.060000000000000005,1445675.0
2.0,2600.0,2150000.0,99.0,14.580978400103845,1294093.0,0.060000000000000005,1371738.0
3.0,3423.0,2200000.0,99.0,14.603967918328545,1395089.0,0.060000000000000005,1478794.0
3.0,1892.0,1725000.0,99.0,14.360737608447597,990598.0,0.05,1040128.0
3.0,2800.0,1805000.0,114.0,14.406071149749119,1310757.0,0.060000000000000005,1389403.0
3.0,3867.0,2250000.0,34.0,14.626440774180603,1103712.0,0.060000000000000005,1169934.0
3.0,2232.0,1850000.0,114.0,14.430696197054507,1154391.0,0.060000000000000005,1223655.0
3.0,2558.0,1725000.0,89.0,14.360737608447597,1092188.0,0.060000000000000005,1157719.0
3.0,2843.0,1635000.0,114.0,14.30715336231349,1323423.0,0.060000000000000005,1402829.0
3.0,3760.0,1595000.0,54.0,14.282384294201082,1194094.0,0.060000000000000005,1265740.0
3.0,2160.0,895000.0,104.0,13.704578997256993,1079125.0,0.060000000000000005,1143873.0
3.0,3151.0,2175000.0,17.0,14.592539222504922,861831.0,0.07999999999999999,930777.0
3.0,3151.0,2175000.0,17.0,14.592539222504922,861831.0,0.07999999999999999,930777.0
3.0,2617.0,411600.0,114.0,12.927807282942032,1258194.0,0.060000000000000005,1333686.0
3.0,2229.0,2800000.0,104.0,14.845129975145433,1095907.0,0.060000000000000005,1161662.0
3.0,2040.0,3475000.0,94.0,15.06110503698103,997995.0,0.060000000000000005,1057875.0
3.0,6900.0,4215000.0,31.0,15.254160149418093,2141714.0,0.060000000000000005,2270217.0
3.0,4687.0,2600000.0,59.0,14.77102200299171,1507375.0,0.060000000000000005,1597817.0
3.0,2730.0,1125000.0,64.0,13.933293593620657,998352.0,0.060000000000000005,1058253.0
3.0,2640.0,3900000.0,84.0,15.176487111099874,1084221.0,0.060000000000000005,1149275.0
3.0,3560.0,1850000.0,64.0,14.430696197054507,1201990.0,0.060000000000000005,1274109.0
3.0,3190.0,1775000.0,94.0,14.389310980891652,1290704.0,0.060000000000000005,1368147.0
3.0,1944.0,1605000.0,99.0,14.288634314546254,1002185.0,0.05,1052295.0
6.0,4929.0,805000.0,94.0,13.5985975564007,1373509.0,0.060000000000000005,1455920.0
6.0,4929.0,1150000.0,94.0,13.955272500339433,1373509.0,0.060000000000000005,1455920.0
6.0,4929.0,1150000.0,94.0,13.955272500339433,1373509.0,0.060000000000000005,1455920.0
4.0,3520.0,1420000.0,94.0,14.166167429577444,1246174.0,0.060000000000000005,1320944.0
4.0,3520.0,1575000.0,94.0,14.269765830241871,1246174.0,0.060000000000000005,1320944.0
4.0,3440.0,1350000.0,100.0,14.115615150414612,1262353.0,0.060000000000000005,1338095.0
4.0,3140.0,1200000.0,98.0,13.997832114758229,1168382.0,0.060000000000000005,1238484.0
1.0,5250.0,6860000.0,25.0,15.741217999702068,1785367.0,0.060000000000000005,1892489.0
1.0,5250.0,6290000.0,28.0,15.654471628676623,1813067.0,0.060000000000000005,1921851.0
1.0,3000.0,7300000.0,29.0,15.80338490611862,1101799.0,0.060000000000000005,1167907.0
1.0,1536.0,2680000.0,104.0,14.80132735248704,1166984.0,0.05,1225333.0
1.0,2016.0,3450000.0,104.0,15.053884789007542,1299233.0,0.060000000000000005,1377186.0
1.0,1172.0,5145000.0,109.0,15.453535927250288,1103708.0,0.05,1158893.0
1.0,2052.0,3800000.0,99.0,15.150511624696614,1276555.0,0.060000000000000005,1353148.0
1.0,1364.0,1352000.0,99.0,14.117095535585046,1094498.0,0.05,1149223.0
1.0,1808.0,1350000.0,104.0,14.115615150414612,1240178.0,0.05,1302187.0
1.0,1668.0,1200000.0,119.0,13.997832114758229,1298129.0,0.05,1363035.0
1.0,5213.0,7000000.0,6.0,15.761420707019587,1606152.0,0.07999999999999999,1734645.0
1.0,5860.0,9186750.0,15.0,16.03327278651804,1943964.0,0.07999999999999999,2099482.0
1.0,4580.0,1476463.0,99.0,14.205159920590358,2246889.0,0.060000000000000005,2381702.0
1.0,2880.0,4250000.0,104.0,15.2624295409006,1576182.0,0.060000000000000005,1670753.0
1.0,1024.0,915000.0,94.0,13.726679344257658,988660.0,0.04,1028207.0
1.0,2792.0,3500000.0,84.0,15.068273526459642,1394708.0,0.060000000000000005,1478390.0
1.0,6430.0,6005000.0,25.0,15.60810301349622,2324554.0,0.060000000000000005,2464028.0
1.0,960.0,3500000.0,99.0,15.068273526459642,999942.0,0.04,1039940.0
1.0,1512.0,2000000.0,99.0,14.508657738524219,1131332.0,0.05,1187898.0
1.0,1320.0,1718000.0,94.0,14.356671381526338,1056324.0,0.05,1109140.0
1.0,2178.0,1300000.0,64.0,14.077874822431765,1097161.0,0.060000000000000005,1162990.0
1.0,1674.0,1950000.0,94.0,14.48333993053993,1143354.0,0.05,1200522.0
1.0,1408.0,900000.0,94.0,13.710150042306449,1077320.0,0.05,1131186.0
1.0,2235.0,1050000.0,64.0,13.864300722133706,1111237.0,0.060000000000000005,1177911.0
1.0,1597.0,905000.0,64.0,13.715690222682063,963470.0,0.05,1011644.0
1.0,1082.0,415000.0,69.0,12.936033799212835,880969.0,0.04,916208.0
1.0,3880.0,2990000.0,104.0,14.91078394536687,1971221.0,0.060000000000000005,2089494.0
2.0,2480.0,1800000.0,99.0,14.403297222866392,1259824.0,0.060000000000000005,1335414.0
2.0,2416.0,4800000.0,104.0,15.38412647587812,1274200.0,0.060000000000000005,1350652.0
2.0,2600.0,2900000.0,99.0,14.880221294956703,1294093.0,0.060000000000000005,1371738.0
2.0,1320.0,1200000.0,54.0,13.997832114758229,771516.0,0.05,810092.0
2.0,1800.0,9350000.0,94.0,16.05088690126487,1054674.0,0.05,1107408.0
2.0,3086.0,5600000.0,99.0,15.538277155705378,1442680.0,0.060000000000000005,1529241.0
2.0,2736.0,4750000.0,99.0,15.373655176010823,1334059.0,0.060000000000000005,1414102.0
2.0,3502.0,6050000.0,99.0,15.615568830007025,1583346.0,0.060000000000000005,1678347.0
2.0,2730.0,1400000.0,109.0,14.151982794585487,1402427.0,0.060000000000000005,1486572.0
2.0,3144.0,1800000.0,74.0,14.403297222866392,1285535.0,0.060000000000000005,1362667.0
2.0,2286.0,2000000.0,94.0,14.508657738524219,1175772.0,0.060000000000000005,1246318.0
2.0,2296.0,4250000.0,99.0,15.2624295409006,1209033.0,0.060000000000000005,1281575.0
2.0,1288.0,2150000.0,104.0,14.580978400103845,990093.0,0.05,1039598.0
2.0,2176.0,1650000.0,94.0,14.316285845876763,1147199.0,0.060000000000000005,1216031.0
2.0,2184.0,1700000.0,69.0,14.346138809026444,1010872.0,0.060000000000000005,1071524.0
2.0,1368.0,900000.0,74.0,13.710150042306449,864137.0,0.05,907344.0
2.0,2724.0,4400000.0,89.0,15.29711509888849,1263926.0,0.060000000000000005,1339761.0
2.0,2880.0,2600000.0,89.0,14.77102200299171,1308801.0,0.060000000000000005,1387329.0
2.0,2000.0,1999999.0,99.0,14.508657238524094,1131587.0,0.05,1188167.0
2.0,2289.0,1188000.0,69.0,13.987781778904727,1034891.0,0.060000000000000005,1096985.0
2.0,2205.0,998000.0,69.0,13.813508555293602,1015631.0,0.060000000000000005,1076568.0
2.0,768.0,776000.0,89.0,13.561907799165356,816089.0,0.04,848732.0
2.0,3120.0,1650000.0,89.0,14.316285845876763,1380971.0,0.060000000000000005,1463829.0
2.0,3024.0,1100000.0,64.0,13.9108207377686,1188887.0,0.060000000000000005,1260220.0
2.0,1800.0,1100000.0,104.0,13.9108207377686,1110213.0,0.05,1165723.0
2.0,1350.0,1230000.0,104.0,14.0225247273486,1003918.0,0.05,1054114.0
2.0,2340.0,999000.0,79.0,13.81451005763069,1101885.0,0.060000000000000005,1167998.0
2.0,3630.0,3300000.0,84.0,15.009433026436708,1508608.0,0.060000000000000005,1599125.0
2.0,1710.0,388000.0,94.0,12.86876061860541,1033658.0,0.05,1085341.0
2.0,1710.0,1300000.0,94.0,14.077874822431765,1033658.0,0.05,1085341.0
2.0,1536.0,1500000.0,104.0,14.22097566607244,1046560.0,0.05,1098888.0
2.0,1704.0,950000.0,79.0,13.764217263576723,955789.0,0.05,1003579.0
2.0,2880.0,1270000.0,94.0,14.054527458434775,1342819.0,0.060000000000000005,1423389.0
2.0,1551.0,1163000.0,69.0,13.966513431500802,877432.0,0.05,921304.0
2.0,2185.0,1150000.0,64.0,13.955272500339433,985483.0,0.060000000000000005,1044612.0
2.0,2078.0,1185000.0,64.0,13.985253332551368,962180.0,0.060000000000000005,1019911.0
2.0,3048.0,1280000.0,94.0,14.0623706358958,1394233.0,0.060000000000000005,1477887.0
2.0,2496.0,1250000.0,94.0,14.038654109278484,1232310.0,0.060000000000000005,1306249.0
2.0,2980.0,1040000.0,84.0,13.854731271117556,1304496.0,0.060000000000000005,1382765.0
2.0,1863.0,988000.0,94.0,13.803437976730004,1069640.0,0.05,1123122.0
2.0,1370.0,883000.0,74.0,13.691080479586097,864524.0,0.05,907750.0
2.0,1701.0,538730.0,79.0,13.196969796741183,955148.0,0.05,1002905.0
2.0,1728.0,860000.0,79.0,13.664687668229691,960933.0,0.05,1008980.0
2.0,1863.0,700000.0,79.0,13.458835614025542,990389.0,0.05,1039908.0
2.0,1736.0,821000.0,79.0,13.618278388434565,962654.0,0.05,1010787.0
2.0,2769.0,1500000.0,94.0,14.22097566607244,1309894.0,0.060000000000000005,1388488.0
2.0,2812.0,1220000.0,59.0,14.01436141670944,1105109.0,0.060000000000000005,1171416.0
2.0,2400.0,2300000.0,64.0,14.648419680899378,1034027.0,0.060000000000000005,1096069.0
2.0,1643.0,930000.0,89.0,13.742939865129438,992488.0,0.05,1042112.0
2.0,1643.0,950000.0,89.0,13.764217263576723,992488.0,0.05,1042112.0
2.0,1809.0,980000.0,94.0,13.795307850646754,1056799.0,0.05,1109639.0
2.0,1640.0,750000.0,94.0,13.527828485512494,1017601.0,0.05,1068481.0
3.0,2265.0,1244000.0,84.0,14.033842552281262,996999.0,0.060000000000000005,1056819.0
3.0,3906.0,5500000.0,94.0,15.520258650202699,1514855.0,0.060000000000000005,1605746.0
3.0,1788.0,700000.0,123.0,13.458835614025542,1094679.0,0.05,1149413.0
3.0,2720.0,2200000.0,94.0,14.603967918328545,1161920.0,0.060000000000000005,1231635.0
3.0,3660.0,537995.0,94.0,13.195604545420437,1433763.0,0.060000000000000005,1519789.0
3.0,2400.0,1200000.0,89.0,13.997832114758229,1054268.0,0.060000000000000005,1117524.0
3.0,4950.0,1340000.0,84.0,14.108180171927094,1817548.0,0.060000000000000005,1926601.0
3.0,2812.0,1300000.0,59.0,14.077874822431765,991070.0,0.060000000000000005,1050534.0
3.0,3465.0,1650000.0,64.0,14.316285845876763,1176721.0,0.060000000000000005,1247324.0
3.0,2500.0,1490000.0,59.0,14.214286677921642,924273.0,0.060000000000000005,979729.0
3.0,3000.0,1275000.0,64.0,14.058456736574664,1060495.0,0.060000000000000005,1124125.0
3.0,3519.0,1442000.0,16.0,14.181541596827032,930972.0,0.07999999999999999,1005450.0
4.0,3120.0,1850000.0,99.0,14.430696197054507,1169152.0,0.060000000000000005,1239301.0
4.0,3150.0,2650000.0,94.0,14.790070197962406,1147204.0,0.060000000000000005,1216037.0
1.0,868.0,395000.0,104.0,12.886641043883259,1005039.0,0.04,1045240.0
1.0,868.0,690000.0,104.0,13.444446876573442,1005039.0,0.04,1045240.0
1.0,868.0,500000.0,104.0,13.122363377404328,1005039.0,0.04,1045240.0
1.0,1152.0,630000.0,99.0,13.353475098367715,1043815.0,0.05,1096006.0
1.0,988.0,455000.0,99.0,13.028052697933088,1006223.0,0.04,1046472.0
1.0,988.0,310000.0,99.0,12.644327576461329,1006223.0,0.04,1046472.0
1.0,976.0,530000.0,94.0,13.180632285528304,978104.0,0.04,1017228.0
1.0,852.0,540000.0,99.0,13.199324418540456,976079.0,0.04,1015122.0
1.0,952.0,575000.0,99.0,13.262125319779487,998154.0,0.04,1038081.0
1.0,952.0,649000.0,99.0,13.383187995686226,998154.0,0.04,1038081.0
1.0,974.0,610000.0,99.0,13.321214236149494,1003078.0,0.04,1043201.0
1.0,1008.0,355000.0,99.0,12.779873068457553,1010734.0,0.04,1051164.0
1.0,1008.0,675000.0,99.0,13.422467969854667,1010734.0,0.04,1051164.0
1.0,910.0,680000.0,104.0,13.42984807715229,1014524.0,0.04,1055105.0
1.0,952.0,725000.0,104.0,13.493926933836812,1024098.0,0.04,1065062.0
1.0,952.0,640000.0,104.0,13.369223455335854,1024098.0,0.04,1065062.0
1.0,1536.0,725000.0,94.0,13.493926933836812,1108606.0,0.05,1164036.0
1.0,1304.0,750000.0,74.0,13.527828485512494,949877.0,0.05,997371.0
1.0,1250.0,725000.0,99.0,13.493926933836812,1066945.0,0.05,1120293.0
1.0,983.0,585000.0,104.0,13.279367126213993,1031223.0,0.04,1072472.0
1.0,983.0,406600.0,104.0,12.915585180176384,1031223.0,0.04,1072472.0
1.0,1729.0,631000.0,69.0,13.35506114152335,1018130.0,0.05,1069036.0
1.0,1260.0,810000.0,104.0,13.604789526648622,1097128.0,0.05,1151985.0
1.0,1060.0,760000.0,104.0,13.541073712262515,1049136.0,0.04,1091101.0
1.0,969.0,625000.0,104.0,13.345506928718539,1027999.0,0.04,1069119.0
1.0,1034.0,380000.0,104.0,12.84792653170257,1043053.0,0.04,1084775.0
1.0,1046.0,275808.0,104.0,12.527460250447126,1045856.0,0.04,1087690.0
1.0,1302.0,433433.0,104.0,12.97949250731771,1107482.0,0.05,1162856.0
1.0,1274.0,760000.0,104.0,13.541073712262515,1100569.0,0.05,1155597.0
1.0,1166.0,520000.0,104.0,13.16158409055761,1074304.0,0.05,1128019.0
1.0,868.0,691000.0,104.0,13.445895102749807,1005039.0,0.04,1045240.0
1.0,1512.0,780000.0,104.0,13.567049198665774,1160737.0,0.05,1218774.0
1.0,952.0,743000.0,104.0,13.518451323699896,1024098.0,0.04,1065062.0
1.0,952.0,593600.0,104.0,13.293960970835307,1024098.0,0.04,1065062.0
1.0,1232.0,748000.0,104.0,13.525158256956614,1090279.0,0.05,1144793.0
1.0,980.0,450000.0,104.0,13.017002861746503,1030532.0,0.04,1071753.0
1.0,1248.0,320000.0,104.0,12.676076274775909,1094188.0,0.05,1148897.0
1.0,1041.0,525000.0,104.0,13.17115354157376,1044687.0,0.04,1086474.0
1.0,1230.0,575000.0,99.0,13.262125319779487,1062184.0,0.05,1115293.0
1.0,862.0,625000.0,104.0,13.345506928718539,1003691.0,0.04,1043839.0
1.0,1601.0,745000.0,69.0,13.521139497361697,989397.0,0.05,1038867.0
1.0,1601.0,665000.0,69.0,13.407542319637992,989397.0,0.05,1038867.0
1.0,1601.0,800000.0,69.0,13.592367006650065,989397.0,0.05,1038867.0
1.0,1316.0,735000.0,104.0,13.507625778194974,1110955.0,0.05,1166503.0
1.0,1208.0,208000.0,99.0,12.245293358683455,1056970.0,0.05,1109819.0
1.0,764.0,530000.0,69.0,13.180632285528304,820491.0,0.04,853311.0
1.0,749.0,650000.0,69.0,13.38472764187182,817743.0,0.04,850453.0
1.0,1296.0,770000.0,69.0,13.554145793829866,924158.0,0.05,970366.0
1.0,1296.0,690000.0,64.0,13.444446876573442,900746.0,0.05,945783.0
1.0,1188.0,685000.0,104.0,13.437174117244362,1079603.0,0.05,1133583.0
1.0,1326.0,760000.0,104.0,13.541073712262515,1113443.0,0.05,1169115.0
1.0,1132.0,765000.0,104.0,13.547631112808673,1066166.0,0.05,1119474.0
1.0,1156.0,640000.0,104.0,13.369223455335854,1071904.0,0.05,1125499.0
1.0,1248.0,650000.0,104.0,13.38472764187182,1094188.0,0.05,1148897.0
1.0,1296.0,679000.0,104.0,13.428376406540833,1105997.0,0.05,1161297.0
1.0,1008.0,670000.0,104.0,13.415032991367148,1037005.0,0.04,1078485.0
1.0,1280.0,758540.0,99.0,13.53915081204274,1074128.0,0.05,1127834.0
1.0,1472.0,825000.0,99.0,13.623138665316818,1121256.0,0.05,1177319.0
1.0,1072.0,635000.0,94.0,13.36138027787483,999331.0,0.04,1039304.0
1.0,1072.0,600000.0,94.0,13.304684934198283,999331.0,0.04,1039304.0
1.0,1045.0,450000.0,99.0,13.017002861746503,1019133.0,0.04,1059898.0
1.0,1280.0,395000.0,99.0,12.886641043883259,1074128.0,0.05,1127834.0
1.0,1280.0,860000.0,99.0,13.664687668229691,1074128.0,0.05,1127834.0
1.0,1309.0,785000.0,94.0,13.573438996764546,1053729.0,0.05,1106415.0
1.0,1309.0,705000.0,94.0,13.465953081794405,1053729.0,0.05,1106415.0
1.0,1309.0,810000.0,94.0,13.604789526648622,1053729.0,0.05,1106415.0
1.0,1325.0,575000.0,94.0,13.262125319779487,1057506.0,0.05,1110381.0
1.0,1325.0,685000.0,104.0,13.437174117244362,1113194.0,0.05,1168853.0
1.0,1244.0,830000.0,94.0,13.62918097977278,1038521.0,0.05,1090447.0
1.0,1244.0,680000.0,94.0,13.42984807715229,1038521.0,0.05,1090447.0
1.0,1260.0,700000.0,94.0,13.458835614025542,1042244.0,0.05,1094356.0
1.0,1594.0,770000.0,69.0,13.554145793829866,987850.0,0.05,1037242.0
1.0,1184.0,225000.0,99.0,12.323855681186558,1051312.0,0.05,1103878.0
1.0,1818.0,788000.0,69.0,13.577253368840017,1038599.0,0.05,1090528.0
1.0,1035.0,675000.0,99.0,13.422467969854667,1016856.0,0.04,1057530.0
1.0,1248.0,655000.0,104.0,13.39239051461739,1094188.0,0.05,1148897.0
2.0,1252.0,505000.0,104.0,13.132313708257497,982154.0,0.05,1031262.0
2.0,1180.0,688888.0,123.0,13.442833982355687,1065451.0,0.05,1118723.0
2.0,3588.0,938100.0,74.0,13.751611832114042,1419741.0,0.060000000000000005,1504925.0
2.0,1250.0,745000.0,104.0,13.521139497361697,981715.0,0.05,1030800.0
2.0,2178.0,910000.0,69.0,13.721199878493033,1009516.0,0.060000000000000005,1070087.0
2.0,2445.0,1225000.0,104.0,14.018451401960965,1282491.0,0.060000000000000005,1359441.0
2.0,1305.0,885000.0,104.0,13.693342923990066,993865.0,0.05,1043558.0
2.0,1305.0,650188.0,104.0,13.385016830821895,993865.0,0.05,1043558.0
2.0,2000.0,985000.0,94.0,13.800396920154226,1102920.0,0.05,1158066.0
2.0,1248.0,512000.0,99.0,13.146079904021645,956417.0,0.05,1004237.0
2.0,1274.0,700000.0,104.0,13.458835614025542,986998.0,0.05,1036348.0
2.0,2674.0,1180000.0,64.0,13.981024996441848,1099374.0,0.060000000000000005,1165336.0
2.0,2674.0,985000.0,64.0,13.800396920154226,1099374.0,0.060000000000000005,1165336.0
2.0,1280.0,525417.0,94.0,13.171947512010085,938883.0,0.05,985827.0
2.0,1802.0,728000.0,69.0,13.498056327178823,928096.0,0.05,974501.0
2.0,3200.0,1155000.0,17.0,13.959610901938031,971588.0,0.07999999999999999,1049315.0
2.0,1404.0,570000.0,69.0,13.253391639810733,849054.0,0.05,891507.0
2.0,1560.0,890000.0,64.0,13.698976741708323,856927.0,0.05,899773.0
2.0,1510.0,795000.0,64.0,13.58609739363647,847398.0,0.05,889767.0
2.0,1510.0,680000.0,64.0,13.42984807715229,847398.0,0.05,889767.0
2.0,1710.0,795000.0,64.0,13.58609739363647,886162.0,0.05,930470.0
2.0,2125.0,800000.0,69.0,13.592367006650065,997621.0,0.060000000000000005,1057478.0
2.0,3000.0,960000.0,64.0,13.77468856344402,1182522.0,0.060000000000000005,1253474.0
2.0,1720.0,570570.0,69.0,13.254391140143817,911231.0,0.05,956792.0
2.0,1659.0,685000.0,64.0,13.437174117244362,876112.0,0.05,919917.0
2.0,1659.0,750000.0,64.0,13.527828485512494,876112.0,0.05,919917.0
2.0,1638.0,820000.0,69.0,13.617059619240436,894672.0,0.05,939405.0
2.0,1627.0,775000.0,64.0,13.560618308335483,869864.0,0.05,913357.0
2.0,1610.0,639000.0,84.0,13.367659733359671,960231.0,0.05,1008243.0
2.0,1640.0,610000.0,99.0,13.321214236149494,1044051.0,0.05,1096253.0
2.0,1640.0,870000.0,99.0,13.676248490630767,1044051.0,0.05,1096253.0
2.0,1944.0,880000.0,74.0,13.687677186454389,982945.0,0.05,1032092.0
2.0,1472.0,880000.0,89.0,13.687677186454389,955248.0,0.05,1003010.0
2.0,1414.0,910000.0,64.0,13.721199878493033,829398.0,0.05,870868.0
2.0,2250.0,625000.0,64.0,13.345506928718539,999914.0,0.060000000000000005,1059909.0
2.0,2536.0,850000.0,59.0,13.652991628466498,1038957.0,0.060000000000000005,1101294.0
2.0,2536.0,702593.0,59.0,13.462533055769642,1038957.0,0.060000000000000005,1101294.0
3.0,2207.0,1275000.0,104.0,14.058456736574664,1090528.0,0.060000000000000005,1155960.0
3.0,1980.0,750000.0,125.0,13.527828485512494,1154498.0,0.05,1212223.0
3.0,2688.0,1158000.0,54.0,13.962204937115077,939542.0,0.060000000000000005,995915.0
1.0,1470.0,1620000.0,123.0,14.297936707208567,1267656.0,0.05,1331039.0
1.0,2300.0,3415000.0,125.0,15.043688050987027,1541971.0,0.060000000000000005,1634489.0
1.0,3007.0,4200000.0,9.0,15.250595083253597,995879.0,0.07999999999999999,1075549.0
1.0,3868.0,5900000.0,114.0,15.590462908875947,2069463.0,0.060000000000000005,2193631.0
1.0,3413.0,5900000.0,123.0,15.590462908875947,1957596.0,0.060000000000000005,2075052.0
1.0,1800.0,3062500.0,125.0,14.934742133835119,1378833.0,0.05,1447775.0
1.0,3290.0,7000000.0,125.0,15.761420707019587,1924127.0,0.060000000000000005,2039575.0
1.0,3012.0,5300000.0,99.0,15.483217378522351,1582280.0,0.060000000000000005,1677217.0
1.0,4296.0,5321000.0,125.0,15.487171813578506,2409603.0,0.060000000000000005,2554179.0
1.0,3240.0,3720000.0,119.0,15.129234226249329,1845035.0,0.060000000000000005,1955737.0
1.0,4733.0,12500000.0,123.0,16.34123920227253,2629864.0,0.060000000000000005,2787656.0
1.0,2432.0,4995000.0,123.0,15.423947970064791,1571953.0,0.060000000000000005,1666270.0
1.0,5777.0,7800000.0,114.0,15.86963429165982,3171588.0,0.060000000000000005,3361884.0
1.0,4000.0,6500000.0,104.0,15.687312734865866,2024840.0,0.060000000000000005,2146331.0
1.0,4624.0,4550000.0,114.0,15.330637790927133,2450683.0,0.060000000000000005,2597724.0
1.0,2730.0,1025000.0,123.0,13.840203170554645,1680289.0,0.060000000000000005,1781106.0
1.0,2712.0,3900000.0,125.0,15.176487111099874,1690804.0,0.060000000000000005,1792252.0
1.0,2955.0,5495000.0,125.0,15.51934914581986,1785236.0,0.060000000000000005,1892350.0
1.0,2430.0,4450000.0,114.0,15.308414654142423,1500328.0,0.060000000000000005,1590348.0
1.0,1920.0,2995000.0,125.0,14.912454789531687,1416339.0,0.05,1487156.0
2.0,2400.0,2725000.0,114.0,14.817978986079481,1336508.0,0.060000000000000005,1416698.0
2.0,3400.0,3885000.0,125.0,15.172633541783885,1768549.0,0.060000000000000005,1874662.0
2.0,2556.0,323010.0,125.0,12.685438561477872,1464335.0,0.060000000000000005,1552195.0
2.0,2556.0,2356000.0,125.0,14.672475823753615,1464335.0,0.060000000000000005,1552195.0
2.0,3600.0,3725000.0,125.0,15.130577409795796,1849452.0,0.060000000000000005,1960419.0
2.0,3200.0,4175000.0,123.0,15.244624916267092,1673916.0,0.060000000000000005,1774351.0
2.0,1920.0,2707500.0,123.0,14.811536257857282,1257213.0,0.05,1320073.0
2.0,2880.0,4400000.0,123.0,15.29711509888849,1558305.0,0.060000000000000005,1651804.0
2.0,2080.0,2225000.0,123.0,14.615267473582477,1303015.0,0.060000000000000005,1381196.0
2.0,3600.0,5900000.0,123.0,15.590462908875947,1830566.0,0.060000000000000005,1940400.0
2.0,2880.0,3300000.0,123.0,15.009433026436708,1558305.0,0.060000000000000005,1651804.0
2.0,3195.0,2950000.0,123.0,14.897315728316002,1672046.0,0.060000000000000005,1772368.0
2.0,3000.0,4805000.0,123.0,15.38516760038653,1600693.0,0.060000000000000005,1696734.0
2.0,2980.0,6300000.0,123.0,15.65606019136176,1593549.0,0.060000000000000005,1689162.0
2.0,2250.0,2650000.0,123.0,14.790070197962406,1353509.0,0.060000000000000005,1434720.0
2.0,2250.0,930295.0,123.0,13.743257019131866,1353509.0,0.060000000000000005,1434720.0
2.0,1404.0,2155000.0,125.0,14.583301281519985,1131743.0,0.05,1188330.0
2.0,2280.0,2200000.0,125.0,14.603967918328545,1376679.0,0.060000000000000005,1459280.0
2.0,2508.0,3500000.0,125.0,15.068273526459642,1448699.0,0.060000000000000005,1535621.0
2.0,2520.0,2625000.0,125.0,14.780591454007862,1452592.0,0.060000000000000005,1539748.0
2.0,3824.0,773261.0,125.0,13.558371916117002,1944464.0,0.060000000000000005,2061132.0
2.0,4032.0,4600000.0,125.0,15.341566861459324,2037055.0,0.060000000000000005,2159278.0
2.0,4200.0,4950000.0,125.0,15.414898134544874,2115049.0,0.060000000000000005,2241951.0
2.0,4460.0,5410000.0,119.0,15.503759650822664,2173708.0,0.060000000000000005,2304130.0
2.0,4288.0,6500000.0,119.0,15.687312734865866,2091679.0,0.060000000000000005,2217179.0
2.0,5106.0,4250000.0,125.0,15.2624295409006,2590116.0,0.060000000000000005,2745523.0
2.0,2640.0,6925000.0,123.0,15.750648610037675,1476868.0,0.060000000000000005,1565480.0
2.0,4432.0,5695000.0,123.0,15.55509915486342,2204939.0,0.060000000000000005,2337236.0
2.0,4016.0,4100000.0,125.0,15.226497531674536,2029778.0,0.060000000000000005,2151565.0
2.0,4552.0,5800000.0,123.0,15.573368475516649,2264916.0,0.060000000000000005,2400811.0
2.0,3624.0,5900000.0,123.0,15.590462908875947,1840418.0,0.060000000000000005,1950843.0
2.0,2955.0,4275000.0,125.0,15.268294660352998,1601013.0,0.060000000000000005,1697073.0
2.0,2964.0,4000000.0,123.0,15.201804919084164,1587857.0,0.060000000000000005,1683128.0
2.0,2322.0,2350000.0,123.0,14.669925886120343,1375481.0,0.060000000000000005,1458010.0
2.0,1160.0,2500000.0,114.0,14.73180128983843,1012818.0,0.05,1063459.0
2.0,2960.0,3850000.0,123.0,15.163583706263967,1586437.0,0.060000000000000005,1681623.0
3.0,2920.0,2885000.0,123.0,14.875035457924337,1410058.0,0.060000000000000005,1494661.0
3.0,3780.0,4445000.0,125.0,15.307290426930143,1726734.0,0.060000000000000005,1830338.0
3.0,2331.0,2617250.0,123.0,14.777634706181601,1236027.0,0.060000000000000005,1310188.0
3.0,3192.0,2600000.0,125.0,14.77102200299171,1513957.0,0.060000000000000005,1604794.0
3.0,5544.0,3950000.0,123.0,15.189226136877304,2535732.0,0.060000000000000005,2687875.0
3.0,2295.0,2700000.0,125.0,14.808762330974558,1238765.0,0.060000000000000005,1313091.0
3.0,5600.0,3400000.0,125.0,15.03928598958639,2594180.0,0.060000000000000005,2749831.0
3.0,2080.0,2950000.0,114.0,14.897315728316002,1115808.0,0.060000000000000005,1182756.0
3.0,1410.0,1850000.0,114.0,14.430696197054507,960535.0,0.05,1008561.0
3.0,2700.0,2125000.0,114.0,14.569282360340654,1281768.0,0.060000000000000005,1358674.0
3.0,3600.0,3600000.0,104.0,15.096444403426338,1489147.0,0.060000000000000005,1578496.0
3.0,2772.0,1925000.0,114.0,14.470436525704022,1302575.0,0.060000000000000005,1380729.0
3.0,2430.0,1900000.0,125.0,14.457364444136669,1276736.0,0.060000000000000005,1353341.0
3.0,2511.0,2900000.0,125.0,14.880221294956703,1300076.0,0.060000000000000005,1378080.0
3.0,4529.0,5300000.0,119.0,15.483217378522351,1979713.0,0.060000000000000005,2098496.0
3.0,3000.0,3782000.0,123.0,15.14576352820054,1435513.0,0.060000000000000005,1521644.0
3.0,2952.0,3500000.0,123.0,15.068273526459642,1420185.0,0.060000000000000005,1505396.0
3.0,3705.0,3515000.0,123.0,15.072550083226902,1680673.0,0.060000000000000005,1781513.0
7.0,3760.0,370000.0,104.0,12.821258284620408,998332.0,0.060000000000000005,1058232.0
8.0,5720.0,2300000.0,104.0,14.648419680899378,1387864.0,0.060000000000000005,1471136.0
25.0,18020.0,16750000.0,104.0,16.63390881623535,3411296.0,0.060000000000000005,3615974.0
4.0,5460.0,4075000.0,104.0,15.2203813046571,2024401.0,0.060000000000000005,2145865.0
4.0,3060.0,2900000.0,104.0,14.880221294956703,1183551.0,0.060000000000000005,1254564.0
6.0,7000.0,8906282.0,124.0,16.0022674284092,2545947.0,0.060000000000000005,2698704.0
6.0,7000.0,8906282.0,124.0,16.0022674284092,2545947.0,0.060000000000000005,2698704.0
4.0,4132.0,1380000.0,94.0,14.137594057133388,1428965.0,0.060000000000000005,1514702.0
4.0,5176.0,5975991.0,104.0,15.60326049976956,1899818.0,0.060000000000000005,2013807.0
4.0,5340.0,4000000.0,104.0,15.201804919084164,1970794.0,0.060000000000000005,2089041.0
8.0,5208.0,7016075.0,104.0,15.763714502828787,1237704.0,0.060000000000000005,1311967.0
4.0,4125.0,3750000.0,104.0,15.137266397946593,1501860.0,0.060000000000000005,1591972.0
4.0,3095.0,750000.0,104.0,13.527828485512494,1192852.0,0.060000000000000005,1264423.0
4.0,5504.0,4250000.0,99.0,15.2624295409006,1992628.0,0.060000000000000005,2112186.0
4.0,4296.0,4950000.0,104.0,15.414898134544874,1560409.0,0.060000000000000005,1654034.0
9.0,6666.0,3300000.0,139.0,15.009433026436708,1840508.0,0.060000000000000005,1950939.0
1.0,1092.0,995000.0,109.0,13.81049801614073,1084136.0,0.04,1127501.0
1.0,1406.0,1399000.0,109.0,14.151268253647618,1163007.0,0.05,1221157.0
1.0,1696.0,2250000.0,109.0,14.626440774180603,1240937.0,0.05,1302983.0
1.0,1596.0,637500.0,123.0,13.365309556014719,1303886.0,0.05,1369081.0
1.0,1404.0,2695000.0,125.0,14.806908762325234,1261969.0,0.05,1325067.0
1.0,1440.0,2665000.0,125.0,14.795714615582082,1272170.0,0.05,1335779.0
2.0,1596.0,1350000.0,114.0,14.115615150414612,1116554.0,0.05,1172382.0
2.0,1600.0,2850000.0,114.0,14.862829552244833,1117554.0,0.05,1173431.0
2.0,868.0,725000.0,109.0,13.493926933836812,924753.0,0.04,961744.0
2.0,3576.0,2900000.0,123.0,14.880221294956703,1820767.0,0.060000000000000005,1930013.0
2.0,2104.0,1800000.0,125.0,14.403297222866392,1323543.0,0.060000000000000005,1402955.0
2.0,1968.0,2750000.0,125.0,14.827111469642754,1283892.0,0.05,1348087.0
2.0,2000.0,1999999.0,125.0,14.508657238524094,1293113.0,0.05,1357769.0
2.0,1680.0,1750000.0,104.0,14.375126345899696,1080813.0,0.05,1134854.0
2.0,2052.0,3085000.0,125.0,14.942062215321625,1308240.0,0.060000000000000005,1386734.0
2.0,1523.0,1725000.0,123.0,14.360737608447597,1150399.0,0.05,1207919.0
2.0,1440.0,2999000.0,123.0,14.913789457731147,1129241.0,0.05,1185704.0
2.0,2409.0,3300000.0,123.0,15.009433026436708,1402506.0,0.060000000000000005,1486657.0
2.0,1996.0,2680000.0,123.0,14.80132735248704,1278764.0,0.05,1342703.0
2.0,2050.0,2050000.0,138.0,14.53335035111459,1397872.0,0.060000000000000005,1481744.0
2.0,1546.0,2050000.0,125.0,14.53335035111459,1168261.0,0.05,1226675.0
2.0,2314.0,2750000.0,125.0,14.827111469642754,1387187.0,0.060000000000000005,1470419.0
2.0,2102.0,1300000.0,125.0,14.077874822431765,1322951.0,0.060000000000000005,1402328.0
2.0,1252.0,2150000.0,123.0,14.580978400103845,1082746.0,0.05,1136883.0
2.0,1695.0,2250000.0,123.0,14.626440774180603,1195514.0,0.05,1255290.0
2.0,2160.0,2410000.0,123.0,14.695137305466838,1326538.0,0.060000000000000005,1406130.0
2.0,1728.0,2100000.0,123.0,14.557447902693651,1204370.0,0.05,1264589.0
2.0,1728.0,1875000.0,123.0,14.444119217386648,1204370.0,0.05,1264589.0
2.0,2142.0,1800000.0,123.0,14.403297222866392,1321208.0,0.060000000000000005,1400481.0
3.0,2736.0,2625000.0,123.0,14.780591454007862,1353210.0,0.060000000000000005,1434402.0
3.0,2673.0,3350000.0,125.0,15.02447090380125,1348043.0,0.060000000000000005,1428925.0
3.0,2142.0,3090000.0,125.0,14.943681648873929,1197094.0,0.060000000000000005,1268919.0
3.0,2400.0,2230000.0,125.0,14.6175121434363,1268199.0,0.060000000000000005,1344291.0
3.0,2736.0,2850000.0,125.0,14.862829552244833,1367171.0,0.060000000000000005,1449201.0
3.0,3001.0,1755000.0,125.0,14.377979414882104,1450648.0,0.060000000000000005,1537686.0
3.0,2988.0,2375000.0,123.0,14.68050799545088,1431666.0,0.060000000000000005,1517566.0
6.0,3750.0,2000000.0,93.0,14.508657738524219,1049755.0,0.060000000000000005,1112740.0
6.0,3600.0,1495000.0,104.0,14.217636764806924,1074076.0,0.060000000000000005,1138521.0
8.0,6000.0,6154343.0,93.0,15.632668569417522,1396453.0,0.060000000000000005,1480240.0
4.0,4968.0,2400000.0,93.0,14.690979295318174,1713928.0,0.060000000000000005,1816763.0
4.0,2385.0,1600000.0,93.0,14.28551418721001,961852.0,0.060000000000000005,1019563.0
7.0,7212.0,3200000.0,117.0,14.978661367769956,2309609.0,0.060000000000000005,2448185.0
7.0,6040.0,3400000.0,104.0,15.03928598958639,1662375.0,0.060000000000000005,1762117.0
4.0,3900.0,2500000.0,104.0,14.73180128983843,1428155.0,0.060000000000000005,1513845.0
1.0,1956.0,2985000.0,94.0,14.90911030480884,1217787.0,0.05,1278676.0
1.0,3328.0,4850000.0,93.0,15.394489262913666,1646658.0,0.060000000000000005,1745457.0
2.0,2140.0,525000.0,40.0,13.17115354157376,862556.0,0.060000000000000005,914310.0
2.0,3297.0,4999999.0,123.0,15.424948270398355,1710627.0,0.060000000000000005,1813265.0
2.0,2160.0,2750000.0,114.0,14.827111469642754,1266661.0,0.060000000000000005,1342661.0
2.0,2040.0,1999000.0,114.0,14.508157613482537,1233119.0,0.060000000000000005,1307106.0
2.0,3600.0,7400000.0,114.0,15.816990558174398,1747939.0,0.060000000000000005,1852815.0
2.0,3512.0,5400000.0,125.0,15.501909511534503,1813408.0,0.060000000000000005,1922213.0
2.0,3464.0,3200000.0,125.0,14.978661367769956,1794045.0,0.060000000000000005,1901688.0
3.0,3000.0,2675000.0,93.0,14.799459938312244,1230675.0,0.060000000000000005,1304516.0
3.0,3084.0,3447500.0,114.0,15.053159888649594,1396712.0,0.060000000000000005,1480515.0
3.0,3708.0,930000.0,125.0,13.742939865129438,1699151.0,0.060000000000000005,1801100.0
3.0,4552.0,4030000.0,125.0,15.209276933922865,2052149.0,0.060000000000000005,2175278.0
3.0,3536.0,2995000.0,125.0,14.912454789531687,1635031.0,0.060000000000000005,1733132.0
6.0,5826.0,3150000.0,93.0,14.962913010801817,1670042.0,0.060000000000000005,1770245.0
4.0,4000.0,2600000.0,93.0,14.77102200299171,1380294.0,0.060000000000000005,1463112.0
4.0,4640.0,7000000.0,93.0,15.761420707019587,1592701.0,0.060000000000000005,1688263.0
4.0,2600.0,1397164.0,93.0,14.14995502576552,1009232.0,0.060000000000000005,1069786.0
8.0,8200.0,3250000.0,113.0,14.994165554305921,2530963.0,0.060000000000000005,2682821.0
10.0,11743.0,3570000.0,109.0,15.088076153755821,4404504.0,0.060000000000000005,4668774.0
10.0,11743.0,2550000.0,109.0,14.75160391713461,4404504.0,0.060000000000000005,4668774.0
10.0,11743.0,3545000.0,109.0,15.081048717948365,4404504.0,0.060000000000000005,4668774.0
18.0,17314.0,5985000.0,109.0,15.60476689697421,6406133.0,0.060000000000000005,6790501.0
1.0,1500.0,1360000.0,125.0,14.122995257712235,1289356.0,0.05,1353824.0
1.0,3253.0,3547106.0,2.0,15.08164261771859,1015077.0,0.07999999999999999,1096283.0
1.0,2382.0,2532500.0,114.0,14.744717515104975,1484308.0,0.060000000000000005,1573366.0
1.0,1875.0,958211.0,114.0,13.772823283223333,1325194.0,0.05,1391454.0
1.0,600.0,999999.0,123.0,13.815509557963773,1043516.0,0.04,1085257.0
2.0,2100.0,1800000.0,123.0,14.403297222866392,1308856.0,0.060000000000000005,1387388.0
2.0,1012.0,2180000.0,123.0,14.594835434765272,1026161.0,0.04,1067208.0
2.0,1200.0,1590000.0,99.0,14.279244574196415,946204.0,0.05,993514.0
2.0,2934.0,1250000.0,125.0,14.038654109278484,1593511.0,0.060000000000000005,1689122.0
2.0,2000.0,2185000.0,125.0,14.597126386511828,1293113.0,0.05,1357769.0
2.0,3000.0,1290000.0,125.0,14.070152776337855,1617207.0,0.060000000000000005,1714239.0
2.0,1800.0,1960000.0,99.0,14.4884550312067,1082087.0,0.05,1136192.0
3.0,2268.0,950000.0,109.0,13.764217263576723,1134242.0,0.060000000000000005,1202297.0
3.0,2023.0,1000000.0,125.0,13.815510557964274,1165654.0,0.060000000000000005,1235594.0
3.0,2250.0,3000000.0,123.0,14.914122846632385,1213837.0,0.060000000000000005,1286667.0
3.0,2394.0,1399000.0,114.0,14.151268253647618,1196983.0,0.060000000000000005,1268802.0
4.0,4160.0,2100000.0,103.0,14.557447902693651,1505914.0,0.060000000000000005,1596269.0
1.0,3626.0,1200000.0,39.0,13.997832114758229,1334115.0,0.060000000000000005,1414162.0
1.0,1520.0,436020.0,39.0,12.985443392838736,832990.0,0.05,874639.0
1.0,1520.0,550000.0,39.0,13.217673557208654,832990.0,0.05,874639.0
1.0,1760.0,850000.0,64.0,13.652991628466498,999241.0,0.05,1049203.0
1.0,1364.0,630000.0,99.0,13.353475098367715,1094498.0,0.05,1149223.0
1.0,1730.0,640000.0,99.0,13.369223455335854,1187857.0,0.05,1247250.0
1.0,2400.0,999999.0,123.0,13.815509557963773,1560743.0,0.060000000000000005,1654388.0
1.0,2280.0,820000.0,64.0,13.617059619240436,1122477.0,0.060000000000000005,1189825.0
1.0,2688.0,1300000.0,74.0,14.077874822431765,1294476.0,0.060000000000000005,1372144.0
1.0,1368.0,340000.0,59.0,12.736700896592344,892179.0,0.05,936787.0
1.0,1496.0,999950.0,59.0,13.815460556714232,918088.0,0.05,963992.0
2.0,2808.0,900000.0,64.0,13.710150042306449,1132819.0,0.060000000000000005,1200788.0
2.0,1750.0,1100000.0,74.0,13.9108207377686,941209.0,0.05,988269.0
2.0,1728.0,650000.0,64.0,13.38472764187182,889736.0,0.05,934223.0
2.0,2100.0,360000.0,104.0,12.793859310432293,1187257.0,0.060000000000000005,1258493.0
2.0,1760.0,300000.0,84.0,12.611537753638338,992991.0,0.05,1042640.0
2.0,3288.0,618793.0,74.0,13.33552608539987,1327610.0,0.060000000000000005,1407266.0
2.0,3288.0,652943.0,74.0,13.389245115015239,1327610.0,0.060000000000000005,1407266.0
2.0,2280.0,650000.0,79.0,13.38472764187182,1087197.0,0.060000000000000005,1152429.0
2.0,2200.0,730000.0,84.0,13.500799813124575,1095676.0,0.060000000000000005,1161416.0
2.0,2504.0,850000.0,69.0,13.652991628466498,1085869.0,0.060000000000000005,1151021.0
3.0,2100.0,1100000.0,89.0,13.9108207377686,985853.0,0.060000000000000005,1045004.0
3.0,2678.0,1160000.0,99.0,13.963930563082547,1180975.0,0.060000000000000005,1251833.0
3.0,3036.0,565000.0,104.0,13.244581010128577,1312674.0,0.060000000000000005,1391434.0
4.0,4744.0,640000.0,114.0,13.369223455335854,1815684.0,0.060000000000000005,1924625.0
1.0,1204.0,1350000.0,99.0,14.115615150414612,1056025.0,0.05,1108826.0
1.0,1595.0,910000.0,64.0,13.721199878493033,963039.0,0.05,1011191.0
1.0,1320.0,620000.0,99.0,13.337474757021274,1083780.0,0.05,1137969.0
1.0,1320.0,990000.0,99.0,13.805460222110773,1083780.0,0.05,1137969.0
1.0,1408.0,996800.0,99.0,13.812305427015326,1105321.0,0.05,1160587.0
1.0,1827.0,890000.0,69.0,13.698976741708323,1040691.0,0.05,1092726.0
1.0,1116.0,770000.0,74.0,13.554145793829866,910767.0,0.05,956305.0
1.0,1116.0,856000.0,74.0,13.66002565512388,910767.0,0.05,956305.0
1.0,1116.0,800000.0,74.0,13.592367006650065,910767.0,0.05,956305.0
1.0,928.0,693000.0,74.0,13.448785278172041,873267.0,0.04,908197.0
1.0,1584.0,825000.0,84.0,13.623138665316818,1064514.0,0.05,1117740.0
1.0,1888.0,825000.0,74.0,13.623138665316818,1082407.0,0.05,1136528.0
1.0,1080.0,750000.0,104.0,13.527828485512494,1053839.0,0.04,1095992.0
1.0,1648.0,650000.0,64.0,13.38472764187182,974522.0,0.05,1023249.0
1.0,1960.0,1038000.0,89.0,13.852806342707972,1187998.0,0.05,1247398.0
1.0,1440.0,913000.0,94.0,13.724491159577106,1085057.0,0.05,1139310.0
1.0,1592.0,620000.0,84.0,13.337474757021274,1066420.0,0.05,1119741.0
1.0,1888.0,980000.0,84.0,13.795307850646754,1139406.0,0.05,1196377.0
1.0,1592.0,937500.0,84.0,13.750972036826703,1066420.0,0.05,1119741.0
1.0,1890.0,838000.0,79.0,13.63877337946422,1111038.0,0.05,1166590.0
1.0,1344.0,950000.0,104.0,13.764217263576723,1117934.0,0.05,1173831.0
1.0,1408.0,1060000.0,94.0,13.87377946608825,1077320.0,0.05,1131186.0
1.0,1632.0,999000.0,99.0,13.81451005763069,1162105.0,0.05,1220210.0
1.0,960.0,800000.0,104.0,13.592367006650065,1025932.0,0.04,1066970.0
1.0,3299.0,2120000.0,9.0,14.566926646648195,1063086.0,0.07999999999999999,1148133.0
1.0,720.0,750000.0,94.0,13.527828485512494,923676.0,0.04,960623.0
1.0,1685.0,1335000.0,94.0,14.104441849816487,1146171.0,0.05,1203479.0
1.0,1452.0,600000.0,94.0,13.304684934198283,1087973.0,0.05,1142372.0
1.0,1348.0,1312000.0,104.0,14.08706324848617,1118935.0,0.05,1174881.0
1.0,1088.0,838000.0,74.0,13.63877337946422,905081.0,0.04,941284.0
1.0,1526.0,885000.0,94.0,13.693342923990066,1106129.0,0.05,1161435.0
1.0,1925.0,1150000.0,94.0,13.955272500339433,1209373.0,0.05,1269842.0
1.0,2088.0,939998.0,79.0,13.753633026584348,1161343.0,0.060000000000000005,1231023.0
1.0,2160.0,875000.0,69.0,13.681979165339751,1121155.0,0.060000000000000005,1188425.0
1.0,738.0,610000.0,119.0,13.321214236149494,1054358.0,0.04,1096532.0
1.0,3249.0,2100000.0,119.0,14.557447902693651,1848752.0,0.060000000000000005,1959678.0
1.0,1280.0,700000.0,94.0,13.458835614025542,1046917.0,0.05,1099262.0
1.0,1140.0,640000.0,104.0,13.369223455335854,1068075.0,0.05,1121479.0
1.0,1460.0,1700000.0,114.0,14.346138809026444,1207733.0,0.05,1268120.0
1.0,1460.0,1100000.0,114.0,13.9108207377686,1207733.0,0.05,1268120.0
1.0,1216.0,860000.0,94.0,13.664687668229691,1032038.0,0.05,1083640.0
1.0,1152.0,500000.0,94.0,13.122363377404328,1017371.0,0.05,1068240.0
1.0,1400.0,816250.0,104.0,13.612475959572778,1132024.0,0.05,1188625.0
1.0,1032.0,680000.0,123.0,13.42984807715229,1149368.0,0.04,1195342.0
1.0,1260.0,485000.0,84.0,13.091904169919621,990106.0,0.05,1039611.0
1.0,788.0,526000.0,104.0,13.173056491719846,987217.0,0.04,1026705.0
1.0,788.0,350000.0,104.0,12.765688433465597,987217.0,0.04,1026705.0
1.0,540.0,330000.0,104.0,12.706847933442663,933952.0,0.04,971310.0
1.0,712.0,465000.0,104.0,13.049792684569493,970579.0,0.04,1009402.0
1.0,608.0,399999.0,6.0,12.899217326086994,573466.0,0.06,607874.0
1.0,1312.0,820000.0,104.0,13.617059619240436,1109962.0,0.05,1165460.0
2.0,1729.0,998000.0,79.0,13.813508555293602,961148.0,0.05,1009206.0
2.0,1729.0,980000.0,79.0,13.795307850646754,961148.0,0.05,1009206.0
2.0,2332.0,1670000.0,94.0,14.328334184392938,1187930.0,0.060000000000000005,1259206.0
2.0,2280.0,1200000.0,94.0,13.997832114758229,1174195.0,0.060000000000000005,1244647.0
2.0,2113.0,990000.0,84.0,13.805460222110773,1074563.0,0.060000000000000005,1139037.0
2.0,1400.0,387500.0,74.0,12.86747112777554,870344.0,0.05,913861.0
2.0,2304.0,1049000.0,64.0,13.863347887378435,1012063.0,0.060000000000000005,1072787.0
2.0,2720.0,1570000.0,94.0,14.266586177324491,1295618.0,0.060000000000000005,1373355.0
2.0,3674.0,907000.0,94.0,13.717897729097274,1603755.0,0.060000000000000005,1699980.0
2.0,2310.0,1230000.0,94.0,14.0225247273486,1182100.0,0.060000000000000005,1253026.0
2.0,2128.0,1050000.0,104.0,13.864300722133706,1194716.0,0.060000000000000005,1266399.0
2.0,2520.0,910000.0,89.0,13.721199878493033,1207556.0,0.060000000000000005,1280009.0
2.0,4554.0,2880000.0,8.0,14.873300852112129,1255844.0,0.07999999999999999,1356311.0
2.0,2425.0,1250000.0,94.0,14.038654109278484,1212897.0,0.060000000000000005,1285671.0
2.0,2023.0,715000.0,74.0,13.480037821676145,1000466.0,0.060000000000000005,1060494.0
2.0,2070.0,940000.0,84.0,13.753635154246187,1064278.0,0.060000000000000005,1128135.0
2.0,2180.0,600000.0,89.0,13.304684934198283,1119137.0,0.060000000000000005,1186286.0
2.0,1575.0,800000.0,74.0,13.592367006650065,905083.0,0.05,950337.0
2.0,1575.0,960000.0,74.0,13.77468856344402,905083.0,0.05,950337.0
2.0,1512.0,579000.0,84.0,13.269057756555132,939415.0,0.05,986385.0
2.0,1848.0,608000.0,74.0,13.317930160948304,962066.0,0.05,1010169.0
2.0,1848.0,860000.0,74.0,13.664687668229691,962066.0,0.05,1010169.0
2.0,1980.0,980000.0,84.0,13.795307850646754,1043070.0,0.05,1095224.0
2.0,2200.0,999000.0,84.0,13.81451005763069,1095676.0,0.060000000000000005,1161416.0
2.0,1939.0,980000.0,64.0,13.795307850646754,932729.0,0.05,979366.0
2.0,1827.0,980000.0,84.0,13.795307850646754,1007982.0,0.05,1058381.0
2.0,1827.0,1150000.0,84.0,13.955272500339433,1007982.0,0.05,1058381.0
2.0,2786.0,1500000.0,89.0,14.22097566607244,1281574.0,0.060000000000000005,1358468.0
2.0,1840.0,1200000.0,94.0,13.997832114758229,1064152.0,0.05,1117359.0
2.0,1432.0,354900.0,94.0,12.779591338634587,971348.0,0.05,1019915.0
2.0,1975.0,990000.0,84.0,13.805460222110773,1041905.0,0.05,1094000.0
2.0,1890.0,962000.0,84.0,13.776769729647844,1022285.0,0.05,1073399.0
2.0,1855.0,990000.0,74.0,13.805460222110773,963573.0,0.05,1011752.0
2.0,1960.0,1100000.0,75.0,13.9108207377686,991544.0,0.05,1041121.0
2.0,1792.0,808000.0,89.0,13.602317337503232,1026118.0,0.05,1077424.0
2.0,1592.0,833600.0,89.0,13.63350894998124,981232.0,0.05,1030293.0
2.0,1844.0,932000.0,84.0,13.745088093667729,1011822.0,0.05,1062413.0
2.0,1540.0,750000.0,69.0,13.527828485512494,875276.0,0.05,919040.0
2.0,1540.0,880000.0,69.0,13.687677186454389,875276.0,0.05,919040.0
2.0,1540.0,782250.0,69.0,13.569929661531129,875276.0,0.05,919040.0
2.0,1540.0,700000.0,69.0,13.458835614025542,875276.0,0.05,919040.0
2.0,2520.0,990000.0,94.0,13.805460222110773,1238943.0,0.060000000000000005,1313279.0
2.0,1600.0,769250.0,94.0,13.553171293184288,1008539.0,0.05,1058966.0
2.0,2021.0,995000.0,94.0,13.81049801614073,1108112.0,0.060000000000000005,1174599.0
2.0,2160.0,1355000.0,94.0,14.119312012295937,1143101.0,0.060000000000000005,1211687.0
2.0,2160.0,950000.0,94.0,13.764217263576723,1143101.0,0.060000000000000005,1211687.0
2.0,3640.0,1310000.0,94.0,14.085537695177335,1591606.0,0.060000000000000005,1687103.0
2.0,2256.0,1100000.0,69.0,13.9108207377686,1027281.0,0.060000000000000005,1088918.0
2.0,2072.0,1130000.0,79.0,13.937728190688523,1037781.0,0.060000000000000005,1100047.0
2.0,1961.0,965000.0,84.0,13.779883380321124,1038648.0,0.05,1090580.0
2.0,1500.0,1415000.0,94.0,14.162640089059476,986233.0,0.05,1035545.0
2.0,3003.0,1250000.0,84.0,14.038654109278484,1311223.0,0.060000000000000005,1389896.0
2.0,2244.0,1139500.0,69.0,13.946100127667876,1024528.0,0.060000000000000005,1086000.0
2.0,2244.0,1185000.0,69.0,13.985253332551368,1024528.0,0.060000000000000005,1086000.0
2.0,2265.0,890000.0,69.0,13.698976741708323,1029351.0,0.060000000000000005,1091112.0
2.0,2265.0,1040000.0,69.0,13.854731271117556,1029351.0,0.060000000000000005,1091112.0
2.0,2265.0,1128900.0,69.0,13.936754265249638,1029351.0,0.060000000000000005,1091112.0
2.0,2000.0,1200000.0,89.0,13.997832114758229,1074979.0,0.05,1128728.0
2.0,2000.0,1250000.0,89.0,14.038654109278484,1074979.0,0.05,1128728.0
2.0,2256.0,1350000.0,94.0,14.115615150414612,1167909.0,0.060000000000000005,1237984.0
2.0,2160.0,1288000.0,99.0,14.068601185646436,1172813.0,0.060000000000000005,1243182.0
2.0,1942.0,1220000.0,74.0,14.01436141670944,982505.0,0.05,1031630.0
2.0,1578.0,1150000.0,84.0,13.955272500339433,953384.0,0.05,1001053.0
2.0,1862.0,900000.0,94.0,13.710150042306449,1069400.0,0.05,1122870.0
2.0,2016.0,987500.0,64.0,13.802931775757415,948931.0,0.060000000000000005,1005866.0
2.0,4224.0,1409000.0,93.0,14.158390790880818,1804389.0,0.060000000000000005,1912652.0
2.0,3909.0,2175000.0,104.0,14.592539222504922,1779308.0,0.060000000000000005,1886067.0
2.0,1914.0,950000.0,74.0,13.764217263576723,976372.0,0.05,1025190.0
2.0,3841.0,1560000.0,74.0,14.26019637922572,1502390.0,0.060000000000000005,1592534.0
2.0,2484.0,1090000.0,74.0,13.901688254205327,1109120.0,0.060000000000000005,1175668.0
2.0,2225.0,1175000.0,74.0,13.976778705560397,1046700.0,0.060000000000000005,1109502.0
2.0,2225.0,1150000.0,74.0,13.955272500339433,1046700.0,0.060000000000000005,1109502.0
2.0,2251.0,900000.0,64.0,13.710150042306449,1000138.0,0.060000000000000005,1060146.0
2.0,2251.0,641498.0,64.0,13.37156134534006,1000138.0,0.060000000000000005,1060146.0
2.0,2251.0,1547880.0,64.0,14.252396810747182,1000138.0,0.060000000000000005,1060146.0
2.0,2251.0,1200000.0,64.0,13.997832114758229,1000138.0,0.060000000000000005,1060146.0
2.0,1400.0,825000.0,64.0,13.623138665316818,826805.0,0.05,868145.0
2.0,1863.0,221250.0,64.0,12.307048562870175,917009.0,0.05,962860.0
2.0,1400.0,800000.0,64.0,13.592367006650065,826805.0,0.05,868145.0
2.0,1400.0,800000.0,64.0,13.592367006650065,826805.0,0.05,868145.0
2.0,2116.0,935000.0,74.0,13.748301808270824,1021493.0,0.060000000000000005,1082782.0
2.0,1176.0,885000.0,99.0,13.693342923990066,941139.0,0.05,988196.0
2.0,2110.0,1210000.0,84.0,14.006130917572923,1073842.0,0.060000000000000005,1138273.0
2.0,1980.0,1530000.0,94.0,14.240778293368619,1097998.0,0.05,1152898.0
2.0,2220.0,999999.0,64.0,13.815509557963773,993228.0,0.060000000000000005,1052821.0
2.0,1728.0,970000.0,84.0,13.785051350479566,985910.0,0.05,1035205.0
2.0,2160.0,1030000.0,69.0,13.845069360205818,1005460.0,0.060000000000000005,1065788.0
2.0,2052.0,975000.0,69.0,13.790192749979985,981466.0,0.060000000000000005,1040353.0
2.0,1312.0,760000.0,104.0,13.541073712262515,995422.0,0.05,1045193.0
2.0,2320.0,1170000.0,7.0,13.972514306773938,758090.0,0.07999999999999999,818737.0
2.0,1146.0,1265000.0,89.0,14.050582680143757,888080.0,0.05,932484.0
2.0,1152.0,770000.0,104.0,13.554145793829866,960432.0,0.05,1008454.0
3.0,4480.0,1880000.0,26.0,14.446782334806132,1214970.0,0.060000000000000005,1287868.0
3.0,2799.0,328825.0,114.0,12.70328097333698,1310464.0,0.060000000000000005,1389092.0
3.0,2912.0,1735000.0,104.0,14.366517971363097,1276770.0,0.060000000000000005,1353377.0
3.0,2667.0,1240000.0,94.0,14.03062193758122,1148229.0,0.060000000000000005,1217122.0
3.0,2425.0,1200000.0,94.0,13.997832114758229,1087735.0,0.060000000000000005,1152999.0
3.0,3003.0,1220000.0,84.0,14.01436141670944,1175915.0,0.060000000000000005,1246469.0
3.0,3720.0,1330000.0,104.0,14.100689500197937,1529653.0,0.060000000000000005,1621433.0
3.0,2560.0,1155000.0,114.0,13.959610901938031,1242257.0,0.060000000000000005,1316792.0
3.0,3000.0,1250000.0,69.0,14.038654109278484,1088059.0,0.060000000000000005,1153343.0
3.0,2200.0,1050000.0,54.0,13.864300722133706,842398.0,0.060000000000000005,892942.0
3.0,3850.0,1300000.0,54.0,14.077874822431765,1218373.0,0.060000000000000005,1291475.0
3.0,3496.0,950000.0,54.0,13.764217263576723,1125633.0,0.060000000000000005,1193170.0
4.0,3600.0,1495000.0,98.0,14.217636764806924,1294983.0,0.060000000000000005,1372682.0
4.0,3129.0,1400000.0,99.0,14.151982794585487,1171507.0,0.060000000000000005,1241798.0
1.0,1630.0,640000.0,13.0,13.369223455335854,747094.0,0.06999999999999999,799390.0
2.0,2430.0,849000.0,15.0,13.651814465293484,809534.0,0.07999999999999999,874297.0
1.0,1430.0,1150000.0,99.0,13.955272500339433,1110773.0,0.05,1166312.0
1.0,1968.0,1233000.0,119.0,14.024960782146481,1388214.0,0.05,1457625.0
1.0,944.0,1600000.0,104.0,14.28551418721001,1022268.0,0.04,1063158.0
1.0,652.0,1600000.0,114.0,14.28551418721001,1008070.0,0.04,1048393.0
1.0,1368.0,1100000.0,123.0,13.9108207377686,1239066.0,0.05,1301019.0
2.0,1408.0,1375000.0,114.0,14.133964289082808,1070581.0,0.05,1124110.0
2.0,1970.0,1350000.0,114.0,14.115615150414612,1213965.0,0.05,1274663.0
2.0,1296.0,1150000.0,114.0,13.955272500339433,1044098.0,0.05,1096303.0
2.0,2160.0,2385000.0,125.0,14.684709682304579,1340224.0,0.060000000000000005,1420637.0
2.0,1800.0,1285000.0,114.0,14.066269276311457,1168676.0,0.05,1227110.0
2.0,1260.0,718500.0,114.0,13.484920984501217,1035725.0,0.05,1087511.0
2.0,1462.0,1313000.0,114.0,14.087825153284934,1083589.0,0.05,1137768.0
2.0,2233.0,1260000.0,119.0,14.04662227892766,1320976.0,0.060000000000000005,1400235.0
2.0,2272.0,1225000.0,114.0,14.018451401960965,1298790.0,0.060000000000000005,1376718.0
2.0,2016.0,1410000.0,114.0,14.15910026235435,1226518.0,0.060000000000000005,1300109.0
2.0,1920.0,1690000.0,114.0,14.340239086899256,1200465.0,0.05,1260489.0
2.0,1965.0,1130000.0,114.0,13.937728190688523,1212608.0,0.05,1273238.0
2.0,1440.0,975000.0,114.0,13.790192749979985,1078270.0,0.05,1132184.0
2.0,2340.0,700000.0,114.0,13.458835614025542,1318693.0,0.060000000000000005,1397815.0
2.0,1960.0,1220000.0,114.0,14.01436141670944,1211253.0,0.05,1271815.0
2.0,2100.0,990000.0,5.0,13.805460222110773,714323.0,0.07999999999999999,771469.0
2.0,2048.0,980000.0,5.0,13.795307850646754,706064.0,0.07999999999999999,762549.0
2.0,2048.0,865512.0,5.0,13.671076518320309,706064.0,0.07999999999999999,762549.0
2.0,2048.0,1099710.0,5.0,13.910557066646787,706064.0,0.07999999999999999,762549.0
2.0,2091.0,1170988.0,5.0,13.973358394875767,712887.0,0.07999999999999999,769918.0
2.0,2400.0,1450000.0,123.0,14.187074114396758,1399686.0,0.060000000000000005,1483667.0
2.0,1728.0,300000.0,114.0,12.611537753638338,1150008.0,0.05,1207508.0
2.0,2712.0,1365000.0,125.0,14.126664986601197,1516325.0,0.060000000000000005,1607305.0
2.0,2964.0,1520000.0,114.0,14.234220892822458,1516185.0,0.060000000000000005,1607156.0
2.0,2460.0,980000.0,114.0,13.795307850646754,1354563.0,0.060000000000000005,1435837.0
2.0,2148.0,1340000.0,123.0,14.108180171927094,1322983.0,0.060000000000000005,1402362.0
2.0,2904.0,1400000.0,109.0,14.151982794585487,1458077.0,0.060000000000000005,1545562.0
2.0,1800.0,1250000.0,104.0,14.038654109278484,1110213.0,0.05,1165723.0
2.0,2948.0,1900000.0,114.0,14.457364444136669,1510769.0,0.060000000000000005,1601416.0
2.0,2146.0,1650000.0,104.0,14.316285845876763,1199535.0,0.060000000000000005,1271507.0
2.0,2094.0,878888.0,114.0,13.686412751029103,1248102.0,0.060000000000000005,1322988.0
2.0,2232.0,1600000.0,125.0,14.28551418721001,1361979.0,0.060000000000000005,1443698.0
2.0,2772.0,1500000.0,123.0,14.22097566607244,1521117.0,0.060000000000000005,1612384.0
2.0,1970.0,1160000.0,104.0,13.963930563082547,1153236.0,0.05,1210898.0
2.0,1864.0,1600000.0,104.0,14.28551418721001,1126218.0,0.05,1182529.0
2.0,2120.0,1600000.0,94.0,14.28551418721001,1132921.0,0.060000000000000005,1200896.0
2.0,1712.0,995000.0,114.0,13.81049801614073,1145900.0,0.05,1203195.0
2.0,2000.0,962000.0,114.0,13.776769729647844,1222137.0,0.05,1283244.0
2.0,3180.0,1380000.0,123.0,14.137594057133388,1666446.0,0.060000000000000005,1766433.0
2.0,2610.0,1390000.0,123.0,14.144814305106875,1466992.0,0.060000000000000005,1555011.0
2.0,2828.0,1540000.0,125.0,14.247292974389811,1556178.0,0.060000000000000005,1649549.0
2.0,2328.0,1700000.0,114.0,14.346138809026444,1315159.0,0.060000000000000005,1394068.0
2.0,2034.0,1470000.0,114.0,14.20077295875492,1231466.0,0.060000000000000005,1305354.0
2.0,1710.0,1399000.0,114.0,14.151268253647618,1145388.0,0.05,1202657.0
2.0,2120.0,1560000.0,94.0,14.26019637922572,1132921.0,0.060000000000000005,1200896.0
2.0,2520.0,1238000.0,114.0,14.02900773222668,1372862.0,0.060000000000000005,1455234.0
2.0,2540.0,1270000.0,123.0,14.054527458434775,1444204.0,0.060000000000000005,1530857.0
2.0,2120.0,1780000.0,125.0,14.392123922268269,1328288.0,0.060000000000000005,1407985.0
2.0,3090.0,1300000.0,94.0,14.077874822431765,1407391.0,0.060000000000000005,1491834.0
2.0,3184.0,666000.0,109.0,13.409044949522526,1552304.0,0.060000000000000005,1645442.0
2.0,2080.0,1400000.0,119.0,14.151982794585487,1276539.0,0.060000000000000005,1353132.0
2.0,2532.0,705000.0,104.0,13.465953081794405,1307689.0,0.060000000000000005,1386151.0
2.0,2532.0,1290000.0,104.0,14.070152776337855,1307689.0,0.060000000000000005,1386151.0
2.0,2080.0,1700000.0,119.0,14.346138809026444,1276539.0,0.060000000000000005,1353132.0
2.0,3192.0,2030000.0,114.0,14.52354635101797,1595503.0,0.060000000000000005,1691233.0
2.0,1536.0,650000.0,123.0,13.38472764187182,1153749.0,0.05,1211436.0
2.0,1536.0,1090000.0,123.0,13.901688254205327,1153749.0,0.05,1211436.0
2.0,1856.0,900000.0,123.0,13.710150042306449,1239346.0,0.05,1301313.0
2.0,2400.0,1490000.0,125.0,14.214286677921642,1414126.0,0.060000000000000005,1498974.0
2.0,3240.0,1560000.0,114.0,14.26019637922572,1612723.0,0.060000000000000005,1709487.0
2.0,2852.0,1530000.0,114.0,14.240778293368619,1478679.0,0.060000000000000005,1567399.0
2.0,2880.0,1700000.0,114.0,14.346138809026444,1487967.0,0.060000000000000005,1577245.0
2.0,2076.0,1100000.0,104.0,13.9108207377686,1180902.0,0.060000000000000005,1251756.0
2.0,2128.0,1770000.0,104.0,14.386490104550012,1194716.0,0.060000000000000005,1266399.0
2.0,2132.0,1860000.0,114.0,14.436087045689384,1258754.0,0.060000000000000005,1334279.0
2.0,3004.0,1300000.0,123.0,14.077874822431765,1602125.0,0.060000000000000005,1698253.0
2.0,2640.0,1230000.0,123.0,14.0225247273486,1476868.0,0.060000000000000005,1565480.0
2.0,2928.0,1550000.0,123.0,14.253765488895429,1575124.0,0.060000000000000005,1669631.0
2.0,2104.0,1700000.0,74.0,14.346138809026444,1018755.0,0.060000000000000005,1079880.0
2.0,2104.0,1800000.0,74.0,14.403297222866392,1018755.0,0.060000000000000005,1079880.0
2.0,2400.0,1360000.0,123.0,14.122995257712235,1399686.0,0.060000000000000005,1483667.0
2.0,3162.0,1649000.0,123.0,14.315679601541737,1659751.0,0.060000000000000005,1759336.0
2.0,1922.0,1400000.0,114.0,14.151982794585487,1201002.0,0.05,1261052.0
2.0,2640.0,1725000.0,114.0,14.360737608447597,1410206.0,0.060000000000000005,1494818.0
2.0,1516.0,1400000.0,109.0,14.151982794585487,1068970.0,0.05,1122419.0
2.0,2048.0,1850000.0,109.0,14.430696197054507,1204032.0,0.060000000000000005,1276274.0
2.0,1696.0,1580000.0,109.0,14.27293540500315,1112881.0,0.05,1168525.0
2.0,2000.0,1300000.0,89.0,14.077874822431765,1074979.0,0.05,1128728.0
2.0,2162.0,1750000.0,89.0,14.375126345899696,1114641.0,0.060000000000000005,1181520.0
2.0,1848.0,486486.0,104.0,13.094963403215715,1122195.0,0.05,1178305.0
2.0,2200.0,1580000.0,114.0,14.27293540500315,1278044.0,0.060000000000000005,1354726.0
2.0,4108.0,3300000.0,125.0,15.009433026436708,2071975.0,0.060000000000000005,2196293.0
2.0,2090.0,1830000.0,104.0,14.419826524817603,1184605.0,0.060000000000000005,1255681.0
2.0,1184.0,1600000.0,104.0,14.28551418721001,967330.0,0.05,1015697.0
2.0,1532.0,1014249.0,125.0,13.829658995117999,1164609.0,0.05,1222840.0
2.0,1200.0,2365000.0,125.0,14.67628857990817,1081268.0,0.05,1135332.0
2.0,1368.0,1460000.0,125.0,14.19394699368452,1122667.0,0.05,1178801.0
2.0,1440.0,2200000.0,125.0,14.603967918328545,1140892.0,0.05,1197936.0
2.0,2100.0,2500000.0,87.0,14.73180128983843,1088067.0,0.060000000000000005,1153351.0
2.0,1208.0,1200000.0,119.0,13.997832114758229,1050359.0,0.05,1102877.0
2.0,1920.0,1280000.0,114.0,14.0623706358958,1200465.0,0.05,1260489.0
2.0,2985.0,1520000.0,114.0,14.234220892822458,1523323.0,0.060000000000000005,1614722.0
2.0,2212.0,1140000.0,109.0,13.946538820370678,1249014.0,0.060000000000000005,1323955.0
2.0,1920.0,1480000.0,99.0,14.207552645740298,1111521.0,0.05,1167097.0
2.0,2080.0,1165000.0,125.0,13.968231644981937,1316458.0,0.060000000000000005,1395445.0
2.0,1204.0,4000000.0,104.0,15.201804919084164,971667.0,0.05,1020250.0
2.0,1204.0,4000000.0,104.0,15.201804919084164,971667.0,0.05,1020250.0
2.0,2080.0,1550000.0,109.0,14.253765488895429,1212680.0,0.060000000000000005,1285441.0
2.0,2200.0,1490000.0,123.0,14.214286677921642,1338458.0,0.060000000000000005,1418766.0
2.0,2200.0,1210000.0,93.0,14.006130917572923,1147469.0,0.060000000000000005,1216318.0
2.0,3498.0,1660000.0,123.0,14.322328160332725,1789280.0,0.060000000000000005,1896636.0
2.0,3285.0,1400000.0,123.0,14.151982794585487,1706042.0,0.060000000000000005,1808405.0
3.0,2700.0,1240000.0,114.0,14.03062193758122,1281768.0,0.060000000000000005,1358674.0
3.0,2820.0,1150000.0,114.0,13.955272500339433,1316633.0,0.060000000000000005,1395631.0
3.0,2160.0,1100000.0,114.0,13.9108207377686,1135951.0,0.060000000000000005,1204108.0
3.0,3420.0,1750000.0,104.0,14.375126345899696,1430390.0,0.060000000000000005,1516213.0
3.0,1920.0,1380000.0,114.0,14.137594057133388,1076586.0,0.05,1130415.0
3.0,3072.0,1450000.0,114.0,14.187074114396758,1392969.0,0.060000000000000005,1476547.0
3.0,2277.0,1300000.0,109.0,14.077874822431765,1136527.0,0.060000000000000005,1204719.0
3.0,2820.0,1450000.0,125.0,14.187074114396758,1393098.0,0.060000000000000005,1476683.0
3.0,2820.0,1554000.0,125.0,14.25634280990973,1393098.0,0.060000000000000005,1476683.0
3.0,2784.0,1650000.0,125.0,14.316285845876763,1381926.0,0.060000000000000005,1464842.0
3.0,2892.0,1600000.0,114.0,14.28551418721001,1338006.0,0.060000000000000005,1418287.0
3.0,2712.0,870000.0,125.0,13.676248490630767,1359852.0,0.060000000000000005,1441443.0
3.0,2952.0,1492500.0,125.0,14.215963124248894,1434837.0,0.060000000000000005,1520927.0
3.0,2472.0,1359000.0,125.0,14.12225969313328,1288786.0,0.060000000000000005,1366113.0
3.0,1725.0,1625000.0,125.0,14.301018373745976,1090499.0,0.05,1145024.0
3.0,2970.0,1660000.0,119.0,14.322328160332725,1396941.0,0.060000000000000005,1480758.0
3.0,3048.0,1350000.0,114.0,14.115615150414612,1385512.0,0.060000000000000005,1468643.0
3.0,1300.0,990000.0,84.0,13.805460222110773,803462.0,0.05,843635.0
3.0,2760.0,840000.0,123.0,13.641157170819497,1360493.0,0.060000000000000005,1442122.0
3.0,3120.0,1300000.0,114.0,14.077874822431765,1408003.0,0.060000000000000005,1492483.0
3.0,2700.0,1420000.0,125.0,14.166167429577444,1356207.0,0.060000000000000005,1437580.0
3.0,2700.0,980000.0,125.0,13.795307850646754,1356207.0,0.060000000000000005,1437580.0
3.0,1400.0,1900000.0,125.0,14.457364444136669,1014048.0,0.05,1064750.0
3.0,2772.0,2365000.0,125.0,14.67628857990817,1378223.0,0.060000000000000005,1460916.0
3.0,3420.0,1950000.0,94.0,14.48333993053993,1358834.0,0.060000000000000005,1440364.0
3.0,2108.0,1300000.0,104.0,14.077874822431765,1066648.0,0.060000000000000005,1130647.0
3.0,3168.0,330000.0,99.0,12.706847933442663,1317753.0,0.060000000000000005,1396818.0
3.0,3144.0,1300000.0,123.0,14.077874822431765,1482497.0,0.060000000000000005,1571447.0
8.0,11780.0,1355577.0,100.0,14.119737751914267,5272703.0,0.060000000000000005,5589065.0
6.0,4000.0,975000.0,99.0,13.790192749979985,1144835.0,0.060000000000000005,1213525.0
6.0,4890.0,876041.0,110.0,13.68316817247624,1478101.0,0.060000000000000005,1566787.0
4.0,3206.0,1680000.0,94.0,14.334304351379442,1161663.0,0.060000000000000005,1231362.0
8.0,6380.0,4985411.0,101.0,15.422026405321507,1584038.0,0.060000000000000005,1679081.0
6.0,5320.0,4985411.0,113.0,15.422026405321507,1652556.0,0.060000000000000005,1751709.0
4.0,1360.0,1263000.0,114.0,14.049000401332629,851836.0,0.05,894427.0
8.0,6960.0,1700000.0,100.0,14.346138809026444,1794203.0,0.060000000000000005,1901856.0
6.0,5250.0,1210000.0,117.0,14.006130917572923,1660627.0,0.060000000000000005,1760265.0
6.0,5508.0,895000.0,109.0,13.704578997256993,1688500.0,0.060000000000000005,1789810.0
10.0,3642.0,1200000.0,93.0,13.997832114758229,662818.0,0.060000000000000005,702588.0
16.0,10280.0,1940000.0,113.0,14.47819853103951,1686194.0,0.060000000000000005,1787366.0
4.0,3217.0,1470000.0,125.0,14.20077295875492,1365340.0,0.060000000000000005,1447261.0
6.0,4988.0,4985411.0,93.0,15.422026405321507,1384629.0,0.060000000000000005,1467707.0
4.0,5340.0,4985411.0,93.0,15.422026405321507,1862621.0,0.060000000000000005,1974378.0
6.0,3900.0,980000.0,93.0,13.795307850646754,1085568.0,0.060000000000000005,1150702.0
4.0,3200.0,1688000.0,93.0,14.339054954138039,1154166.0,0.060000000000000005,1223416.0
5.0,3224.0,1630000.0,93.0,14.304090572782945,1040636.0,0.060000000000000005,1103074.0
6.0,4455.0,1350000.0,93.0,14.115615150414612,1229033.0,0.060000000000000005,1302775.0
4.0,4800.0,2080000.0,117.0,14.547878451677501,1867092.0,0.060000000000000005,1979118.0
4.0,6760.0,1400000.0,117.0,14.151982794585487,2894267.0,0.060000000000000005,3067923.0
8.0,6760.0,1400000.0,93.0,14.151982794585487,1655177.0,0.060000000000000005,1754487.0
16.0,14080.0,20000000.0,100.0,16.811242831518264,3689975.0,0.060000000000000005,3911373.0
21.0,14200.0,20000000.0,102.0,16.811242831518264,2221429.0,0.060000000000000005,2354715.0
20.0,14200.0,20000000.0,102.0,16.811242831518264,2477041.0,0.060000000000000005,2625664.0
6.0,5100.0,1130000.0,113.0,13.937728190688523,1573214.0,0.060000000000000005,1667606.0
6.0,5100.0,1175000.0,113.0,13.976778705560397,1573214.0,0.060000000000000005,1667606.0
16.0,16512.0,20000000.0,111.0,16.811242831518264,6726014.0,0.060000000000000005,7129575.0
16.0,13200.0,20000000.0,112.0,16.811242831518264,3223261.0,0.060000000000000005,3416656.0
16.0,16512.0,20000000.0,112.0,16.811242831518264,6760620.0,0.060000000000000005,7166257.0
20.0,17200.0,20000000.0,112.0,16.811242831518264,5100445.0,0.060000000000000005,5406471.0
6.0,4980.0,1390000.0,93.0,14.144814305106875,1382154.0,0.060000000000000005,1465083.0
4.0,3120.0,1800000.0,101.0,14.403297222866392,1181214.0,0.060000000000000005,1252087.0
6.0,5549.0,1380000.0,97.0,14.137594057133388,1602278.0,0.060000000000000005,1698415.0
2.0,4437.0,998000.0,125.0,13.813508555293602,2230180.0,0.060000000000000005,2363991.0
2.0,3660.0,999000.0,125.0,13.81451005763069,1874436.0,0.060000000000000005,1986902.0
2.0,3660.0,2100000.0,125.0,14.557447902693651,1874436.0,0.060000000000000005,1986902.0
3.0,3168.0,511174.0,125.0,13.144465320032136,1505852.0,0.060000000000000005,1596204.0
3.0,3420.0,333253.0,125.0,12.716657240250997,1593158.0,0.060000000000000005,1688748.0
3.0,3280.0,3500000.0,125.0,15.068273526459642,1544048.0,0.060000000000000005,1636691.0
3.0,3200.0,1500000.0,93.0,14.22097566607244,1286973.0,0.060000000000000005,1364191.0
3.0,5400.0,995000.0,36.0,13.81049801614073,1571129.0,0.060000000000000005,1665397.0
3.0,2432.0,272000.0,125.0,12.513557345278134,1277308.0,0.060000000000000005,1353946.0
3.0,8608.0,2850000.0,2.0,14.862829552244833,2704100.0,0.07999999999999999,2920428.0
3.0,3737.0,3450000.0,125.0,15.053884789007542,1710208.0,0.060000000000000005,1812820.0
3.0,5940.0,965000.0,38.0,13.779883380321124,1791097.0,0.060000000000000005,1898563.0
22.0,20800.0,7950000.0,97.0,15.888682486630515,8496476.0,0.060000000000000005,9006265.0
22.0,20800.0,14577000.0,97.0,16.49495550205615,8496476.0,0.060000000000000005,9006265.0
6.0,3608.0,2630000.0,119.0,14.782494404153947,1162101.0,0.060000000000000005,1231827.0
4.0,2565.0,1400000.0,114.0,14.151982794585487,1115311.0,0.060000000000000005,1182230.0
1.0,840.0,1900000.0,125.0,14.457364444136669,1112418.0,0.04,1156914.0
1.0,1204.0,1950000.0,123.0,14.48333993053993,1194442.0,0.05,1254164.0
1.0,1080.0,1425000.0,114.0,14.169682371684887,1109333.0,0.04,1153707.0
1.0,1491.0,1400000.0,114.0,14.151982794585487,1216136.0,0.05,1276943.0
1.0,2038.0,1630000.0,114.0,14.304090572782945,1374395.0,0.060000000000000005,1456859.0
1.0,1040.0,1495000.0,114.0,14.217636764806924,1099454.0,0.04,1143432.0
1.0,1300.0,2200000.0,114.0,14.603967918328545,1165280.0,0.05,1223544.0
1.0,1683.0,975000.0,94.0,13.790192749979985,1145658.0,0.05,1202941.0
2.0,1656.0,4180000.0,125.0,15.24582180450094,1197359.0,0.05,1257227.0
2.0,2250.0,3456000.0,109.0,15.055622408906084,1259674.0,0.060000000000000005,1335255.0
2.0,1400.0,2000000.0,114.0,14.508657738524219,1068667.0,0.05,1122101.0
2.0,1200.0,1900000.0,114.0,14.457364444136669,1021920.0,0.05,1073016.0
2.0,1608.0,2350000.0,123.0,14.669925886120343,1172477.0,0.05,1231101.0
2.0,1700.0,2300000.0,123.0,14.648419680899378,1196852.0,0.05,1256694.0
2.0,2848.0,4918000.0,125.0,15.408412501758274,1563155.0,0.060000000000000005,1656944.0
2.0,1620.0,1440000.0,123.0,14.180153671552183,1175628.0,0.05,1234410.0
2.0,1530.0,2300000.0,123.0,14.648419680899378,1152201.0,0.05,1209812.0
2.0,1512.0,1400000.0,123.0,14.151982794585487,1147572.0,0.05,1204951.0
2.0,3004.0,3125000.0,123.0,14.954944841152638,1602125.0,0.060000000000000005,1698253.0
2.0,1182.0,2100000.0,104.0,14.557447902693651,966898.0,0.05,1015243.0
2.0,1485.0,2100000.0,114.0,14.557447902693651,1089177.0,0.05,1143636.0
2.0,2022.0,625172.0,114.0,13.345782090857965,1228165.0,0.060000000000000005,1301855.0
2.0,1980.0,825000.0,94.0,13.623138665316818,1097998.0,0.05,1152898.0
2.0,2000.0,1350000.0,28.0,14.115615150414612,786039.0,0.05,825341.0
2.0,1900.0,1450000.0,35.0,14.187074114396758,796769.0,0.05,836608.0
3.0,1920.0,2499000.0,114.0,14.73140120981709,1076586.0,0.05,1130415.0
3.0,1921.0,1820000.0,114.0,14.414347059052979,1076827.0,0.05,1130668.0
3.0,2400.0,1050000.0,125.0,13.864300722133706,1268199.0,0.060000000000000005,1344291.0
3.0,2250.0,2455000.0,123.0,14.713637319210758,1213837.0,0.060000000000000005,1286667.0
3.0,2190.0,2395000.0,114.0,14.688893788827153,1143599.0,0.060000000000000005,1212215.0
3.0,2205.0,1900000.0,94.0,14.457364444136669,1035511.0,0.060000000000000005,1097642.0
3.0,3500.0,2350000.0,94.0,14.669925886120343,1383365.0,0.060000000000000005,1466367.0
6.0,4125.0,2950000.0,94.0,14.897315728316002,1147466.0,0.060000000000000005,1216314.0
6.0,4875.0,2815000.0,96.0,14.850472819555927,1371021.0,0.060000000000000005,1453283.0
8.0,5848.0,3046613.0,96.0,14.929541039727429,1370721.0,0.060000000000000005,1452964.0
6.0,5000.0,1630000.0,96.0,14.304090572782945,1409890.0,0.060000000000000005,1494484.0
6.0,3750.0,1850000.0,94.0,14.430696197054507,1055156.0,0.060000000000000005,1118465.0
6.0,4866.0,15500000.0,104.0,16.556350581889475,1425609.0,0.060000000000000005,1511145.0
11.0,12000.0,6000000.0,104.0,15.60727002719233,4077692.0,0.060000000000000005,4322353.0
53.0,48000.0,12000000.0,104.0,16.300417207752275,131954168.0,0.060000000000000005,139871419.0
6.0,3750.0,2325000.0,104.0,14.659230597003594,1110720.0,0.060000000000000005,1177363.0
8.0,6500.0,650000.0,93.0,13.38472764187182,1561676.0,0.060000000000000005,1655376.0
5.0,4875.0,5470000.0,104.0,15.514789174398164,1592852.0,0.060000000000000005,1688423.0
10.0,10500.0,725000.0,93.0,13.493926933836812,3072593.0,0.060000000000000005,3256949.0
1.0,2040.0,2400000.0,125.0,14.690979295318174,1454865.0,0.060000000000000005,1542156.0
2.0,1536.0,2250000.0,125.0,14.626440774180603,1165652.0,0.05,1223934.0
2.0,2400.0,5250000.0,125.0,15.473738634567807,1414126.0,0.060000000000000005,1498974.0
3.0,1944.0,2565000.0,114.0,14.757469036587008,1082380.0,0.05,1136499.0
3.0,1750.0,2750000.0,114.0,14.827111469642754,1036423.0,0.05,1088244.0
3.0,1800.0,2425000.0,114.0,14.70134208235372,1048077.0,0.05,1100481.0
3.0,5497.0,3060000.0,114.0,14.933925473928564,2395957.0,0.060000000000000005,2539715.0
3.0,2400.0,3150000.0,125.0,14.962913010801817,1268199.0,0.060000000000000005,1344291.0
6.0,5600.0,2500000.0,124.0,14.73180128983843,1861525.0,0.060000000000000005,1973216.0
5.0,3434.0,2725000.0,26.0,14.817978986079481,773334.0,0.060000000000000005,819734.0
8.0,6000.0,2525000.0,114.0,14.741751620691597,1555360.0,0.060000000000000005,1648682.0
8.0,6232.0,6150000.0,114.0,15.631962639782701,1638192.0,0.060000000000000005,1736484.0
4.0,3645.0,2600000.0,114.0,14.77102200299171,1420023.0,0.060000000000000005,1505225.0
3.0,3000.0,2500000.0,125.0,14.73180128983843,1450323.0,0.060000000000000005,1537342.0
3.0,3348.0,3687500.0,114.0,15.120459279630213,1481661.0,0.060000000000000005,1570561.0
3.0,2800.0,2400000.0,125.0,14.690979295318174,1386880.0,0.060000000000000005,1470093.0
3.0,3696.0,3550000.0,125.0,15.082458161451598,1694597.0,0.060000000000000005,1796273.0
3.0,3200.0,2525000.0,94.0,14.741751620691597,1293594.0,0.060000000000000005,1371210.0
3.0,4680.0,3200000.0,125.0,14.978661367769956,2111745.0,0.060000000000000005,2238449.0
3.0,4839.0,3800000.0,104.0,15.150511624696614,1964628.0,0.060000000000000005,2082506.0
4.0,6494.0,2300000.0,104.0,14.648419680899378,2551103.0,0.060000000000000005,2704169.0
4.0,3000.0,1485000.0,114.0,14.210925330218936,1229270.0,0.060000000000000005,1303026.0
4.0,2640.0,2725000.0,114.0,14.817978986079481,1134177.0,0.060000000000000005,1202228.0
23.0,23650.0,4750000.0,116.0,15.373655176010823,15889220.0,0.060000000000000005,16842573.0
15.0,14375.0,2850000.0,114.0,14.862829552244833,4722591.0,0.060000000000000005,5005946.0
4.0,3822.0,2500000.0,125.0,14.73180128983843,1563162.0,0.060000000000000005,1656952.0
25.0,19890.0,5250000.0,112.0,15.473738634567807,5399840.0,0.060000000000000005,5723831.0
6.0,6500.0,1810000.0,114.0,14.408837403242009,2162704.0,0.060000000000000005,2292466.0
1.0,1024.0,2450000.0,114.0,14.71159858252091,1095526.0,0.04,1139347.0
1.0,1662.0,2210000.0,104.0,14.608503073493935,1200337.0,0.05,1260354.0
1.0,1789.0,1650000.0,89.0,14.316285845876763,1143423.0,0.05,1200594.0
1.0,2309.0,2795000.0,125.0,14.843342664571336,1545078.0,0.060000000000000005,1637782.0
1.0,1200.0,2400000.0,125.0,14.690979295318174,1205686.0,0.05,1265970.0
1.0,1074.0,1825000.0,114.0,14.417090544998729,1107846.0,0.04,1152160.0
1.0,1575.0,1330000.0,125.0,14.100689500197937,1311166.0,0.05,1376724.0
1.0,1152.0,1915000.0,125.0,14.465228180596883,1192812.0,0.05,1252453.0
1.0,1500.0,2050000.0,99.0,14.53335035111459,1128299.0,0.05,1184714.0
1.0,1112.0,998000.0,99.0,13.813508555293602,1034519.0,0.05,1086245.0
1.0,1112.0,1955000.0,99.0,14.485900751401603,1034519.0,0.05,1086245.0
1.0,954.0,1480000.0,99.0,14.207552645740298,998601.0,0.04,1038545.0
1.0,1272.0,1300000.0,99.0,14.077874822431765,1072208.0,0.05,1125818.0
1.0,1272.0,2600000.0,99.0,14.77102200299171,1072208.0,0.05,1125818.0
1.0,1588.0,1800000.0,123.0,14.403297222866392,1301556.0,0.05,1366633.0
2.0,3400.0,2945000.0,99.0,14.895619375067824,1547635.0,0.060000000000000005,1640493.0
2.0,1920.0,2200000.0,64.0,14.603967918328545,928774.0,0.05,975213.0
2.0,1360.0,2250000.0,104.0,14.626440774180603,1006166.0,0.05,1056474.0
2.0,2048.0,2202000.0,114.0,14.604876596264763,1235327.0,0.060000000000000005,1309447.0
2.0,2690.0,1800000.0,69.0,14.403297222866392,1131992.0,0.060000000000000005,1199911.0
2.0,1500.0,1500000.0,109.0,14.22097566607244,1065152.0,0.05,1118409.0
2.0,1984.0,2360000.0,123.0,14.674172177001793,1275337.0,0.05,1339104.0
2.0,1544.0,2000000.0,123.0,14.508657738524219,1155815.0,0.05,1213605.0
2.0,2128.0,2390000.0,123.0,14.686803923907693,1317078.0,0.060000000000000005,1396103.0
2.0,2160.0,3075000.0,123.0,14.938815459222756,1326538.0,0.060000000000000005,1406130.0
2.0,1600.0,1850000.0,99.0,14.430696197054507,1034752.0,0.05,1086490.0
2.0,2940.0,2750000.0,114.0,14.827111469642754,1508069.0,0.060000000000000005,1598553.0
2.0,2430.0,2800000.0,104.0,14.845129975145433,1278196.0,0.060000000000000005,1354888.0
2.0,3165.0,1850000.0,109.0,14.430696197054507,1545721.0,0.060000000000000005,1638465.0
2.0,2790.0,2850000.0,125.0,14.862829552244833,1543009.0,0.060000000000000005,1635590.0
2.0,2530.0,2000000.0,64.0,14.508657738524219,1064532.0,0.060000000000000005,1128404.0
2.0,1552.0,1950000.0,114.0,14.48333993053993,1105621.0,0.05,1160902.0
2.0,2640.0,2020000.0,125.0,14.518608069377388,1492104.0,0.060000000000000005,1581630.0
2.0,1732.0,1653000.0,125.0,14.31810237680316,1217884.0,0.05,1278779.0
2.0,1092.0,1100000.0,99.0,13.9108207377686,923623.0,0.04,960568.0
2.0,2144.0,1300000.0,125.0,14.077874822431765,1335436.0,0.060000000000000005,1415562.0
3.0,2898.0,3050000.0,125.0,14.930652148583594,1417613.0,0.060000000000000005,1502670.0
3.0,3334.0,2325000.0,24.0,14.659230597003594,930675.0,0.07999999999999999,1005129.0
3.0,2565.0,2650000.0,114.0,14.790070197962406,1243647.0,0.060000000000000005,1318265.0
3.0,3168.0,2790000.0,104.0,14.841552153797549,1352004.0,0.060000000000000005,1433124.0
3.0,3560.0,2750000.0,99.0,14.827111469642754,1438495.0,0.060000000000000005,1524805.0
3.0,2925.0,2936000.0,114.0,14.892558668716543,1347918.0,0.060000000000000005,1428793.0
3.0,3300.0,2200000.0,24.0,14.603967918328545,923625.0,0.07999999999999999,997515.0
1.0,1452.0,1575000.0,40.0,14.269765830241871,824638.0,0.05,865870.0
1.0,1680.0,1135000.0,16.0,13.94214320889764,767217.0,0.06999999999999999,820922.0
2.0,1932.0,1500000.0,114.0,14.22097566607244,1203691.0,0.05,1263876.0
2.0,2240.0,1449000.0,89.0,14.18638422130282,1134256.0,0.060000000000000005,1202311.0
2.0,2520.0,1420000.0,94.0,14.166167429577444,1238943.0,0.060000000000000005,1313279.0
2.0,2100.0,2410000.0,99.0,14.695137305466838,1157180.0,0.060000000000000005,1226611.0
2.0,2585.0,1850000.0,99.0,14.430696197054507,1289759.0,0.060000000000000005,1367144.0
2.0,1224.0,940000.0,84.0,13.753635154246187,880814.0,0.05,924855.0
2.0,1680.0,1699995.0,104.0,14.346135867845648,1080813.0,0.05,1134854.0
2.0,2700.0,1120000.0,104.0,13.928839243271277,1357758.0,0.060000000000000005,1439223.0
2.0,2400.0,900000.0,104.0,13.710150042306449,1269649.0,0.060000000000000005,1345828.0
2.0,2700.0,1175000.0,104.0,13.976778705560397,1357758.0,0.060000000000000005,1439223.0
2.0,3300.0,1450000.0,123.0,14.187074114396758,1711775.0,0.060000000000000005,1814482.0
2.0,2200.0,1150000.0,123.0,13.955272500339433,1338458.0,0.060000000000000005,1418766.0
2.0,2200.0,1730000.0,123.0,14.363631966473962,1338458.0,0.060000000000000005,1418766.0
2.0,3300.0,900000.0,123.0,13.710150042306449,1711775.0,0.060000000000000005,1814482.0
2.0,3300.0,1115000.0,114.0,13.924364962876357,1634510.0,0.060000000000000005,1732581.0
3.0,3276.0,1650000.0,104.0,14.316285845876763,1385057.0,0.060000000000000005,1468161.0
3.0,3360.0,1425000.0,123.0,14.169682371684887,1555871.0,0.060000000000000005,1649223.0
3.0,3012.0,1250000.0,123.0,14.038654109278484,1439371.0,0.060000000000000005,1525733.0
3.0,3078.0,2425000.0,125.0,14.70134208235372,1475845.0,0.060000000000000005,1564396.0
3.0,3420.0,550000.0,93.0,13.217673557208654,1351878.0,0.060000000000000005,1432991.0
3.0,3420.0,1600000.0,125.0,14.28551418721001,1593158.0,0.060000000000000005,1688748.0
3.0,3285.0,1530000.0,125.0,14.240778293368619,1545776.0,0.060000000000000005,1638522.0
6.0,4725.0,2150000.0,93.0,14.580978400103845,1305535.0,0.060000000000000005,1383867.0
6.0,4725.0,950000.0,93.0,13.764217263576723,1305535.0,0.060000000000000005,1383867.0
6.0,4875.0,620000.0,93.0,13.337474757021274,1350075.0,0.060000000000000005,1431079.0
6.0,4500.0,875000.0,93.0,13.681979165339751,1241465.0,0.060000000000000005,1315953.0
4.0,2500.0,2500000.0,93.0,14.73180128983843,986911.0,0.060000000000000005,1046126.0
5.0,4247.0,3240000.0,104.0,14.991083887768513,1384135.0,0.060000000000000005,1467183.0
8.0,7000.0,765000.0,93.0,13.547631112808673,1746447.0,0.060000000000000005,1851233.0
6.0,4875.0,2125000.0,93.0,14.569282360340654,1350075.0,0.060000000000000005,1431079.0
6.0,4830.0,998000.0,93.0,13.813508555293602,1336556.0,0.060000000000000005,1416749.0
5.0,4500.0,1500000.0,93.0,14.22097566607244,1384316.0,0.060000000000000005,1467375.0
5.0,4500.0,1500000.0,93.0,14.22097566607244,1384316.0,0.060000000000000005,1467375.0
6.0,5070.0,570000.0,93.0,13.253391639810733,1410256.0,0.060000000000000005,1494872.0
8.0,6000.0,3575000.0,93.0,15.089475734110245,1396453.0,0.060000000000000005,1480240.0
6.0,4285.0,1987500.0,114.0,14.502388125510624,1317821.0,0.060000000000000005,1396890.0
