RESIDENTIAL_UNITS,LAND_SQUARE_FEET,GROSS_SQUARE_FEET,TAX_CLASS_AT_TIME_OF_SALE,BUILDING_CLASS_AT_TIME_OF_SALE,SALE_PRICE,BUILDING_AGE
1.0,1933.0,1660.0,1.0,A5,1185000.0,94.0
1.0,2868.0,2330.0,1.0,A9,1360000.0,109.0
1.0,4559.0,1440.0,1.0,A1,1545000.0,104.0
1.0,1990.0,1328.0,1.0,A5,850000.0,99.0
1.0,1740.0,1674.0,1.0,A5,992000.0,69.0
1.0,2900.0,2286.0,1.0,A5,1325000.0,114.0
1.0,1740.0,1674.0,1.0,A5,999000.0,64.0
1.0,3867.0,2007.0,1.0,A1,1960000.0,99.0
1.0,1933.0,1152.0,1.0,A5,1205000.0,104.0
1.0,2060.0,1240.0,1.0,A5,1030000.0,84.0
1.0,1983.0,1420.0,1.0,A5,980000.0,79.0
2.0,2320.0,2160.0,1.0,B1,1655000.0,94.0
2.0,2320.0,2160.0,1.0,B1,1560000.0,94.0
2.0,1547.0,1428.0,1.0,B3,150000.0,94.0
2.0,2103.0,1622.0,1.0,B3,925000.0,94.0
2.0,2058.0,1492.0,1.0,B3,888000.0,94.0
2.0,4833.0,2536.0,1.0,B3,1350000.0,94.0
2.0,4833.0,2536.0,1.0,B3,1700000.0,94.0
2.0,3223.0,2660.0,1.0,B2,1880000.0,94.0
2.0,1933.0,2888.0,1.0,B1,1280000.0,84.0
2.0,1701.0,2025.0,1.0,B1,1255000.0,74.0
2.0,1933.0,2003.0,1.0,B1,1280000.0,69.0
2.0,2296.0,2160.0,1.0,B1,1400000.0,84.0
2.0,2336.0,2160.0,1.0,B1,1400000.0,84.0
2.0,2707.0,1736.0,1.0,B2,1342000.0,104.0
2.0,2708.0,2120.0,1.0,B3,1450000.0,99.0
2.0,2492.0,2240.0,1.0,B1,1650000.0,99.0
2.0,2167.0,2288.0,1.0,B1,1310000.0,99.0
2.0,1933.0,2125.0,1.0,B1,1200000.0,74.0
2.0,1885.0,1765.0,1.0,B9,990000.0,89.0
2.0,2078.0,1802.0,1.0,B9,1080000.0,89.0
2.0,2127.0,1722.0,1.0,B3,350000.0,89.0
2.0,2433.0,2280.0,1.0,B1,1395000.0,89.0
2.0,2053.0,2872.0,1.0,B1,1580000.0,64.0
2.0,2096.0,1475.0,1.0,B3,900000.0,104.0
2.0,1524.0,1740.0,1.0,B3,995000.0,94.0
2.0,1933.0,2400.0,1.0,B9,1660000.0,49.0
2.0,1933.0,2300.0,1.0,B9,1038888.0,84.0
2.0,2399.0,1928.0,1.0,B1,1249000.0,74.0
2.0,1536.0,992.0,1.0,B9,650000.0,74.0
2.0,2600.0,1914.0,1.0,B9,700000.0,69.0
2.0,1795.0,1152.0,1.0,B1,650000.0,94.0
2.0,2135.0,1188.0,1.0,B9,999000.0,84.0
2.0,1937.0,2280.0,1.0,B9,1220000.0,64.0
2.0,1923.0,2280.0,1.0,B9,1290000.0,64.0
2.0,1979.0,1440.0,1.0,B1,1350000.0,74.0
2.0,2127.0,1736.0,1.0,B3,955000.0,84.0
2.0,1547.0,1584.0,1.0,B1,973000.0,84.0
2.0,2127.0,1631.0,1.0,B3,425000.0,84.0
2.0,2182.0,1673.0,1.0,B9,1110000.0,79.0
2.0,2090.0,1993.0,1.0,B9,700000.0,79.0
2.0,1740.0,2052.0,1.0,B3,1180000.0,74.0
3.0,2272.0,3420.0,1.0,C0,1550000.0,89.0
3.0,3222.0,3362.0,1.0,C0,1700000.0,94.0
3.0,2707.0,2980.0,1.0,C0,1800000.0,59.0
3.0,1936.0,2609.0,1.0,C0,1955040.0,1.0
3.0,1936.0,2609.0,1.0,C0,1629200.0,1.0
3.0,4833.0,4125.0,1.0,C0,2253899.0,29.0
3.0,2900.0,7169.0,1.0,C0,2907104.0,1.0
3.0,3528.0,3288.0,1.0,C0,1398000.0,94.0
3.0,5800.0,4662.0,1.0,C0,1870000.0,99.0
3.0,4012.0,2899.0,1.0,C0,200000.0,99.0
3.0,3867.0,2540.0,1.0,C0,1580000.0,104.0
3.0,3867.0,2789.0,1.0,C0,1630000.0,104.0
3.0,2951.0,4216.0,1.0,C0,1980000.0,27.0
3.0,2660.0,3105.0,1.0,C0,1300000.0,123.0
3.0,2716.0,3118.0,1.0,C0,1660000.0,64.0
3.0,1375.0,2850.0,1.0,C0,1150000.0,104.0
3.0,3216.0,4074.0,1.0,C0,10327.0,11.0
3.0,1933.0,1860.0,1.0,C0,1189000.0,69.0
4.0,3867.0,3780.0,2.0,C3,1990000.0,77.0
12.0,4294.0,13500.0,2.0,C1,2120000.0,96.0
1.0,2450.0,1592.0,1.0,A1,1013159.0,99.0
1.0,1667.0,2094.0,1.0,A5,1180000.0,31.0
1.0,1667.0,1672.0,1.0,A4,1625000.0,125.0
1.0,2000.0,2000.0,1.0,A4,1601500.0,114.0
1.0,1575.0,1254.0,1.0,A5,890000.0,99.0
1.0,1400.0,1192.0,1.0,A5,1100000.0,99.0
1.0,1400.0,1192.0,1.0,A5,1150000.0,99.0
1.0,1411.0,1192.0,1.0,A5,1288000.0,99.0
1.0,2100.0,1456.0,1.0,A5,570000.0,94.0
1.0,1952.0,1456.0,1.0,A5,985000.0,94.0
1.0,1600.0,1248.0,1.0,A5,1049000.0,104.0
1.0,1800.0,1916.0,1.0,A4,1600000.0,125.0
1.0,1782.0,2161.0,1.0,A4,1225000.0,125.0
1.0,1600.0,2400.0,1.0,A5,1700000.0,114.0
1.0,1074.0,960.0,1.0,A5,590000.0,94.0
1.0,2000.0,1673.0,1.0,A2,850000.0,84.0
1.0,1798.0,1076.0,1.0,A5,780000.0,99.0
1.0,945.0,1224.0,1.0,A5,1014000.0,99.0
1.0,1750.0,1840.0,1.0,A4,1100000.0,123.0
1.0,1983.0,1938.0,1.0,A5,1050000.0,99.0
1.0,1900.0,1938.0,1.0,A5,1100000.0,99.0
1.0,2000.0,1520.0,1.0,A5,1050000.0,99.0
1.0,2050.0,1075.0,1.0,A5,1205000.0,99.0
1.0,1800.0,1560.0,1.0,A5,1200000.0,99.0
1.0,2000.0,1810.0,1.0,A5,1270000.0,119.0
1.0,1431.0,1456.0,1.0,A5,1290000.0,99.0
1.0,2000.0,2080.0,1.0,A4,1150000.0,109.0
1.0,1967.0,1617.0,1.0,A1,999000.0,99.0
1.0,1967.0,1216.0,1.0,A5,1265000.0,99.0
1.0,3500.0,4121.0,1.0,A1,1450000.0,114.0
1.0,2162.0,1690.0,1.0,A5,1170000.0,104.0
1.0,1607.0,2640.0,1.0,A4,1575000.0,125.0
1.0,812.0,768.0,1.0,A5,220000.0,5.0
1.0,2000.0,1720.0,1.0,A5,1080000.0,99.0
1.0,2000.0,1688.0,1.0,A5,1375000.0,99.0
1.0,1753.0,2205.0,1.0,A5,1500000.0,79.0
1.0,5305.0,2250.0,1.0,A1,1900000.0,34.0
1.0,2223.0,2650.0,1.0,A5,1444000.0,125.0
1.0,3644.0,1614.0,1.0,A1,1260000.0,119.0
1.0,2715.0,1632.0,1.0,A5,998000.0,104.0
1.0,3195.0,1638.0,1.0,A1,1510000.0,99.0
1.0,1950.0,1144.0,1.0,A1,1050000.0,99.0
1.0,1838.0,884.0,1.0,A1,1300000.0,99.0
1.0,3061.0,1600.0,1.0,A1,100.0,99.0
1.0,2296.0,1472.0,1.0,A9,1100000.0,99.0
1.0,2296.0,1472.0,1.0,A9,1685000.0,99.0
1.0,2000.0,1584.0,1.0,A5,1400000.0,99.0
1.0,2000.0,1480.0,1.0,A5,1350000.0,104.0
1.0,2000.0,1573.0,1.0,A5,1295000.0,104.0
1.0,2000.0,1480.0,1.0,A5,940000.0,104.0
1.0,3216.0,2080.0,1.0,A1,1430000.0,104.0
1.0,1913.0,1816.0,1.0,A4,1355000.0,104.0
1.0,1913.0,1816.0,1.0,A4,1450000.0,104.0
1.0,2187.0,1320.0,1.0,A5,1350000.0,99.0
1.0,2187.0,1200.0,1.0,A5,1200000.0,99.0
1.0,3000.0,2000.0,1.0,A1,2150000.0,99.0
1.0,2650.0,1472.0,1.0,A9,1315000.0,99.0
1.0,2050.0,1536.0,1.0,A5,1280000.0,99.0
1.0,4704.0,1836.0,1.0,A3,1675000.0,94.0
1.0,4335.0,4500.0,1.0,A3,4000000.0,89.0
1.0,3083.0,1670.0,1.0,A1,1650000.0,104.0
1.0,4941.0,2087.0,1.0,A3,3100000.0,89.0
1.0,5295.0,2106.0,1.0,A1,1700000.0,99.0
1.0,3139.0,1596.0,1.0,A1,1460000.0,94.0
1.0,2600.0,1584.0,1.0,A1,1600000.0,99.0
1.0,4920.0,2644.0,1.0,A1,2999000.0,114.0
1.0,4373.0,4478.0,1.0,A1,2400000.0,99.0
1.0,3644.0,2549.0,1.0,A1,2250000.0,104.0
1.0,3733.0,1952.0,1.0,A1,1999999.0,104.0
1.0,2788.0,1392.0,1.0,A1,1540000.0,104.0
1.0,3270.0,2016.0,1.0,A1,1950000.0,99.0
1.0,2000.0,1850.0,1.0,A5,1100000.0,123.0
1.0,2000.0,1850.0,1.0,A5,1270000.0,123.0
1.0,2300.0,1764.0,1.0,A5,10.0,104.0
1.0,4811.0,2680.0,1.0,A1,2400000.0,99.0
1.0,5250.0,4074.0,1.0,A3,2997999.0,94.0
1.0,2706.0,1911.0,1.0,A5,1200000.0,99.0
1.0,1941.0,1384.0,1.0,A5,1225000.0,104.0
1.0,2700.0,1683.0,1.0,A5,450000.0,119.0
1.0,5000.0,2080.0,1.0,A1,2025000.0,104.0
1.0,4000.0,2578.0,1.0,A1,2350000.0,104.0
1.0,2000.0,1387.0,1.0,A1,1413000.0,104.0
1.0,1950.0,1626.0,1.0,A5,1122000.0,104.0
1.0,5000.0,2412.0,1.0,A3,2999999.0,99.0
1.0,9267.0,4518.0,1.0,A3,4600000.0,114.0
1.0,6000.0,4336.0,1.0,A1,10.0,6.0
1.0,3090.0,1280.0,1.0,A5,995000.0,109.0
1.0,3630.0,2652.0,1.0,A1,1800000.0,104.0
1.0,3562.0,2193.0,1.0,A5,1735000.0,104.0
1.0,3900.0,2100.0,1.0,A3,2400000.0,114.0
1.0,2503.0,1460.0,1.0,A1,990000.0,99.0
1.0,3333.0,1496.0,1.0,A1,1737500.0,99.0
1.0,1917.0,1188.0,1.0,A5,998000.0,99.0
1.0,2500.0,1704.0,1.0,A5,1320000.0,94.0
1.0,2500.0,1544.0,1.0,A9,1150000.0,104.0
1.0,2025.0,1312.0,1.0,A5,1120000.0,99.0
1.0,2000.0,1436.0,1.0,A5,1035000.0,109.0
1.0,2067.0,1504.0,1.0,A9,1400000.0,89.0
1.0,2067.0,1696.0,1.0,A9,1440000.0,89.0
1.0,3940.0,1470.0,1.0,A9,1237500.0,99.0
1.0,2500.0,1408.0,1.0,A1,1450000.0,99.0
1.0,2242.0,1344.0,1.0,A5,562000.0,99.0
1.0,2293.0,1980.0,1.0,A5,850000.0,89.0
1.0,2500.0,1472.0,1.0,A1,1100000.0,99.0
1.0,2467.0,1461.0,1.0,A5,800000.0,99.0
1.0,3000.0,1736.0,1.0,A5,1.0,99.0
1.0,3000.0,1736.0,1.0,A5,1.0,99.0
1.0,2080.0,1280.0,1.0,A5,500000.0,99.0
1.0,4182.0,1680.0,1.0,A9,1225000.0,114.0
1.0,1943.0,1078.0,1.0,A9,998000.0,114.0
1.0,2210.0,1960.0,1.0,A5,1325000.0,74.0
1.0,2500.0,2133.0,1.0,A5,1280000.0,99.0
1.0,2050.0,1536.0,1.0,A9,1175000.0,99.0
1.0,1675.0,1152.0,1.0,A5,1135000.0,84.0
1.0,2500.0,1928.0,1.0,A9,720000.0,114.0
1.0,1400.0,1780.0,1.0,A5,960000.0,84.0
2.0,2017.0,2216.0,1.0,B1,1300000.0,84.0
2.0,1762.0,2660.0,1.0,B9,1550000.0,114.0
2.0,2000.0,2164.0,1.0,B9,1195000.0,125.0
2.0,3000.0,2024.0,1.0,B2,1325000.0,99.0
2.0,6000.0,1846.0,1.0,B2,1500000.0,114.0
2.0,1820.0,1260.0,1.0,B2,1120000.0,99.0
2.0,2120.0,1778.0,1.0,B1,1200000.0,74.0
2.0,6000.0,2822.0,1.0,B9,1800000.0,125.0
2.0,1638.0,2698.0,1.0,B1,600000.0,74.0
2.0,2000.0,3120.0,1.0,B9,1250000.0,109.0
2.0,2360.0,2424.0,1.0,B1,1650000.0,94.0
2.0,2000.0,2080.0,1.0,B1,1425000.0,99.0
2.0,1957.0,992.0,1.0,B3,995000.0,104.0
2.0,6379.0,2292.0,1.0,B1,1610000.0,74.0
2.0,3000.0,3618.0,1.0,B2,1600000.0,99.0
2.0,6017.0,2274.0,1.0,B2,1850000.0,99.0
2.0,2350.0,2850.0,1.0,B1,1210000.0,94.0
2.0,2000.0,2796.0,1.0,B1,1425000.0,114.0
2.0,1567.0,2320.0,1.0,B1,1100000.0,99.0
2.0,2600.0,2182.0,1.0,B1,1520000.0,99.0
2.0,2000.0,2880.0,1.0,B9,1248000.0,114.0
2.0,2000.0,2880.0,1.0,B9,206379.0,114.0
2.0,2000.0,2760.0,1.0,B1,1540000.0,119.0
2.0,5532.0,3192.0,1.0,B1,1870000.0,114.0
2.0,2322.0,3120.0,1.0,B1,1320000.0,114.0
2.0,2144.0,2452.0,1.0,B1,1010000.0,99.0
2.0,2517.0,2560.0,1.0,B1,1750000.0,99.0
2.0,2000.0,3138.0,1.0,B1,1480000.0,114.0
2.0,1800.0,1404.0,1.0,B3,1050000.0,99.0
2.0,3335.0,2600.0,1.0,B2,750000.0,99.0
2.0,2000.0,3120.0,1.0,B1,1100000.0,114.0
2.0,2000.0,2850.0,1.0,B1,1150000.0,99.0
2.0,2000.0,2730.0,1.0,B1,1230000.0,123.0
2.0,2000.0,2102.0,1.0,B1,1260000.0,109.0
2.0,1600.0,2210.0,1.0,B1,1238000.0,109.0
2.0,2000.0,2970.0,1.0,B1,1400000.0,119.0
2.0,2000.0,2650.0,1.0,B1,1480000.0,119.0
2.0,2044.0,1760.0,1.0,B1,1150198.0,114.0
2.0,2820.0,3085.0,1.0,B2,1280000.0,125.0
2.0,2018.0,1900.0,1.0,B1,1255000.0,109.0
2.0,1800.0,2272.0,1.0,B2,1480000.0,123.0
2.0,1800.0,2272.0,1.0,B2,1500000.0,123.0
2.0,1580.0,2640.0,1.0,B3,1300000.0,125.0
2.0,2982.0,3252.0,1.0,B1,1265000.0,125.0
2.0,2000.0,1664.0,1.0,B3,1280000.0,99.0
2.0,1967.0,2548.0,1.0,B3,1390000.0,99.0
2.0,3000.0,1716.0,1.0,B3,1200000.0,104.0
2.0,3313.0,2446.0,1.0,B1,1658000.0,94.0
2.0,2187.0,3144.0,1.0,B1,1200000.0,114.0
2.0,2000.0,2520.0,1.0,B1,1480000.0,119.0
2.0,2492.0,2840.0,1.0,B1,990000.0,104.0
2.0,2965.0,2940.0,1.0,B1,1905000.0,104.0
2.0,1811.0,2574.0,1.0,B1,1173000.0,69.0
2.0,6500.0,3042.0,1.0,B1,4600000.0,74.0
2.0,2606.0,2280.0,1.0,B1,1285000.0,99.0
2.0,2000.0,2302.0,1.0,B1,1370000.0,99.0
2.0,1513.0,1197.0,1.0,B3,900000.0,99.0
2.0,4373.0,3001.0,1.0,B3,1560000.0,104.0
2.0,3683.0,2192.0,1.0,B1,1700000.0,104.0
2.0,2400.0,2280.0,1.0,B1,1370000.0,114.0
2.0,2700.0,2520.0,1.0,B1,1710000.0,99.0
2.0,1900.0,2392.0,1.0,B1,980000.0,109.0
2.0,2400.0,2560.0,1.0,B1,600000.0,99.0
2.0,2458.0,2480.0,1.0,B1,1550000.0,99.0
2.0,2458.0,2480.0,1.0,B1,1615000.0,99.0
2.0,2458.0,2480.0,1.0,B1,1765000.0,99.0
2.0,2458.0,2640.0,1.0,B1,1031487.0,99.0
2.0,2400.0,2600.0,1.0,B1,1620000.0,99.0
2.0,2730.0,2160.0,1.0,B1,1460000.0,99.0
2.0,2109.0,1836.0,1.0,B1,1250000.0,99.0
2.0,2000.0,2364.0,1.0,B1,1135000.0,119.0
2.0,2000.0,2400.0,1.0,B1,200000.0,119.0
2.0,2000.0,2364.0,1.0,B1,1180000.0,119.0
2.0,1900.0,2184.0,1.0,B1,1255000.0,99.0
2.0,1920.0,2314.0,1.0,B1,1275000.0,59.0
2.0,2000.0,2230.0,1.0,B1,1360000.0,99.0
2.0,2400.0,1060.0,1.0,B2,880000.0,99.0
2.0,2668.0,1344.0,1.0,B3,1300000.0,99.0
2.0,2000.0,2312.0,1.0,B1,1180000.0,99.0
2.0,2000.0,2048.0,1.0,B2,1320000.0,99.0
2.0,1723.0,3066.0,1.0,B1,990000.0,89.0
2.0,2500.0,2449.0,1.0,B2,800000.0,125.0
2.0,5510.0,1860.0,1.0,B2,1200000.0,125.0
2.0,2350.0,2344.0,1.0,B1,2.0,99.0
2.0,2500.0,3638.0,1.0,B1,1730000.0,74.0
2.0,2133.0,1788.0,1.0,B1,1100000.0,74.0
2.0,2004.0,3247.0,1.0,B1,1400000.0,99.0
2.0,4410.0,2928.0,1.0,B1,1380000.0,99.0
2.0,1800.0,2972.0,1.0,B9,924000.0,99.0
2.0,2025.0,1890.0,1.0,B9,990000.0,84.0
2.0,2840.0,2550.0,1.0,B1,1384820.0,2.0
2.0,1682.0,1691.0,1.0,B3,1200000.0,94.0
2.0,2184.0,1908.0,1.0,B9,925000.0,89.0
3.0,1918.0,3042.0,1.0,C0,1400000.0,109.0
3.0,1912.0,3042.0,1.0,C0,1380000.0,109.0
3.0,2087.0,2790.0,1.0,C0,1400000.0,99.0
3.0,3000.0,2796.0,1.0,C0,1750000.0,114.0
3.0,2000.0,2796.0,1.0,C0,780000.0,114.0
3.0,2000.0,3850.0,1.0,C0,1600000.0,99.0
3.0,2400.0,2400.0,1.0,C0,1600000.0,99.0
3.0,2000.0,2940.0,1.0,C0,1515000.0,114.0
3.0,1538.0,2768.0,1.0,C0,1100000.0,119.0
3.0,2073.0,3391.0,1.0,C0,1200000.0,44.0
3.0,2940.0,3811.0,1.0,C0,1750000.0,99.0
3.0,3020.0,4284.0,1.0,C0,2072109.0,99.0
7.0,1800.0,6400.0,2.0,C7,2400000.0,104.0
4.0,2290.0,3875.0,2.0,C3,1400000.0,101.0
6.0,2030.0,4440.0,2.0,C2,1125000.0,118.0
5.0,2050.0,3774.0,2.0,C2,1900000.0,93.0
6.0,2108.0,4744.0,2.0,C2,1153000.0,96.0
6.0,2433.0,5183.0,2.0,C2,1315000.0,101.0
4.0,2673.0,3000.0,2.0,C3,1585000.0,99.0
1.0,1350.0,1080.0,1.0,A4,550000.0,125.0
1.0,1500.0,1800.0,1.0,A5,1625000.0,125.0
1.0,2500.0,2376.0,1.0,A9,2020000.0,125.0
1.0,1800.0,2160.0,1.0,A9,10.0,114.0
1.0,1875.0,2250.0,1.0,A4,2350000.0,125.0
1.0,2000.0,2470.0,1.0,A9,1999000.0,123.0
1.0,2000.0,3801.0,1.0,A4,2850000.0,125.0
1.0,2000.0,3948.0,1.0,A5,2900000.0,114.0
1.0,1800.0,3420.0,1.0,A4,2900000.0,125.0
1.0,2173.0,1452.0,1.0,A5,975000.0,39.0
1.0,2000.0,1200.0,1.0,A9,1990000.0,104.0
1.0,1400.0,1428.0,1.0,A9,1075000.0,24.0
1.0,1500.0,1530.0,1.0,A9,940000.0,24.0
1.0,1875.0,2250.0,1.0,A4,1250000.0,125.0
1.0,1875.0,2250.0,1.0,A4,1250000.0,125.0
1.0,1900.0,3040.0,1.0,A4,1500000.0,125.0
1.0,2000.0,2700.0,1.0,A4,2681250.0,123.0
1.0,2000.0,2400.0,1.0,A4,10.0,123.0
1.0,2000.0,2400.0,1.0,A4,10.0,123.0
1.0,1667.0,2001.0,1.0,A4,1320000.0,119.0
1.0,2000.0,2400.0,1.0,A4,2100000.0,125.0
1.0,2000.0,2520.0,1.0,A4,653934.0,125.0
1.0,1200.0,1692.0,1.0,A4,1850000.0,125.0
1.0,2350.0,2220.0,1.0,A4,1275000.0,125.0
1.0,1667.0,2100.0,1.0,A5,341579.0,114.0
1.0,1667.0,2100.0,1.0,A9,1600000.0,104.0
1.0,1900.0,2665.0,1.0,A4,3400000.0,125.0
1.0,1900.0,2665.0,1.0,A4,1410000.0,125.0
1.0,2308.0,3360.0,1.0,A5,2425000.0,104.0
1.0,2000.0,3760.0,1.0,A4,2950000.0,124.0
1.0,1850.0,3493.0,1.0,A9,2915000.0,123.0
1.0,1733.0,3112.0,1.0,A5,2795000.0,104.0
1.0,1297.0,2660.0,1.0,A5,1950000.0,114.0
1.0,1667.0,2609.0,1.0,A4,3075000.0,119.0
2.0,2000.0,2580.0,1.0,B3,1750000.0,125.0
2.0,1597.0,4400.0,1.0,B1,1500000.0,20.0
2.0,2000.0,3120.0,1.0,B1,1510000.0,22.0
2.0,1875.0,2643.0,1.0,B3,1486250.0,125.0
2.0,1579.0,2598.0,1.0,B1,1380000.0,125.0
2.0,1958.0,1840.0,1.0,B1,850000.0,32.0
2.0,2083.0,1916.0,1.0,B1,1220000.0,31.0
2.0,2083.0,1916.0,1.0,B1,999000.0,31.0
2.0,1667.0,2281.0,1.0,B2,750000.0,108.0
2.0,1725.0,2070.0,1.0,B3,999000.0,125.0
2.0,1790.0,1928.0,1.0,B1,10.0,31.0
2.0,1667.0,3000.0,1.0,B9,1500000.0,93.0
2.0,2067.0,2001.0,1.0,B3,2060000.0,125.0
2.0,1783.0,2247.0,1.0,B3,840000.0,125.0
2.0,1650.0,2972.0,1.0,B3,980000.0,109.0
2.0,1800.0,2160.0,1.0,B3,1565000.0,125.0
2.0,2000.0,2200.0,1.0,B3,961315.0,125.0
2.0,1667.0,2800.0,1.0,B3,2300000.0,125.0
2.0,2000.0,1680.0,1.0,B1,999000.0,34.0
2.0,2000.0,1680.0,1.0,B1,10.0,34.0
2.0,1760.0,2400.0,1.0,B3,915000.0,125.0
2.0,2000.0,2520.0,1.0,B3,900000.0,125.0
2.0,1675.0,1608.0,1.0,B3,900000.0,125.0
2.0,2000.0,3360.0,1.0,B3,1460000.0,125.0
2.0,1800.0,2280.0,1.0,B3,250000.0,125.0
2.0,2000.0,2520.0,1.0,B3,285000.0,125.0
2.0,2000.0,2520.0,1.0,B3,2350000.0,125.0
2.0,2000.0,1900.0,1.0,B3,1900000.0,125.0
2.0,2000.0,2880.0,1.0,B1,1300000.0,29.0
2.0,1667.0,2001.0,1.0,B3,1030000.0,125.0
2.0,1900.0,3040.0,1.0,B3,1270000.0,125.0
2.0,1917.0,2301.0,1.0,B3,1210000.0,125.0
2.0,1667.0,1500.0,1.0,B3,1550000.0,125.0
2.0,2454.0,2666.0,1.0,B1,1250000.0,114.0
2.0,1875.0,2250.0,1.0,B3,2260000.0,125.0
2.0,1500.0,2160.0,1.0,B3,999000.0,125.0
2.0,1900.0,3040.0,1.0,B3,1455000.0,119.0
2.0,2000.0,2400.0,1.0,B3,1852500.0,119.0
2.0,2000.0,3360.0,1.0,B3,1270000.0,123.0
2.0,2000.0,2520.0,1.0,B3,2450000.0,123.0
2.0,1800.0,3024.0,1.0,B3,1600000.0,125.0
2.0,1867.0,2241.0,1.0,B3,1525000.0,125.0
2.0,1750.0,2205.0,1.0,B3,1.0,125.0
2.0,1875.0,2364.0,1.0,B3,1100000.0,125.0
2.0,1992.0,1594.0,1.0,B3,825000.0,125.0
2.0,1440.0,1944.0,1.0,B3,1730000.0,125.0
2.0,1425.0,1368.0,1.0,B3,1555000.0,125.0
2.0,2000.0,2520.0,1.0,B3,2590000.0,123.0
2.0,1900.0,2394.0,1.0,B3,1335000.0,123.0
2.0,2000.0,3600.0,1.0,B1,2700000.0,123.0
2.0,2000.0,1600.0,1.0,B3,85000.0,125.0
2.0,2000.0,1600.0,1.0,B3,1250000.0,125.0
2.0,2000.0,2400.0,1.0,B3,1250000.0,125.0
2.0,1875.0,2250.0,1.0,B3,1650000.0,123.0
2.0,2000.0,3456.0,1.0,B3,1625000.0,125.0
2.0,1900.0,3920.0,1.0,B1,3300000.0,125.0
2.0,1900.0,2788.0,1.0,B3,1850000.0,125.0
2.0,2000.0,2648.0,1.0,B3,2475000.0,125.0
2.0,1800.0,2490.0,1.0,B3,1240000.0,125.0
2.0,1800.0,1872.0,1.0,B1,950000.0,20.0
2.0,1641.0,3002.0,1.0,B3,26250.0,125.0
2.0,1783.0,2058.0,1.0,B3,1300000.0,125.0
2.0,1500.0,1800.0,1.0,B3,855000.0,125.0
2.0,1750.0,2182.0,1.0,B3,990000.0,125.0
2.0,1406.0,2185.0,1.0,B3,1395000.0,125.0
2.0,1667.0,2376.0,1.0,B3,2050000.0,125.0
2.0,1800.0,2490.0,1.0,B1,1185000.0,125.0
2.0,1800.0,2430.0,1.0,B3,1250000.0,125.0
2.0,1800.0,2364.0,1.0,B3,2460000.0,125.0
2.0,1600.0,2520.0,1.0,B3,1650000.0,125.0
2.0,1950.0,2474.0,1.0,B3,1580000.0,125.0
2.0,1867.0,2328.0,1.0,B3,2300000.0,123.0
2.0,1867.0,2328.0,1.0,B3,1257539.0,123.0
2.0,2000.0,3144.0,1.0,B3,1000.0,114.0
2.0,2000.0,2880.0,1.0,B3,30000.0,114.0
2.0,2000.0,2880.0,1.0,B3,50000.0,114.0
2.0,1800.0,2342.0,1.0,B1,1975000.0,125.0
2.0,2000.0,2584.0,1.0,B3,1999000.0,125.0
2.0,1407.0,2358.0,1.0,B3,1990000.0,125.0
2.0,2000.0,1840.0,1.0,B2,1670000.0,125.0
2.0,1483.0,1938.0,1.0,B3,10.0,125.0
2.0,2000.0,2304.0,1.0,B3,10.0,125.0
2.0,1592.0,2121.0,1.0,B3,1540000.0,125.0
2.0,1875.0,2472.0,1.0,B3,1350000.0,125.0
2.0,1476.0,2084.0,1.0,B3,1300000.0,125.0
2.0,2000.0,2762.0,1.0,B3,1000.0,123.0
2.0,1900.0,2784.0,1.0,B3,850001.0,125.0
2.0,2000.0,2496.0,1.0,B1,925000.0,125.0
2.0,1892.0,2494.0,1.0,B3,2385000.0,125.0
2.0,1512.0,1890.0,1.0,B3,1365000.0,123.0
2.0,2037.0,1344.0,1.0,B3,670000.0,123.0
2.0,3330.0,2324.0,1.0,B3,1236406.0,125.0
2.0,1577.0,1680.0,1.0,B3,1200000.0,123.0
2.0,864.0,2124.0,1.0,B3,575000.0,123.0
2.0,1760.0,3145.0,1.0,B1,1100000.0,19.0
2.0,1983.0,1944.0,1.0,B9,2400000.0,31.0
2.0,2067.0,1944.0,1.0,B9,1999000.0,30.0
2.0,2280.0,2794.0,1.0,B1,1545000.0,32.0
2.0,1983.0,1944.0,1.0,B1,2300000.0,29.0
2.0,1983.0,1944.0,1.0,B9,1700000.0,31.0
2.0,1875.0,2139.0,1.0,B3,950000.0,114.0
2.0,2000.0,2760.0,1.0,B3,1950000.0,123.0
2.0,2000.0,3200.0,1.0,B3,10.0,119.0
2.0,1735.0,2160.0,1.0,B1,1750000.0,125.0
2.0,2058.0,3048.0,1.0,B9,2100000.0,123.0
2.0,770.0,1470.0,1.0,B2,1250000.0,114.0
2.0,950.0,2223.0,1.0,B1,1800000.0,18.0
2.0,2000.0,2520.0,1.0,B1,1950000.0,114.0
2.0,1733.0,2079.0,1.0,B1,1.0,114.0
2.0,1500.0,3200.0,1.0,B3,2325000.0,114.0
2.0,1700.0,2040.0,1.0,B1,9524.0,114.0
2.0,1700.0,2040.0,1.0,B1,170929.0,114.0
2.0,2000.0,3460.0,1.0,B3,1350000.0,114.0
2.0,2670.0,1980.0,1.0,B1,2999900.0,33.0
2.0,1875.0,2250.0,1.0,B3,850000.0,114.0
2.0,1908.0,2280.0,1.0,B3,650000.0,104.0
2.0,4000.0,2970.0,1.0,B1,2850000.0,125.0
2.0,1600.0,2700.0,1.0,B9,1217100.0,20.0
2.0,2500.0,2205.0,1.0,B2,1110000.0,125.0
2.0,1600.0,2700.0,1.0,B2,750000.0,20.0
2.0,1600.0,2700.0,1.0,B2,1400000.0,20.0
2.0,1875.0,2250.0,1.0,B3,2200000.0,125.0
2.0,1875.0,2250.0,1.0,B3,489250.0,125.0
2.0,2500.0,3520.0,1.0,B2,600000.0,125.0
2.0,1575.0,1986.0,1.0,B1,1600000.0,125.0
2.0,1433.0,1719.0,1.0,B3,1500000.0,125.0
2.0,2000.0,3360.0,1.0,B3,2700000.0,123.0
2.0,2000.0,2700.0,1.0,B3,304200.0,125.0
2.0,2000.0,2700.0,1.0,B3,2075000.0,125.0
2.0,2000.0,2700.0,1.0,B3,200000.0,125.0
2.0,1875.0,3000.0,1.0,B9,2825000.0,125.0
2.0,1805.0,2268.0,1.0,B3,800000.0,123.0
2.0,1667.0,2100.0,1.0,B3,2225000.0,94.0
2.0,1667.0,2652.0,1.0,B1,1950000.0,17.0
2.0,1733.0,2598.0,1.0,B3,999999.0,125.0
2.0,2000.0,2400.0,1.0,B3,1050000.0,125.0
2.0,1600.0,1440.0,1.0,B3,650000.0,125.0
2.0,1512.0,3004.0,1.0,B3,2425000.0,125.0
2.0,1875.0,2364.0,1.0,B3,1346000.0,123.0
2.0,2000.0,2280.0,1.0,B3,1419950.0,125.0
2.0,2000.0,2400.0,1.0,B3,1.0,125.0
2.0,1875.0,2475.0,1.0,B3,2650000.0,125.0
2.0,1875.0,2475.0,1.0,B3,1370000.0,125.0
2.0,1900.0,3040.0,1.0,B3,10.0,125.0
2.0,1360.0,2520.0,1.0,B3,1575000.0,125.0
2.0,1360.0,2520.0,1.0,B3,2600000.0,125.0
2.0,1775.0,2130.0,1.0,B1,2150000.0,74.0
2.0,2200.0,3520.0,1.0,B1,1500000.0,125.0
2.0,2000.0,2400.0,1.0,B1,2723000.0,109.0
2.0,2000.0,2400.0,1.0,B3,1265000.0,114.0
2.0,1667.0,2001.0,1.0,B3,2475000.0,114.0
2.0,1700.0,2040.0,1.0,B1,1900000.0,114.0
2.0,2000.0,3200.0,1.0,B3,1385000.0,114.0
2.0,1917.0,3599.0,1.0,B3,3390000.0,124.0
2.0,1558.0,2765.0,1.0,B3,6000.0,125.0
2.0,1833.0,3300.0,1.0,B3,3250000.0,125.0
2.0,1427.0,3208.0,1.0,B3,2650000.0,123.0
2.0,2000.0,3652.0,1.0,B1,3250000.0,4.0
2.0,1800.0,3240.0,1.0,B3,1100000.0,109.0
2.0,2000.0,4440.0,1.0,B3,2650000.0,125.0
2.0,2000.0,4440.0,1.0,B3,1400000.0,125.0
2.0,2000.0,3600.0,1.0,B3,2240150.0,125.0
2.0,2000.0,2520.0,1.0,B9,1312500.0,125.0
2.0,1800.0,3024.0,1.0,B3,1150000.0,119.0
2.0,2000.0,3760.0,1.0,B3,1570000.0,123.0
2.0,1800.0,3024.0,1.0,B3,2950000.0,123.0
2.0,1750.0,3198.0,1.0,B3,1750000.0,123.0
2.0,1547.0,2626.0,1.0,B3,1280000.0,125.0
2.0,1600.0,2560.0,1.0,B3,10.0,125.0
2.0,2000.0,2280.0,1.0,B3,1310000.0,114.0
2.0,1767.0,4050.0,1.0,B1,2100000.0,93.0
2.0,1667.0,2968.0,1.0,B1,2550000.0,125.0
2.0,1377.0,3600.0,1.0,B1,1875000.0,125.0
2.0,1200.0,2040.0,1.0,B3,470000.0,123.0
2.0,1800.0,2268.0,1.0,B1,1125000.0,123.0
2.0,1550.0,2604.0,1.0,B3,1375000.0,123.0
2.0,1401.0,2169.0,1.0,B1,990000.0,125.0
2.0,1240.0,1920.0,1.0,B3,1200000.0,125.0
2.0,1385.0,1785.0,1.0,B3,2200000.0,123.0
2.0,1800.0,2040.0,1.0,B1,2025000.0,114.0
2.0,1933.0,2093.0,1.0,B3,483526.0,123.0
2.0,1933.0,2093.0,1.0,B3,2600000.0,123.0
2.0,1190.0,1830.0,1.0,B3,1300000.0,125.0
2.0,1800.0,2288.0,1.0,B3,1900000.0,125.0
2.0,1324.0,2604.0,1.0,B1,860421.0,14.0
2.0,1324.0,2604.0,1.0,B1,1025000.0,14.0
2.0,1509.0,2916.0,1.0,B3,10.0,125.0
2.0,1800.0,2340.0,1.0,B9,1340000.0,125.0
2.0,1770.0,1995.0,1.0,B9,1340000.0,125.0
2.0,1627.0,2828.0,1.0,B3,1950000.0,125.0
2.0,1400.0,3240.0,1.0,B3,3250000.0,125.0
2.0,2500.0,2310.0,1.0,B2,1800000.0,93.0
2.0,1875.0,1890.0,1.0,B3,1999500.0,125.0
2.0,2000.0,3570.0,1.0,B3,3200000.0,119.0
2.0,1250.0,2880.0,1.0,B3,2712500.0,123.0
2.0,1667.0,2501.0,1.0,B9,3027500.0,119.0
2.0,1333.0,2432.0,1.0,B3,1555000.0,123.0
3.0,1600.0,4000.0,1.0,C0,1999000.0,125.0
3.0,2200.0,2310.0,1.0,C0,1632000.0,123.0
3.0,1875.0,1968.0,1.0,C0,999000.0,125.0
3.0,2000.0,2700.0,1.0,C0,1525000.0,125.0
3.0,1850.0,2331.0,1.0,C0,1236000.0,125.0
3.0,2500.0,4275.0,1.0,C0,10.0,125.0
3.0,2500.0,4275.0,1.0,C0,500.0,125.0
3.0,1942.0,2622.0,1.0,C0,133362.0,125.0
3.0,1650.0,2972.0,1.0,C0,1400000.0,125.0
3.0,1472.0,2430.0,1.0,C0,999000.0,125.0
3.0,1900.0,2850.0,1.0,C0,1020000.0,125.0
3.0,1925.0,3464.0,1.0,C0,1860000.0,125.0
3.0,1950.0,4130.0,1.0,C0,900000.0,19.0
3.0,1500.0,3600.0,1.0,C0,1221900.0,125.0
3.0,4070.0,3760.0,1.0,C0,1650000.0,125.0
3.0,1900.0,3040.0,1.0,C0,1410000.0,125.0
3.0,1917.0,3068.0,1.0,C0,2220000.0,114.0
3.0,2000.0,3200.0,1.0,C0,1500000.0,119.0
3.0,2000.0,3360.0,1.0,C0,2995000.0,125.0
3.0,2000.0,3776.0,1.0,C0,1700000.0,93.0
3.0,1858.0,3344.0,1.0,C0,1280000.0,119.0
3.0,1858.0,3344.0,1.0,C0,2800000.0,119.0
3.0,1900.0,3520.0,1.0,C0,1700000.0,114.0
3.0,2000.0,3048.0,1.0,C0,2650000.0,125.0
3.0,1950.0,2640.0,1.0,C0,1580000.0,125.0
3.0,1917.0,3168.0,1.0,C0,700000.0,18.0
3.0,1400.0,2100.0,1.0,C0,1400000.0,125.0
3.0,1917.0,2661.0,1.0,C0,1300000.0,125.0
3.0,2000.0,2832.0,1.0,C0,1400000.0,114.0
3.0,2000.0,3144.0,1.0,C0,775000.0,114.0
3.0,1850.0,2931.0,1.0,C0,2261000.0,125.0
3.0,1800.0,2716.0,1.0,C0,1249458.0,125.0
3.0,2000.0,4800.0,1.0,C0,2255000.0,114.0
3.0,2500.0,1600.0,1.0,C0,820000.0,123.0
3.0,1700.0,2100.0,1.0,C0,1900000.0,125.0
3.0,1767.0,2713.0,1.0,C0,1017378.0,125.0
3.0,1875.0,3282.0,1.0,C0,1340000.0,125.0
3.0,2000.0,5716.0,1.0,C0,1000.0,125.0
3.0,1967.0,2733.0,1.0,C0,1473400.0,125.0
3.0,2019.0,4230.0,1.0,C0,995000.0,19.0
3.0,2125.0,3750.0,1.0,C0,1500000.0,93.0
3.0,2075.0,3240.0,1.0,C0,1850000.0,19.0
3.0,1925.0,3003.0,1.0,C0,1330000.0,20.0
3.0,2000.0,2400.0,1.0,C0,2650000.0,125.0
3.0,2000.0,3360.0,1.0,C0,10.0,123.0
3.0,2000.0,3360.0,1.0,C0,2200000.0,125.0
3.0,1767.0,1752.0,1.0,C0,1999000.0,123.0
3.0,1950.0,3120.0,1.0,C0,1825000.0,125.0
3.0,1500.0,2100.0,1.0,C0,1937730.0,93.0
3.0,1800.0,2268.0,1.0,C0,2360000.0,125.0
3.0,1867.0,2988.0,1.0,C0,900000.0,99.0
3.0,2900.0,3528.0,1.0,C0,2835000.0,20.0
2.0,1250.0,2752.0,1.0,C0,2100000.0,114.0
3.0,1583.0,1995.0,1.0,C0,1505000.0,114.0
3.0,1568.0,3332.0,1.0,C0,1950000.0,114.0
3.0,2565.0,3925.0,1.0,C0,1262630.0,19.0
3.0,2000.0,3225.0,1.0,C0,2100000.0,19.0
3.0,1623.0,2700.0,1.0,C0,1050000.0,24.0
3.0,1875.0,2139.0,1.0,C0,1500000.0,125.0
3.0,2050.0,4304.0,1.0,C0,2125000.0,19.0
3.0,2300.0,2068.0,1.0,C0,2315000.0,125.0
3.0,1875.0,2574.0,1.0,C0,1400000.0,18.0
3.0,1875.0,3000.0,1.0,C0,10000.0,125.0
3.0,1900.0,3192.0,1.0,C0,1489548.0,125.0
3.0,2000.0,3600.0,1.0,C0,10.0,125.0
3.0,1512.0,3004.0,1.0,C0,1000.0,125.0
3.0,1512.0,3004.0,1.0,C0,1220000.0,125.0
3.0,1188.0,2957.0,1.0,C0,970000.0,18.0
3.0,1875.0,3152.0,1.0,C0,2075000.0,119.0
3.0,1667.0,2001.0,1.0,C0,1160000.0,125.0
3.0,2000.0,3600.0,1.0,C0,400000.0,125.0
3.0,1667.0,2048.0,1.0,C0,1250000.0,20.0
3.0,1786.0,1938.0,1.0,C0,2500000.0,104.0
3.0,2500.0,3652.0,1.0,C0,950000.0,18.0
3.0,2000.0,3200.0,1.0,C0,1272813.0,79.0
3.0,2000.0,3360.0,1.0,C0,3150000.0,114.0
3.0,2000.0,3480.0,1.0,C0,1527375.0,114.0
3.0,1711.0,4456.0,1.0,C0,850000.0,114.0
3.0,2200.0,4840.0,1.0,C0,1955250.0,20.0
3.0,2008.0,2712.0,1.0,C0,10.0,125.0
3.0,1400.0,3148.0,1.0,C0,900000.0,123.0
3.0,2000.0,3600.0,1.0,C0,1000000.0,125.0
3.0,2500.0,3225.0,1.0,C0,1680000.0,20.0
3.0,2000.0,3600.0,1.0,C0,1480000.0,109.0
3.0,2000.0,3600.0,1.0,C0,1535249.0,125.0
3.0,1767.0,3180.0,1.0,C0,2205000.0,119.0
3.0,2120.0,3600.0,1.0,C0,2385000.0,125.0
3.0,1320.0,2720.0,1.0,C0,1400000.0,123.0
3.0,2000.0,3360.0,1.0,C0,2500000.0,125.0
3.0,2000.0,2280.0,1.0,C0,2875000.0,114.0
3.0,1900.0,3420.0,1.0,C0,1500000.0,93.0
3.0,1680.0,3696.0,1.0,C0,2972000.0,125.0
3.0,1600.0,3600.0,1.0,C0,2000.0,125.0
3.0,1600.0,3600.0,1.0,C0,4000.0,125.0
3.0,2000.0,3600.0,1.0,C0,1500000.0,125.0
3.0,2400.0,4000.0,1.0,C0,2200000.0,125.0
3.0,1667.0,2800.0,1.0,C0,1300000.0,125.0
3.0,2000.0,3180.0,1.0,C0,675000.0,19.0
3.0,2083.0,2500.0,1.0,C0,2800000.0,123.0
3.0,2450.0,2787.0,1.0,C0,3050000.0,123.0
3.0,2070.0,2344.0,1.0,C0,3450000.0,123.0
3.0,1000.0,2442.0,1.0,C0,1800000.0,16.0
3.0,1000.0,2442.0,1.0,C0,1800000.0,16.0
3.0,1000.0,2442.0,1.0,C0,1800000.0,16.0
3.0,1000.0,2442.0,1.0,C0,1550000.0,16.0
3.0,1000.0,2442.0,1.0,C0,1550000.0,16.0
3.0,1875.0,1800.0,1.0,C0,2250000.0,119.0
3.0,1700.0,2656.0,1.0,C0,2050000.0,123.0
3.0,1520.0,3200.0,1.0,C0,2287000.0,123.0
3.0,1875.0,2520.0,1.0,C0,2637500.0,125.0
3.0,2160.0,3600.0,1.0,C0,2142000.0,125.0
3.0,2117.0,3225.0,1.0,C0,1785104.0,20.0
3.0,1700.0,3744.0,1.0,C0,1855000.0,15.0
3.0,1600.0,3600.0,1.0,C0,3600000.0,129.0
3.0,2200.0,3296.0,1.0,C0,1999000.0,125.0
3.0,2100.0,3480.0,1.0,C0,1999999.0,125.0
3.0,2000.0,4816.0,1.0,C0,600000.0,125.0
16.0,6505.0,14615.0,2.0,C1,6200000.0,17.0
12.0,3000.0,9500.0,2.0,C1,1000.0,93.0
6.0,2614.0,6183.0,2.0,C2,1000.0,93.0
5.0,1950.0,3869.0,2.0,C2,2250000.0,93.0
4.0,1875.0,2700.0,2.0,C3,1970000.0,93.0
5.0,1800.0,3600.0,2.0,C2,3500000.0,125.0
5.0,1800.0,3600.0,2.0,C2,3500000.0,125.0
2.0,1900.0,3420.0,2.0,C2,2735000.0,93.0
4.0,1700.0,2142.0,2.0,C3,399999.0,93.0
8.0,1650.0,5280.0,2.0,C1,4600000.0,93.0
4.0,2500.0,2520.0,2.0,C3,1250000.0,93.0
32.0,12000.0,38000.0,2.0,C1,3563259.0,93.0
6.0,1925.0,2599.0,2.0,C2,1015000.0,93.0
8.0,3000.0,8800.0,2.0,C1,2100000.0,93.0
5.0,2000.0,2520.0,2.0,C2,1200000.0,93.0
4.0,1900.0,2565.0,2.0,C3,1050000.0,93.0
8.0,2500.0,7907.0,2.0,C1,3325000.0,9.0
4.0,2000.0,3982.0,2.0,C3,1700000.0,125.0
7.0,1667.0,1383.0,2.0,C5,975000.0,93.0
4.0,1950.0,3120.0,2.0,C3,1430000.0,93.0
16.0,2600.0,8320.0,2.0,C1,3300000.0,114.0
5.0,1667.0,2501.0,2.0,C2,1100000.0,114.0
4.0,2000.0,4082.0,2.0,C3,2000000.0,125.0
4.0,2000.0,2700.0,2.0,C3,1650000.0,114.0
4.0,2000.0,3600.0,2.0,C3,2590000.0,114.0
4.0,2050.0,6300.0,2.0,C3,3800000.0,114.0
6.0,2500.0,3750.0,2.0,C2,2700000.0,93.0
4.0,1875.0,4900.0,2.0,C3,2600000.0,93.0
4.0,2000.0,1880.0,2.0,C3,2780000.0,93.0
8.0,2500.0,6000.0,2.0,C7,3550000.0,93.0
8.0,2500.0,6000.0,2.0,C7,3500000.0,93.0
4.0,2000.0,2700.0,2.0,C3,2800000.0,93.0
4.0,1710.0,3024.0,2.0,C3,2500000.0,125.0
4.0,1900.0,2520.0,2.0,C3,2400000.0,93.0
4.0,1320.0,1992.0,2.0,C3,1000.0,93.0
6.0,2338.0,5796.0,2.0,C2,1000.0,93.0
5.0,2500.0,6600.0,2.0,C2,1050000.0,18.0
4.0,2000.0,5200.0,2.0,C3,2275000.0,93.0
4.0,1700.0,1904.0,2.0,C3,1361707.0,93.0
20.0,5000.0,17600.0,2.0,C1,3500000.0,93.0
4.0,2000.0,2520.0,2.0,C3,990150.0,93.0
4.0,2000.0,2520.0,2.0,C3,1500000.0,93.0
6.0,1667.0,2750.0,2.0,C2,875000.0,93.0
8.0,3750.0,10360.0,2.0,C1,1800000.0,93.0
8.0,2200.0,6600.0,2.0,C1,1000000.0,93.0
7.0,2500.0,6500.0,2.0,C1,1075000.0,114.0
7.0,1600.0,4870.0,2.0,C1,1000.0,125.0
7.0,1600.0,4870.0,2.0,C1,3125000.0,125.0
4.0,2500.0,2052.0,2.0,C3,2800000.0,93.0
7.0,1700.0,5280.0,2.0,C1,2425000.0,11.0
4.0,1925.0,2830.0,2.0,C3,1424500.0,114.0
4.0,1925.0,2425.0,2.0,C3,1425000.0,93.0
8.0,2000.0,5794.0,2.0,C1,496000.0,114.0
9.0,2650.0,5160.0,2.0,C1,1000.0,124.0
9.0,2650.0,5160.0,2.0,C1,977500.0,124.0
4.0,1273.0,1307.0,2.0,C3,10.0,93.0
8.0,2000.0,4400.0,2.0,C1,800000.0,114.0
4.0,1750.0,1838.0,2.0,C3,1300000.0,124.0
4.0,1539.0,3800.0,2.0,C3,1467000.0,124.0
4.0,1800.0,3240.0,2.0,C3,2050000.0,125.0
6.0,2000.0,3040.0,2.0,C2,1400000.0,125.0
4.0,1667.0,3201.0,2.0,C3,1000.0,114.0
4.0,2000.0,3360.0,2.0,C3,1938880.0,119.0
6.0,5635.0,5980.0,2.0,C2,10.0,119.0
8.0,2038.0,8495.0,2.0,C1,2850000.0,119.0
4.0,1871.0,4400.0,2.0,C3,1650000.0,94.0
6.0,2000.0,2400.0,2.0,C2,1700000.0,94.0
8.0,4000.0,11200.0,2.0,C1,3000000.0,94.0
5.0,2556.0,2700.0,2.0,C2,1405000.0,94.0
1.0,1440.0,1777.0,1.0,A5,1050000.0,84.0
1.0,2000.0,2445.0,1.0,A5,1513000.0,104.0
1.0,2070.0,1600.0,1.0,A5,830000.0,109.0
1.0,2300.0,1444.0,1.0,A5,1300000.0,99.0
1.0,2400.0,1592.0,1.0,A5,800000.0,94.0
1.0,2400.0,1440.0,1.0,A5,1180000.0,94.0
1.0,3500.0,2088.0,1.0,A9,1300000.0,104.0
1.0,3500.0,2413.0,1.0,A1,1330000.0,99.0
1.0,1758.0,1054.0,1.0,A9,845000.0,89.0
1.0,1750.0,1188.0,1.0,A5,920000.0,114.0
1.0,2000.0,1264.0,1.0,A5,1050000.0,94.0
1.0,2000.0,1264.0,1.0,A5,1140000.0,94.0
1.0,2000.0,1328.0,1.0,A9,730000.0,99.0
1.0,1600.0,1122.0,1.0,A9,770000.0,99.0
1.0,1600.0,1122.0,1.0,A9,790000.0,99.0
1.0,1600.0,1122.0,1.0,A9,815000.0,99.0
1.0,4000.0,1404.0,1.0,A1,1250000.0,94.0
1.0,2667.0,1545.0,1.0,A1,1100000.0,94.0
1.0,1500.0,1026.0,1.0,A9,823500.0,114.0
1.0,1500.0,986.0,1.0,A5,720000.0,114.0
1.0,1800.0,1344.0,1.0,A5,990000.0,99.0
1.0,2000.0,1440.0,1.0,A5,1280000.0,104.0
1.0,2000.0,1400.0,1.0,A5,1080000.0,94.0
1.0,2500.0,1644.0,1.0,A9,998000.0,104.0
1.0,2500.0,1644.0,1.0,A9,988000.0,104.0
1.0,2517.0,1518.0,1.0,A1,1500000.0,104.0
1.0,2500.0,1650.0,1.0,A9,1200000.0,99.0
1.0,1683.0,1312.0,1.0,A5,996000.0,99.0
1.0,2500.0,1404.0,1.0,A1,1183000.0,99.0
1.0,2025.0,1696.0,1.0,A5,1100000.0,104.0
1.0,3000.0,1760.0,1.0,A1,1405000.0,99.0
1.0,6000.0,2468.0,1.0,A1,1300000.0,109.0
1.0,2942.0,1764.0,1.0,A1,1370000.0,104.0
1.0,2667.0,1260.0,1.0,A1,1100000.0,104.0
1.0,1817.0,1600.0,1.0,A9,900000.0,119.0
1.0,3000.0,1890.0,1.0,A1,1270000.0,99.0
1.0,2030.0,1776.0,1.0,A1,1250000.0,104.0
2.0,1800.0,1732.0,1.0,B3,1100000.0,84.0
2.0,2000.0,1740.0,1.0,B3,1495000.0,99.0
2.0,2000.0,1528.0,1.0,B3,1098000.0,99.0
2.0,2500.0,2640.0,1.0,B1,1980000.0,94.0
2.0,2500.0,2640.0,1.0,B1,1730000.0,94.0
2.0,1700.0,1870.0,1.0,B2,990000.0,99.0
2.0,1700.0,1508.0,1.0,B3,1180000.0,99.0
2.0,2500.0,2440.0,1.0,B1,1650000.0,104.0
2.0,2300.0,1580.0,1.0,B3,269000.0,109.0
2.0,2300.0,1580.0,1.0,B3,52000.0,109.0
2.0,1800.0,1732.0,1.0,B3,1340000.0,74.0
2.0,3000.0,2480.0,1.0,B2,1810000.0,94.0
2.0,2500.0,2320.0,1.0,B1,1680800.0,99.0
2.0,2500.0,1792.0,1.0,B1,1470000.0,99.0
2.0,2333.0,2098.0,1.0,B2,1300000.0,99.0
2.0,2400.0,1646.0,1.0,B3,1288000.0,94.0
2.0,2400.0,1516.0,1.0,B3,1280000.0,94.0
2.0,2000.0,2560.0,1.0,B1,298535.0,114.0
2.0,3000.0,1584.0,1.0,B3,1380000.0,104.0
2.0,4000.0,1850.0,1.0,B3,1600000.0,104.0
2.0,2500.0,2370.0,1.0,B9,1580000.0,104.0
2.0,1467.0,1596.0,1.0,B2,1180000.0,104.0
2.0,4000.0,2415.0,1.0,B2,1380000.0,104.0
2.0,2000.0,3540.0,1.0,B1,1200000.0,94.0
2.0,1950.0,2842.0,1.0,B1,1610000.0,69.0
2.0,1600.0,1936.0,1.0,B9,980000.0,104.0
2.0,2600.0,2480.0,1.0,B1,1398000.0,94.0
2.0,2750.0,4290.0,1.0,B1,1790000.0,94.0
2.0,2500.0,2480.0,1.0,B2,1800000.0,94.0
2.0,2400.0,2400.0,1.0,B1,1700000.0,94.0
2.0,2650.0,2480.0,1.0,B1,1550000.0,94.0
2.0,2425.0,2480.0,1.0,B1,1730000.0,94.0
2.0,2150.0,1764.0,1.0,B2,1300000.0,99.0
2.0,3300.0,3000.0,1.0,B2,1400000.0,74.0
2.0,3400.0,2024.0,1.0,B1,900000.0,94.0
2.0,1600.0,1122.0,1.0,B3,690000.0,99.0
2.0,1967.0,1888.0,1.0,B1,1300000.0,94.0
2.0,2500.0,2480.0,1.0,B2,1730000.0,99.0
2.0,4000.0,1616.0,1.0,B3,1720000.0,99.0
2.0,2500.0,2440.0,1.0,B1,1799000.0,94.0
2.0,2000.0,2048.0,1.0,B2,1.0,114.0
2.0,2000.0,3072.0,1.0,B1,1080000.0,123.0
2.0,2425.0,2492.0,1.0,B1,1200000.0,94.0
2.0,2800.0,2152.0,1.0,B2,1450000.0,94.0
2.0,4000.0,2282.0,1.0,B2,1590000.0,109.0
2.0,1800.0,1476.0,1.0,B2,1190000.0,99.0
2.0,1800.0,1416.0,1.0,B3,1215000.0,99.0
2.0,2000.0,3372.0,1.0,B1,1470000.0,99.0
2.0,2500.0,2184.0,1.0,B1,1820000.0,99.0
2.0,2500.0,1392.0,1.0,B1,50000.0,89.0
2.0,1992.0,1608.0,1.0,B3,600000.0,99.0
2.0,3060.0,1620.0,1.0,B2,1200000.0,94.0
2.0,1600.0,2000.0,1.0,B3,1060000.0,94.0
2.0,2617.0,2404.0,1.0,B1,1725000.0,104.0
2.0,2000.0,2144.0,1.0,B2,1230000.0,104.0
2.0,2500.0,1494.0,1.0,B2,990000.0,104.0
2.0,2300.0,2480.0,1.0,B1,995000.0,99.0
2.0,2475.0,2800.0,1.0,B2,1705000.0,104.0
2.0,3800.0,2152.0,1.0,B1,1600000.0,64.0
2.0,1667.0,1216.0,1.0,B1,839000.0,104.0
2.0,2500.0,2520.0,1.0,B2,1670000.0,104.0
2.0,3333.0,2588.0,1.0,B3,998888.0,125.0
2.0,2000.0,1548.0,1.0,B2,1200000.0,104.0
2.0,2000.0,1536.0,1.0,B2,995000.0,104.0
2.0,2431.0,2480.0,1.0,B2,470000.0,99.0
2.0,2400.0,1586.0,1.0,B3,960000.0,99.0
2.0,3058.0,2600.0,1.0,B1,1550000.0,99.0
2.0,3250.0,2200.0,1.0,B2,1320000.0,99.0
2.0,3000.0,2200.0,1.0,B2,1460000.0,104.0
2.0,2642.0,1836.0,1.0,B3,1333000.0,94.0
2.0,2000.0,2240.0,1.0,B1,950000.0,94.0
2.0,2000.0,2670.0,1.0,B3,1145000.0,94.0
2.0,3000.0,3230.0,1.0,B2,1890000.0,104.0
2.0,1983.0,2204.0,1.0,B9,1440000.0,74.0
2.0,1900.0,1938.0,1.0,B3,1285000.0,74.0
2.0,1900.0,1938.0,1.0,B3,1200000.0,74.0
2.0,2000.0,2371.0,1.0,B3,1300000.0,99.0
2.0,2000.0,1800.0,1.0,B3,995000.0,125.0
2.0,1975.0,2018.0,1.0,B1,1200000.0,64.0
2.0,2383.0,1960.0,1.0,B2,1450000.0,94.0
2.0,1980.0,1872.0,1.0,B3,1185000.0,69.0
2.0,1950.0,1824.0,1.0,B1,1199998.0,69.0
2.0,3000.0,2556.0,1.0,B2,1950000.0,94.0
2.0,3000.0,2420.0,1.0,B2,1635000.0,104.0
2.0,1900.0,2090.0,1.0,B1,1350000.0,125.0
2.0,2750.0,2406.0,1.0,B3,1598000.0,104.0
2.0,3000.0,1812.0,1.0,B3,980000.0,114.0
2.0,3000.0,1680.0,1.0,B3,1360000.0,94.0
2.0,4000.0,1800.0,1.0,B2,1980000.0,89.0
3.0,2475.0,2240.0,1.0,C0,1400000.0,94.0
3.0,2742.0,2400.0,1.0,C0,1450000.0,99.0
3.0,2000.0,2980.0,1.0,C0,1560000.0,64.0
3.0,3600.0,2778.0,1.0,C0,2200000.0,104.0
3.0,2000.0,3628.0,1.0,C0,2020000.0,94.0
3.0,2500.0,2640.0,1.0,C0,1850000.0,84.0
3.0,4000.0,2560.0,1.0,C0,1730000.0,94.0
3.0,2400.0,2560.0,1.0,C0,685422.0,94.0
3.0,2000.0,3090.0,1.0,C0,950000.0,99.0
3.0,1800.0,3300.0,1.0,C0,1630000.0,104.0
3.0,3367.0,2800.0,1.0,C0,1900000.0,104.0
3.0,2400.0,2640.0,1.0,C0,1650000.0,99.0
3.0,2617.0,2640.0,1.0,C0,1600000.0,104.0
3.0,2000.0,2520.0,1.0,C0,990000.0,109.0
3.0,2017.0,3372.0,1.0,C0,1725000.0,109.0
3.0,2467.0,2196.0,1.0,C0,1450000.0,89.0
3.0,2483.0,2016.0,1.0,C0,1600000.0,94.0
3.0,2483.0,2016.0,1.0,C0,1500000.0,94.0
3.0,3000.0,3327.0,1.0,C0,288334.0,54.0
3.0,4000.0,3828.0,1.0,C0,1688000.0,109.0
3.0,3000.0,1252.0,1.0,C0,1750000.0,109.0
3.0,1060.0,1200.0,1.0,C0,1100000.0,89.0
3.0,3000.0,3055.0,1.0,C0,1820000.0,49.0
3.0,3000.0,3327.0,1.0,C0,1500500.0,54.0
3.0,2383.0,1960.0,1.0,C0,22104.0,94.0
3.0,3333.0,3410.0,1.0,C0,1600000.0,94.0
3.0,1817.0,1404.0,1.0,C0,1150000.0,119.0
3.0,2000.0,2096.0,1.0,C0,1268888.0,119.0
3.0,2120.0,2860.0,1.0,C0,1600000.0,49.0
3.0,3000.0,3846.0,1.0,C0,1550000.0,94.0
3.0,2000.0,2695.0,1.0,C0,900000.0,59.0
3.0,1650.0,3051.0,1.0,C0,1638000.0,54.0
3.0,3000.0,3660.0,1.0,C0,1970000.0,18.0
3.0,3000.0,3780.0,1.0,C0,2150000.0,18.0
3.0,3000.0,3741.0,1.0,C0,1850000.0,17.0
3.0,4000.0,2620.0,1.0,C0,1500000.0,109.0
4.0,2650.0,3520.0,2.0,C3,1910000.0,93.0
4.0,3000.0,3344.0,2.0,C3,1930000.0,93.0
64.0,12000.0,48000.0,2.0,C1,5100000.0,99.0
4.0,2775.0,3510.0,2.0,C3,2000000.0,93.0
4.0,2800.0,3360.0,2.0,C3,1860000.0,93.0
4.0,2000.0,3080.0,2.0,C3,1576000.0,100.0
6.0,2667.0,4788.0,2.0,C2,800000.0,97.0
4.0,2800.0,3280.0,2.0,C3,1890000.0,99.0
4.0,2667.0,3388.0,2.0,C3,1988000.0,99.0
6.0,2050.0,4797.0,2.0,C2,1200000.0,99.0
4.0,2500.0,3120.0,2.0,C3,2030000.0,93.0
4.0,2500.0,3120.0,2.0,C3,1765000.0,93.0
6.0,2292.0,4818.0,2.0,C2,1210000.0,93.0
4.0,3000.0,3520.0,2.0,C3,2100000.0,93.0
4.0,2500.0,3198.0,2.0,C3,1700000.0,93.0
4.0,2717.0,3520.0,2.0,C3,1930000.0,93.0
4.0,3050.0,3680.0,2.0,C3,1700000.0,99.0
16.0,4725.0,16350.0,2.0,C1,3300000.0,101.0
4.0,2050.0,3178.0,2.0,C3,1680000.0,93.0
4.0,2600.0,3116.0,2.0,C3,1785000.0,93.0
4.0,2600.0,3116.0,2.0,C3,1700000.0,93.0
4.0,3000.0,3280.0,2.0,C3,1600000.0,93.0
4.0,4800.0,4900.0,2.0,C3,2295000.0,95.0
4.0,2567.0,3280.0,2.0,C3,1950000.0,100.0
4.0,2800.0,3588.0,2.0,C3,1800000.0,101.0
4.0,2667.0,3116.0,2.0,C3,1765000.0,99.0
4.0,6000.0,2880.0,2.0,C3,1880000.0,100.0
4.0,2700.0,3075.0,2.0,C3,1780000.0,99.0
1.0,4800.0,1240.0,1.0,A1,387600.0,99.0
1.0,4800.0,1240.0,1.0,A1,530000.0,99.0
1.0,7200.0,1026.0,1.0,A2,920000.0,99.0
1.0,1920.0,1314.0,1.0,A5,755000.0,28.0
1.0,2703.0,2235.0,1.0,A5,792000.0,19.0
1.0,2268.0,1200.0,1.0,A5,778000.0,20.0
1.0,2600.0,1836.0,1.0,A5,722500.0,54.0
1.0,2548.0,1585.0,1.0,A5,975000.0,20.0
1.0,2400.0,1296.0,1.0,A5,649000.0,59.0
1.0,2783.0,1881.0,1.0,A5,783670.0,59.0
1.0,2802.0,1710.0,1.0,A5,755000.0,59.0
1.0,2802.0,1710.0,1.0,A5,645000.0,59.0
1.0,2000.0,1064.0,1.0,A9,689000.0,99.0
1.0,2000.0,1064.0,1.0,A9,630000.0,99.0
1.0,2633.0,1665.0,1.0,A4,318000.0,59.0
1.0,2000.0,1064.0,1.0,A9,650000.0,99.0
1.0,2000.0,1064.0,1.0,A9,570000.0,99.0
1.0,2000.0,1064.0,1.0,A9,650000.0,99.0
1.0,2000.0,1064.0,1.0,A9,660000.0,99.0
1.0,2000.0,1064.0,1.0,A9,555000.0,99.0
1.0,2000.0,1064.0,1.0,A9,615000.0,99.0
1.0,2500.0,1729.0,1.0,A5,826000.0,59.0
1.0,2500.0,1729.0,1.0,A5,755000.0,59.0
1.0,2500.0,1729.0,1.0,A5,799000.0,59.0
1.0,3000.0,1920.0,1.0,A1,1240000.0,13.0
1.0,3200.0,2780.0,1.0,A1,1050000.0,74.0
1.0,6000.0,1020.0,1.0,A2,857500.0,69.0
1.0,2500.0,2520.0,1.0,A9,980000.0,36.0
1.0,2550.0,1683.0,1.0,A5,750000.0,64.0
1.0,4000.0,3581.0,1.0,A1,1525000.0,99.0
1.0,4000.0,1923.0,1.0,A3,1105000.0,94.0
1.0,2750.0,1750.0,1.0,A5,900000.0,59.0
1.0,4000.0,1933.0,1.0,A3,10.0,84.0
1.0,4000.0,1145.0,1.0,A2,830000.0,69.0
1.0,4000.0,1553.0,1.0,A2,825000.0,79.0
1.0,2550.0,1665.0,1.0,A5,880000.0,54.0
1.0,2550.0,1665.0,1.0,A5,850000.0,54.0
1.0,2558.0,1729.0,1.0,A5,925000.0,59.0
1.0,2558.0,1887.0,1.0,A5,725000.0,59.0
1.0,2450.0,2279.0,1.0,A9,76050.0,54.0
1.0,2600.0,2400.0,1.0,A9,1183000.0,6.0
1.0,3000.0,1870.0,1.0,A5,840000.0,54.0
1.0,4000.0,1968.0,1.0,A2,850000.0,64.0
1.0,12780.0,1900.0,1.0,A2,990000.0,64.0
2.0,2200.0,3146.0,1.0,B9,1100000.0,54.0
2.0,4573.0,2288.0,1.0,B1,10.0,59.0
2.0,5887.0,3448.0,1.0,B2,1190000.0,54.0
2.0,5304.0,3448.0,1.0,B2,1200000.0,54.0
2.0,5305.0,3448.0,1.0,B2,1150000.0,54.0
2.0,2520.0,1920.0,1.0,B2,830000.0,64.0
2.0,3468.0,2920.0,1.0,B2,1165000.0,21.0
2.0,4124.0,2920.0,1.0,B2,1250000.0,21.0
2.0,4347.0,2720.0,1.0,B2,1148000.0,20.0
2.0,4000.0,1540.0,1.0,B1,999000.0,54.0
2.0,4223.0,2500.0,1.0,B1,1000.0,17.0
2.0,4223.0,2500.0,1.0,B1,1225000.0,17.0
2.0,3267.0,1800.0,1.0,B2,93299.0,74.0
2.0,2000.0,1064.0,1.0,B3,635000.0,99.0
2.0,3150.0,2940.0,1.0,B2,1130000.0,59.0
2.0,6000.0,2688.0,1.0,B1,900000.0,64.0
2.0,4000.0,2856.0,1.0,B1,980000.0,64.0
2.0,4000.0,3900.0,1.0,B1,1250000.0,28.0
2.0,4000.0,2288.0,1.0,B1,999500.0,64.0
2.0,3000.0,2067.0,1.0,B9,890000.0,59.0
2.0,5000.0,1695.0,1.0,B3,925000.0,74.0
2.0,6000.0,2600.0,1.0,B3,1150000.0,74.0
2.0,2717.0,1998.0,1.0,B2,818000.0,54.0
2.0,2500.0,1836.0,1.0,B2,875000.0,59.0
2.0,4000.0,4426.0,1.0,B1,200000.0,64.0
2.0,4000.0,1760.0,1.0,B2,910000.0,64.0
2.0,2475.0,2172.0,1.0,B2,955000.0,49.0
2.0,2408.0,2172.0,1.0,B2,805000.0,49.0
2.0,2475.0,2172.0,1.0,B2,950000.0,49.0
2.0,2567.0,1517.0,1.0,B2,848000.0,49.0
3.0,3944.0,3291.0,1.0,C0,1015000.0,54.0
3.0,4479.0,3762.0,1.0,C0,1325000.0,55.0
3.0,4475.0,3562.0,1.0,C0,300000.0,59.0
3.0,4475.0,3562.0,1.0,C0,995000.0,59.0
3.0,2150.0,3013.0,1.0,C0,10.0,54.0
3.0,2092.0,2860.0,1.0,C0,1115000.0,54.0
3.0,2266.0,3166.0,1.0,C0,1050000.0,54.0
3.0,2167.0,2999.0,1.0,C0,950000.0,59.0
3.0,3100.0,3176.0,1.0,C0,10.0,49.0
4.0,4625.0,3980.0,2.0,C3,1380000.0,49.0
4.0,4625.0,3784.0,2.0,C3,1296840.0,49.0
1.0,1800.0,2120.0,1.0,A9,2500000.0,123.0
1.0,1200.0,2086.0,1.0,A4,4250000.0,14.0
1.0,1250.0,1963.0,1.0,A4,3525177.0,125.0
1.0,1000.0,2150.0,1.0,A1,2500000.0,104.0
1.0,2167.0,3528.0,1.0,A4,4336000.0,114.0
1.0,2008.0,3330.0,1.0,A9,5675000.0,123.0
2.0,2000.0,2280.0,1.0,B3,1500000.0,114.0
2.0,2025.0,2320.0,1.0,B3,2999000.0,114.0
2.0,1400.0,2744.0,1.0,B3,4325000.0,123.0
2.0,2200.0,4170.0,1.0,B3,7950000.0,109.0
2.0,2000.0,3450.0,1.0,B9,3150000.0,109.0
2.0,2000.0,3200.0,1.0,B1,2000000.0,104.0
2.0,1500.0,2400.0,1.0,B3,2725000.0,114.0
2.0,1942.0,3104.0,1.0,B3,4310000.0,114.0
2.0,2000.0,2880.0,1.0,B9,2480000.0,125.0
2.0,2000.0,3040.0,1.0,B9,2700000.0,125.0
2.0,1800.0,2268.0,1.0,B1,1.0,125.0
2.0,2000.0,3500.0,1.0,B9,3000000.0,125.0
2.0,1250.0,2445.0,1.0,B3,4624000.0,125.0
3.0,1500.0,2836.0,1.0,C0,5360000.0,125.0
3.0,1500.0,2976.0,1.0,C0,2700000.0,114.0
3.0,2000.0,3200.0,1.0,C0,3400000.0,125.0
3.0,2000.0,2425.0,1.0,C0,2500026.0,125.0
3.0,2033.0,3600.0,1.0,C0,2420000.0,125.0
4.0,2250.0,3800.0,2.0,C3,3850000.0,104.0
6.0,1890.0,3780.0,2.0,C2,2500000.0,114.0
8.0,1890.0,3780.0,2.0,C1,2000000.0,114.0
5.0,1802.0,3693.0,2.0,C2,2798753.0,109.0
8.0,2000.0,3360.0,2.0,C1,2500000.0,104.0
8.0,2000.0,3360.0,2.0,C1,2000000.0,104.0
13.0,2730.0,5040.0,2.0,C1,750000.0,104.0
8.0,4482.0,13112.0,2.0,C7,10600000.0,94.0
4.0,2083.0,2779.0,2.0,C3,3065000.0,124.0
1.0,1880.0,1596.0,1.0,A5,2550000.0,114.0
1.0,2479.0,1129.0,1.0,A9,1850000.0,99.0
1.0,2483.0,1658.0,1.0,A9,2080000.0,104.0
1.0,2003.0,2128.0,1.0,A1,2300000.0,104.0
1.0,1636.0,1024.0,1.0,A5,1250000.0,104.0
1.0,1603.0,1024.0,1.0,A5,995000.0,99.0
1.0,2050.0,2606.0,1.0,A5,1800000.0,99.0
1.0,2421.0,2600.0,1.0,A1,2740000.0,99.0
1.0,2003.0,1156.0,1.0,A9,645000.0,99.0
1.0,2003.0,1156.0,1.0,A9,2200000.0,99.0
1.0,2104.0,1680.0,1.0,A1,1500000.0,104.0
1.0,2204.0,1526.0,1.0,A1,1910000.0,104.0
1.0,2204.0,1036.0,1.0,A1,1300000.0,104.0
1.0,2003.0,1504.0,1.0,A9,1500000.0,104.0
1.0,1603.0,1178.0,1.0,A9,733140.0,94.0
1.0,1603.0,1104.0,1.0,A9,1300000.0,94.0
1.0,1486.0,1692.0,1.0,A5,1250000.0,99.0
1.0,2805.0,1400.0,1.0,A1,1600000.0,104.0
1.0,1803.0,1782.0,1.0,A5,1700000.0,79.0
1.0,4173.0,4651.0,1.0,A2,4300000.0,6.0
1.0,2003.0,1568.0,1.0,A5,1800000.0,104.0
1.0,1800.0,1544.0,1.0,A9,826875.0,104.0
1.0,1800.0,1472.0,1.0,A9,1400000.0,104.0
1.0,2500.0,2174.0,1.0,A9,1700000.0,99.0
1.0,2500.0,2174.0,1.0,A9,1700000.0,99.0
1.0,1600.0,1432.0,1.0,A5,1650000.0,119.0
1.0,1800.0,1440.0,1.0,A5,950000.0,99.0
1.0,1560.0,1280.0,1.0,A1,930000.0,99.0
1.0,1800.0,1296.0,1.0,A5,1212000.0,79.0
1.0,2400.0,1640.0,1.0,A5,1338000.0,99.0
1.0,1903.0,3422.0,1.0,A5,2900000.0,104.0
1.0,2504.0,4495.0,1.0,A5,2925000.0,94.0
1.0,1302.0,1060.0,1.0,A5,950000.0,109.0
1.0,1302.0,884.0,1.0,A5,950000.0,109.0
1.0,2003.0,1332.0,1.0,A9,995000.0,99.0
1.0,2003.0,1432.0,1.0,A5,1190000.0,99.0
1.0,2067.0,2908.0,1.0,A2,1.0,99.0
1.0,2287.0,1440.0,1.0,A5,1400000.0,99.0
1.0,1800.0,1480.0,1.0,A5,998000.0,94.0
1.0,1983.0,1376.0,1.0,A5,1060000.0,94.0
2.0,2504.0,2730.0,1.0,B9,1928000.0,99.0
2.0,1903.0,3060.0,1.0,B1,1080000.0,114.0
2.0,1903.0,3060.0,1.0,B1,990000.0,114.0
2.0,2287.0,2180.0,1.0,B1,1300000.0,114.0
2.0,1903.0,1928.0,1.0,B2,1475000.0,123.0
2.0,2284.0,1568.0,1.0,B3,1700000.0,123.0
2.0,1825.0,2502.0,1.0,B2,1300000.0,104.0
2.0,2003.0,2472.0,1.0,B1,1995000.0,125.0
2.0,2003.0,2472.0,1.0,B1,2100000.0,125.0
2.0,2003.0,2080.0,1.0,B1,1925000.0,125.0
2.0,1903.0,2152.0,1.0,B1,1625000.0,94.0
2.0,1992.0,2090.0,1.0,B2,980000.0,99.0
2.0,2000.0,1822.0,1.0,B2,1800000.0,99.0
2.0,2003.0,2224.0,1.0,B1,1500000.0,114.0
2.0,2003.0,2200.0,1.0,B1,969000.0,114.0
2.0,2000.0,2060.0,1.0,B1,999000.0,123.0
2.0,1800.0,1758.0,1.0,B3,10.0,114.0
2.0,1860.0,1456.0,1.0,B3,1325000.0,114.0
2.0,2000.0,3600.0,1.0,B1,1508147.0,74.0
2.0,2705.0,2424.0,1.0,B1,950000.0,99.0
2.0,4007.0,8300.0,1.0,B1,2150000.0,29.0
2.0,4007.0,6435.0,1.0,B1,10.0,31.0
2.0,2119.0,3250.0,1.0,B1,2700000.0,64.0
2.0,2579.0,2680.0,1.0,B1,2900000.0,114.0
2.0,3406.0,3580.0,1.0,B9,3100000.0,44.0
2.0,2805.0,3600.0,1.0,B2,2700000.0,104.0
2.0,2504.0,2800.0,1.0,B2,2650000.0,104.0
2.0,4007.0,2436.0,1.0,B3,1999999.0,104.0
2.0,4107.0,3336.0,1.0,B2,2900000.0,104.0
2.0,2705.0,2856.0,1.0,B1,137770.0,104.0
2.0,2705.0,2856.0,1.0,B1,2375000.0,104.0
2.0,2705.0,2856.0,1.0,B1,1800000.0,104.0
2.0,4000.0,3103.0,1.0,B2,3900000.0,104.0
2.0,2529.0,2940.0,1.0,B1,2500000.0,94.0
2.0,2003.0,1500.0,1.0,B3,950000.0,104.0
2.0,2003.0,2200.0,1.0,B1,1500000.0,74.0
2.0,3756.0,3018.0,1.0,B3,2975000.0,94.0
2.0,2504.0,2600.0,1.0,B1,999000.0,94.0
2.0,3005.0,2320.0,1.0,B2,2570000.0,104.0
2.0,2000.0,1920.0,1.0,B1,3225000.0,44.0
2.0,2404.0,2280.0,1.0,B1,1600000.0,99.0
2.0,2003.0,2198.0,1.0,B1,10.0,64.0
2.0,3207.0,5040.0,1.0,B1,2900000.0,35.0
2.0,4232.0,5616.0,1.0,B1,2999999.0,49.0
2.0,2003.0,2381.0,1.0,B1,1600000.0,64.0
2.0,2003.0,2381.0,1.0,B1,610000.0,64.0
2.0,1683.0,2670.0,1.0,B3,2620000.0,99.0
2.0,1853.0,2220.0,1.0,B3,2250000.0,99.0
2.0,2504.0,2600.0,1.0,B1,2999900.0,32.0
2.0,3748.0,2463.0,1.0,B2,2500000.0,99.0
2.0,2805.0,1775.0,1.0,B3,2550000.0,104.0
2.0,2017.0,2970.0,1.0,B1,1476000.0,64.0
2.0,2003.0,2942.0,1.0,B1,200000.0,64.0
2.0,2003.0,1840.0,1.0,B1,2998000.0,64.0
2.0,1903.0,1748.0,1.0,B1,1800000.0,64.0
2.0,4000.0,8900.0,1.0,B9,5200000.0,21.0
2.0,1803.0,2079.0,1.0,B3,1525000.0,84.0
2.0,2513.0,2144.0,1.0,B1,2100000.0,94.0
2.0,1803.0,1852.0,1.0,B1,999999.0,84.0
2.0,2003.0,2200.0,1.0,B1,1577500.0,99.0
2.0,2604.0,2368.0,1.0,B2,324480.0,99.0
2.0,2504.0,1946.0,1.0,B3,1505000.0,99.0
2.0,3000.0,3380.0,1.0,B1,1800000.0,119.0
2.0,1800.0,1472.0,1.0,B3,1550000.0,104.0
2.0,1800.0,2268.0,1.0,B3,1480000.0,119.0
2.0,2550.0,2680.0,1.0,B1,1650000.0,94.0
2.0,4000.0,3635.0,1.0,B3,2200000.0,114.0
2.0,1942.0,2166.0,1.0,B1,1470000.0,104.0
2.0,2500.0,1752.0,1.0,B3,1617500.0,94.0
2.0,2500.0,2480.0,1.0,B1,2125000.0,99.0
2.0,2500.0,2480.0,1.0,B1,1900000.0,99.0
2.0,2500.0,2720.0,1.0,B1,1850000.0,94.0
2.0,1260.0,1760.0,1.0,B2,980000.0,104.0
2.0,2000.0,1440.0,1.0,B1,2025000.0,93.0
2.0,2800.0,2296.0,1.0,B1,1950000.0,84.0
2.0,3000.0,2619.0,1.0,B3,10.0,104.0
2.0,3000.0,1620.0,1.0,B3,2200000.0,104.0
2.0,2500.0,2560.0,1.0,B1,1599000.0,104.0
2.0,2775.0,2356.0,1.0,B3,1675000.0,99.0
2.0,2300.0,1784.0,1.0,B3,315000.0,99.0
2.0,2300.0,1784.0,1.0,B3,900000.0,99.0
2.0,2300.0,1784.0,1.0,B3,1690000.0,99.0
2.0,2300.0,1856.0,1.0,B3,1100000.0,99.0
2.0,2092.0,1600.0,1.0,B3,1350000.0,99.0
2.0,1145.0,1616.0,1.0,B1,998000.0,94.0
2.0,1438.0,1680.0,1.0,B1,1160000.0,89.0
2.0,1513.0,1732.0,1.0,B3,2500000.0,84.0
2.0,1840.0,1356.0,1.0,B3,1230000.0,99.0
2.0,1150.0,1328.0,1.0,B3,1035000.0,94.0
2.0,3013.0,1600.0,1.0,B3,1560000.0,109.0
2.0,3554.0,4343.0,1.0,B3,2900000.0,109.0
2.0,4000.0,2976.0,1.0,B1,1800000.0,94.0
2.0,1476.0,1890.0,1.0,B1,1100000.0,79.0
2.0,1867.0,1732.0,1.0,B3,410000.0,79.0
2.0,2000.0,1750.0,1.0,B3,1180000.0,109.0
2.0,2425.0,2320.0,1.0,B1,1520000.0,104.0
2.0,2300.0,1600.0,1.0,B3,1155000.0,109.0
2.0,1903.0,1520.0,1.0,B2,950000.0,104.0
2.0,1903.0,1520.0,1.0,B2,3300000.0,104.0
2.0,2504.0,1592.0,1.0,B3,1999900.0,104.0
2.0,625.0,1950.0,1.0,B2,1150000.0,94.0
2.0,2504.0,2560.0,1.0,B1,1390000.0,104.0
2.0,1400.0,2000.0,1.0,B1,850000.0,125.0
2.0,2504.0,2118.0,1.0,B2,2411500.0,99.0
2.0,2546.0,2560.0,1.0,B1,861000.0,99.0
2.0,4007.0,2169.0,1.0,B2,1400000.0,104.0
2.0,2504.0,2400.0,1.0,B2,2650000.0,109.0
2.0,2003.0,3150.0,1.0,B1,1770000.0,114.0
2.0,2000.0,3597.0,1.0,B1,10.0,114.0
2.0,4007.0,2531.0,1.0,B2,3400000.0,104.0
2.0,3008.0,5625.0,1.0,B1,4700000.0,35.0
2.0,2000.0,2176.0,1.0,B1,1995000.0,123.0
2.0,2504.0,2750.0,1.0,B1,1950000.0,104.0
2.0,2504.0,2400.0,1.0,B1,1385000.0,104.0
2.0,2000.0,3312.0,1.0,B1,10.0,123.0
2.0,2003.0,2208.0,1.0,B1,1960000.0,119.0
2.0,2003.0,3158.0,1.0,B1,1430000.0,69.0
2.0,2003.0,3120.0,1.0,B1,1800000.0,119.0
2.0,2000.0,3120.0,1.0,B1,1430000.0,119.0
2.0,5000.0,3036.0,1.0,B3,4200000.0,109.0
2.0,2003.0,2200.0,1.0,B1,1600000.0,123.0
2.0,2504.0,2680.0,1.0,B1,2125000.0,104.0
2.0,2003.0,2040.0,1.0,B3,1250000.0,104.0
2.0,2003.0,1344.0,1.0,B2,1700000.0,109.0
2.0,2554.0,2400.0,1.0,B1,1999999.0,104.0
2.0,2955.0,2600.0,1.0,B1,1575000.0,104.0
2.0,2475.0,2600.0,1.0,B1,10.0,104.0
2.0,2003.0,2162.0,1.0,B3,2800000.0,114.0
2.0,2020.0,2340.0,1.0,B1,1500000.0,99.0
2.0,2003.0,1660.0,1.0,B3,1315250.0,109.0
2.0,2003.0,3060.0,1.0,B1,1730000.0,114.0
2.0,2003.0,2128.0,1.0,B1,1600000.0,104.0
2.0,2663.0,2400.0,1.0,B1,2180000.0,109.0
2.0,2500.0,2600.0,1.0,B1,1999900.0,99.0
2.0,2705.0,2400.0,1.0,B1,350000.0,99.0
2.0,4007.0,2479.0,1.0,B2,3400000.0,99.0
2.0,4007.0,2050.0,1.0,B2,2175000.0,99.0
2.0,1978.0,2964.0,1.0,B9,1400000.0,59.0
2.0,2658.0,2160.0,1.0,B1,1990000.0,99.0
2.0,1983.0,2812.0,1.0,B1,1960000.0,64.0
2.0,2329.0,1856.0,1.0,B1,550000.0,99.0
2.0,2003.0,1728.0,1.0,B2,1400000.0,114.0
2.0,2404.0,2200.0,1.0,B1,1780000.0,99.0
2.0,3005.0,6510.0,1.0,B2,10.0,32.0
2.0,5008.0,8568.0,1.0,B2,4999000.0,32.0
2.0,2003.0,2032.0,1.0,B1,1600000.0,114.0
2.0,2500.0,2838.0,1.0,B1,2300000.0,59.0
2.0,2003.0,4900.0,1.0,B1,2350000.0,38.0
2.0,2003.0,2916.0,1.0,B1,1800000.0,99.0
2.0,3005.0,2484.0,1.0,B9,2725000.0,114.0
2.0,2003.0,1791.0,1.0,B2,1425000.0,114.0
2.0,2003.0,2000.0,1.0,B2,1750000.0,99.0
2.0,4000.0,1920.0,1.0,B2,2300000.0,123.0
2.0,2000.0,2032.0,1.0,B2,975000.0,123.0
2.0,2008.0,1914.0,1.0,B3,1610000.0,104.0
2.0,1800.0,1480.0,1.0,B1,990000.0,94.0
2.0,4000.0,1120.0,1.0,B2,4100000.0,94.0
2.0,5000.0,2507.0,1.0,B1,2269888.0,104.0
2.0,2000.0,1984.0,1.0,B1,1320000.0,114.0
2.0,1983.0,1376.0,1.0,B3,1200000.0,94.0
2.0,1723.0,1880.0,1.0,B1,1201000.0,64.0
2.0,2050.0,2160.0,1.0,B3,1730000.0,84.0
2.0,2000.0,2016.0,1.0,B2,1350000.0,99.0
2.0,2500.0,2560.0,1.0,B2,999000.0,99.0
2.0,2500.0,2560.0,1.0,B2,1400000.0,99.0
2.0,2575.0,2840.0,1.0,B1,1520000.0,94.0
2.0,1664.0,1944.0,1.0,B1,183334.0,94.0
3.0,2755.0,2640.0,1.0,C0,1750000.0,99.0
3.0,2504.0,2720.0,1.0,C0,2200000.0,104.0
3.0,1807.0,3156.0,1.0,C0,1795000.0,125.0
3.0,1903.0,2372.0,1.0,C0,1700000.0,123.0
3.0,1903.0,2292.0,1.0,C0,1250000.0,123.0
3.0,1903.0,2292.0,1.0,C0,1150000.0,123.0
3.0,2000.0,2472.0,1.0,C0,1400000.0,123.0
3.0,1600.0,3000.0,1.0,C0,2000000.0,94.0
3.0,2404.0,5400.0,1.0,C0,10.0,94.0
3.0,3506.0,3072.0,1.0,C0,2421900.0,104.0
3.0,1597.0,1848.0,1.0,C0,2400000.0,104.0
3.0,1988.0,3156.0,1.0,C0,2540000.0,114.0
3.0,4007.0,3352.0,1.0,C0,2600000.0,104.0
3.0,4007.0,4416.0,1.0,C0,3900000.0,94.0
3.0,2204.0,2716.0,1.0,C0,2900000.0,64.0
3.0,4007.0,5568.0,1.0,C0,2500000.0,44.0
3.0,3606.0,2671.0,1.0,C0,3650000.0,3.0
3.0,4007.0,6300.0,1.0,C0,5550000.0,54.0
3.0,4007.0,4812.0,1.0,C0,2900000.0,114.0
3.0,4007.0,4836.0,1.0,C0,3650500.0,49.0
3.0,2007.0,2740.0,1.0,C0,1500000.0,89.0
3.0,2004.0,2568.0,1.0,C0,2325000.0,49.0
3.0,2003.0,2008.0,1.0,C0,1600000.0,94.0
3.0,2475.0,3280.0,1.0,C0,1800000.0,93.0
3.0,2003.0,2560.0,1.0,C0,1570000.0,99.0
3.0,2003.0,2200.0,1.0,C0,1600000.0,99.0
3.0,2003.0,2760.0,1.0,C0,1960000.0,99.0
3.0,2500.0,2560.0,1.0,C0,855000.0,104.0
3.0,1903.0,2280.0,1.0,C0,1700000.0,104.0
3.0,1903.0,2034.0,1.0,C0,855001.0,123.0
3.0,2003.0,2352.0,1.0,C0,1500000.0,123.0
3.0,2003.0,2400.0,1.0,C0,1900000.0,123.0
3.0,2003.0,2280.0,1.0,C0,1700000.0,125.0
3.0,2003.0,2220.0,1.0,C0,10.0,104.0
3.0,2003.0,2040.0,1.0,C0,1970000.0,84.0
3.0,2579.0,2680.0,1.0,C0,1200000.0,94.0
3.0,3205.0,2893.0,1.0,C0,2300000.0,104.0
3.0,2400.0,4278.0,1.0,C0,2999000.0,64.0
3.0,2504.0,2210.0,1.0,C0,1750000.0,119.0
3.0,3005.0,3432.0,1.0,C0,2500000.0,109.0
3.0,2254.0,3816.0,1.0,C0,1484000.0,114.0
3.0,2000.0,2128.0,1.0,C0,1870000.0,123.0
3.0,2003.0,3318.0,1.0,C0,765000.0,119.0
3.0,2003.0,3318.0,1.0,C0,1800000.0,119.0
3.0,2504.0,4300.0,1.0,C0,3300000.0,39.0
3.0,2638.0,4450.0,1.0,C0,3200000.0,59.0
3.0,2003.0,2080.0,1.0,C0,1740000.0,104.0
3.0,2454.0,2900.0,1.0,C0,2150000.0,104.0
3.0,2204.0,4092.0,1.0,C0,2600000.0,59.0
3.0,2504.0,2680.0,1.0,C0,1998000.0,104.0
3.0,2003.0,2768.0,1.0,C0,1500000.0,109.0
3.0,2003.0,2380.0,1.0,C0,1732000.0,114.0
3.0,3442.0,7488.0,1.0,C0,4950000.0,64.0
3.0,2003.0,3648.0,1.0,C0,2225000.0,64.0
3.0,2705.0,4792.0,1.0,C0,4000000.0,49.0
3.0,2003.0,3840.0,1.0,C0,1999000.0,49.0
3.0,3175.0,4570.0,1.0,C0,2975000.0,99.0
3.0,3005.0,5380.0,1.0,C0,4000000.0,59.0
3.0,2504.0,3750.0,1.0,C0,1995000.0,59.0
3.0,2017.0,3192.0,1.0,C0,2300000.0,125.0
3.0,3759.0,5908.0,1.0,C0,4950000.0,32.0
3.0,2963.0,4120.0,1.0,C0,1990000.0,64.0
3.0,2104.0,3936.0,1.0,C0,3100000.0,39.0
3.0,2508.0,3465.0,1.0,C0,1900000.0,104.0
3.0,4017.0,7840.0,1.0,C0,2800000.0,35.0
3.0,1603.0,2808.0,1.0,C0,1900000.0,125.0
3.0,1603.0,2748.0,1.0,C0,1700000.0,125.0
3.0,2003.0,4200.0,1.0,C0,1620000.0,125.0
3.0,4007.0,2878.0,1.0,C0,2575000.0,99.0
3.0,2412.0,2180.0,1.0,C0,2100000.0,99.0
3.0,3000.0,3935.0,1.0,C0,1680000.0,51.0
3.0,2000.0,3410.0,1.0,C0,1639000.0,51.0
3.0,2000.0,1800.0,1.0,C0,4100000.0,94.0
3.0,2500.0,2320.0,1.0,C0,1750000.0,99.0
3.0,2708.0,2552.0,1.0,C0,1880000.0,99.0
3.0,3600.0,2904.0,1.0,C0,1995500.0,99.0
3.0,2400.0,2120.0,1.0,C0,283920.0,104.0
3.0,2000.0,3075.0,1.0,C0,999000.0,104.0
3.0,2550.0,2160.0,1.0,C0,1598000.0,84.0
3.0,2850.0,2160.0,1.0,C0,625000.0,84.0
3.0,2525.0,3240.0,1.0,C0,1580000.0,84.0
3.0,1600.0,3560.0,1.0,C0,1580000.0,89.0
9.0,3075.0,6064.0,2.0,C1,972551.0,100.0
4.0,2504.0,3213.0,2.0,C3,421300.0,94.0
4.0,2504.0,3000.0,2.0,C3,1998000.0,94.0
6.0,2125.0,5250.0,2.0,C2,1450000.0,94.0
6.0,2125.0,5250.0,2.0,C2,1175000.0,94.0
34.0,10000.0,31200.0,2.0,C7,5350000.0,99.0
4.0,2500.0,3280.0,2.0,C3,1999900.0,93.0
4.0,2003.0,2800.0,2.0,C3,1600000.0,93.0
4.0,2003.0,2800.0,2.0,C3,1515000.0,93.0
4.0,3205.0,3073.0,2.0,C3,1999000.0,93.0
4.0,3005.0,3280.0,2.0,C3,1999500.0,93.0
4.0,3005.0,3696.0,2.0,C3,2265000.0,93.0
4.0,2533.0,3213.0,2.0,C3,2150000.0,93.0
4.0,2533.0,3213.0,2.0,C3,1850000.0,93.0
4.0,2700.0,3520.0,2.0,C3,1792500.0,93.0
4.0,2700.0,3520.0,2.0,C3,1792500.0,93.0
4.0,2200.0,2856.0,2.0,C3,2200000.0,93.0
4.0,2500.0,3198.0,2.0,C3,1980000.0,93.0
6.0,2504.0,5250.0,2.0,C2,1300000.0,94.0
6.0,2504.0,5250.0,2.0,C2,2750000.0,94.0
5.0,2504.0,3600.0,2.0,C2,2700000.0,94.0
4.0,2454.0,2680.0,2.0,C3,2000000.0,93.0
4.0,2650.0,4680.0,2.0,C3,995000.0,104.0
6.0,2708.0,6006.0,2.0,C2,1875000.0,93.0
6.0,2454.0,3420.0,2.0,C2,2150000.0,94.0
6.0,2346.0,5270.0,2.0,C2,1515000.0,104.0
4.0,3005.0,3000.0,2.0,C3,2750000.0,104.0
4.0,2354.0,2418.0,2.0,C3,450000.0,99.0
12.0,4042.0,10320.0,2.0,C1,531250.0,97.0
12.0,4042.0,10320.0,2.0,C1,2125000.0,97.0
4.0,2604.0,3280.0,2.0,C3,2050000.0,96.0
4.0,2500.0,3200.0,2.0,C3,1670000.0,99.0
6.0,2750.0,5280.0,2.0,C2,1050000.0,97.0
1.0,1460.0,810.0,1.0,A2,655000.0,114.0
1.0,1720.0,810.0,1.0,A1,200000.0,114.0
1.0,1200.0,1730.0,1.0,A1,450000.0,114.0
1.0,1200.0,1730.0,1.0,A1,650000.0,114.0
1.0,2077.0,756.0,1.0,A2,250000.0,84.0
1.0,1800.0,781.0,1.0,A2,679000.0,109.0
1.0,1800.0,1128.0,1.0,A2,720000.0,125.0
1.0,2200.0,1062.0,1.0,A1,790000.0,8.0
1.0,1800.0,1216.0,1.0,A9,10.0,104.0
1.0,2400.0,924.0,1.0,A2,600000.0,94.0
1.0,2400.0,924.0,1.0,A2,600000.0,94.0
1.0,2400.0,1848.0,1.0,A2,600000.0,94.0
1.0,1634.0,1989.0,1.0,A5,999000.0,84.0
2.0,1900.0,1786.0,1.0,B1,945000.0,104.0
2.0,1600.0,1784.0,1.0,B3,450000.0,114.0
2.0,2800.0,2800.0,1.0,B1,568750.0,125.0
2.0,2098.0,1586.0,1.0,B3,980000.0,99.0
2.0,1800.0,2100.0,1.0,B3,580000.0,114.0
2.0,1800.0,1045.0,1.0,B3,850000.0,114.0
2.0,2000.0,1634.0,1.0,B3,875000.0,99.0
2.0,2500.0,2106.0,1.0,B2,785000.0,99.0
2.0,2000.0,3126.0,1.0,B3,855000.0,125.0
2.0,1694.0,780.0,1.0,B3,2500.0,114.0
2.0,1694.0,780.0,1.0,B3,2500.0,114.0
2.0,2400.0,1848.0,1.0,B3,1190000.0,94.0
2.0,2486.0,1877.0,1.0,B9,875000.0,84.0
2.0,1600.0,1744.0,1.0,B3,765000.0,84.0
2.0,1600.0,2012.0,1.0,B3,1160000.0,84.0
2.0,1892.0,1869.0,1.0,B9,995000.0,84.0
3.0,2500.0,1872.0,1.0,C0,1400000.0,94.0
3.0,2205.0,2916.0,1.0,C0,800566.0,104.0
3.0,2025.0,2659.0,1.0,C0,850500.0,114.0
3.0,2500.0,2160.0,1.0,C0,1100000.0,93.0
3.0,1701.0,2961.0,1.0,C0,1069561.0,99.0
3.0,1748.0,2082.0,1.0,C0,995000.0,84.0
3.0,2225.0,3132.0,1.0,C0,1100000.0,99.0
3.0,2200.0,3024.0,1.0,C0,1250000.0,99.0
6.0,4485.0,6075.0,2.0,C2,821551.0,94.0
4.0,3337.0,3040.0,2.0,C3,999999.0,94.0
4.0,2800.0,1987.0,2.0,C3,750000.0,93.0
14.0,2667.0,4662.0,2.0,C5,10.0,93.0
4.0,2400.0,1680.0,2.0,C3,1075000.0,93.0
1.0,1263.0,2760.0,1.0,A4,3300000.0,125.0
1.0,1717.0,5030.0,1.0,A4,6950000.0,145.0
1.0,1796.0,5160.0,1.0,A4,7650000.0,84.0
1.0,2775.0,3885.0,1.0,A4,10600000.0,59.0
1.0,1750.0,3264.0,1.0,A9,5700000.0,168.0
1.0,1821.0,4100.0,1.0,A4,9950000.0,123.0
1.0,1500.0,5120.0,1.0,A4,6088500.0,123.0
2.0,2226.0,3112.0,1.0,B9,1800000.0,195.0
2.0,2513.0,3600.0,1.0,B3,6500000.0,198.0
2.0,2500.0,5000.0,1.0,B3,7250000.0,123.0
2.0,2550.0,6100.0,1.0,B9,11350000.0,124.0
2.0,1660.0,2880.0,1.0,B3,3600000.0,109.0
2.0,1313.0,2600.0,1.0,B1,6300000.0,109.0
2.0,1575.0,1816.0,1.0,B1,5457500.0,54.0
2.0,1575.0,1470.0,1.0,B9,4525000.0,94.0
2.0,1575.0,3360.0,1.0,B1,6300000.0,168.0
2.0,1821.0,4352.0,1.0,B9,6500000.0,145.0
2.0,2328.0,5725.0,1.0,B3,6510000.0,123.0
2.0,2214.0,5689.0,1.0,B1,8150000.0,125.0
2.0,2190.0,3880.0,1.0,B3,6900000.0,183.0
2.0,2180.0,3640.0,1.0,B3,2100000.0,183.0
2.0,2288.0,4935.0,1.0,B3,4050000.0,123.0
2.0,2075.0,4000.0,1.0,B3,5300000.0,177.0
3.0,1675.0,5375.0,1.0,C0,4001000.0,179.0
3.0,2600.0,4168.0,1.0,C0,4999999.0,125.0
10.0,2553.0,8500.0,2.0,C1,8200000.0,124.0
8.0,1817.0,4070.0,2.0,C1,10.0,104.0
8.0,1817.0,4070.0,2.0,C1,10.0,104.0
5.0,2500.0,6075.0,2.0,C5,7000000.0,175.0
9.0,2650.0,8022.0,2.0,C7,3850000.0,124.0
9.0,3120.0,4553.0,2.0,C1,7100000.0,118.0
9.0,1528.0,4371.0,2.0,C1,7100000.0,114.0
4.0,1497.0,3300.0,2.0,C3,3999000.0,124.0
4.0,2000.0,4000.0,2.0,C3,4830000.0,114.0
9.0,2990.0,7220.0,2.0,C1,6250000.0,125.0
9.0,4625.0,9000.0,2.0,C1,14105672.0,180.0
7.0,2262.0,5720.0,2.0,C1,22100000.0,124.0
6.0,2350.0,6100.0,2.0,C2,410000.0,104.0
5.0,2168.0,4100.0,2.0,C2,4900000.0,174.0
5.0,2470.0,5175.0,2.0,C2,4500000.0,174.0
1.0,4256.0,1116.0,1.0,A5,800000.0,38.0
1.0,2000.0,1640.0,1.0,A5,518000.0,37.0
1.0,2000.0,1640.0,1.0,A5,550000.0,37.0
1.0,2000.0,1640.0,1.0,A5,575000.0,37.0
1.0,2000.0,1620.0,1.0,A5,10.0,37.0
1.0,2000.0,1620.0,1.0,A5,464014.0,37.0
1.0,2000.0,1620.0,1.0,A5,332500.0,37.0
1.0,2000.0,1620.0,1.0,A5,573000.0,37.0
1.0,2000.0,1620.0,1.0,A5,585000.0,37.0
1.0,2000.0,1620.0,1.0,A5,385000.0,37.0
1.0,2000.0,1620.0,1.0,A5,635000.0,37.0
1.0,2000.0,1340.0,1.0,A5,570000.0,37.0
1.0,2000.0,1340.0,1.0,A5,600000.0,37.0
1.0,1800.0,1116.0,1.0,A5,425000.0,37.0
1.0,3660.0,1116.0,1.0,A5,500000.0,37.0
1.0,1800.0,1148.0,1.0,A5,495000.0,37.0
1.0,1800.0,1148.0,1.0,A5,499000.0,38.0
1.0,1800.0,1116.0,1.0,A5,550000.0,38.0
1.0,2000.0,1624.0,1.0,A5,930000.0,94.0
1.0,1600.0,1680.0,1.0,A5,500000.0,94.0
1.0,1600.0,1520.0,1.0,A5,710000.0,94.0
1.0,2517.0,1148.0,1.0,A5,500000.0,38.0
1.0,1800.0,1148.0,1.0,A5,570500.0,38.0
1.0,1800.0,1148.0,1.0,A5,350000.0,37.0
1.0,1800.0,1148.0,1.0,A5,635000.0,37.0
1.0,1800.0,1148.0,1.0,A5,490000.0,37.0
1.0,1800.0,1116.0,1.0,A5,490000.0,39.0
1.0,1800.0,1116.0,1.0,A5,600000.0,34.0
1.0,1802.0,1116.0,1.0,A5,1000.0,39.0
1.0,1802.0,1116.0,1.0,A5,425880.0,39.0
1.0,1802.0,1116.0,1.0,A5,600000.0,38.0
1.0,1802.0,1116.0,1.0,A5,560000.0,38.0
1.0,1802.0,1116.0,1.0,A5,10.0,39.0
1.0,1802.0,1116.0,1.0,A5,575000.0,39.0
1.0,1800.0,1148.0,1.0,A5,520000.0,38.0
1.0,1800.0,1116.0,1.0,A5,460000.0,38.0
1.0,1813.0,1128.0,1.0,A5,600000.0,38.0
1.0,2572.0,1116.0,1.0,A5,618000.0,38.0
1.0,1800.0,1148.0,1.0,A5,610000.0,37.0
1.0,1800.0,1116.0,1.0,A5,510865.0,38.0
1.0,1800.0,1116.0,1.0,A5,603200.0,38.0
1.0,1650.0,1116.0,1.0,A5,527000.0,38.0
2.0,2010.0,2240.0,1.0,B1,621121.0,94.0
2.0,2470.0,2160.0,1.0,B1,615000.0,94.0
2.0,2500.0,3648.0,1.0,B1,495000.0,94.0
2.0,2000.0,1568.0,1.0,B3,680000.0,94.0
2.0,2500.0,2196.0,1.0,B1,175000.0,104.0
2.0,2500.0,2196.0,1.0,B1,505000.0,104.0
2.0,2500.0,2196.0,1.0,B1,1053000.0,104.0
2.0,803.0,1400.0,1.0,B1,760000.0,94.0
2.0,4866.0,2080.0,1.0,B1,999000.0,94.0
2.0,2500.0,2080.0,1.0,B1,860000.0,94.0
2.0,1600.0,1800.0,1.0,B1,965000.0,125.0
2.0,2200.0,2809.0,1.0,B1,900500.0,19.0
2.0,2750.0,2080.0,1.0,B1,690000.0,94.0
2.0,1600.0,1520.0,1.0,B3,10.0,94.0
2.0,2500.0,2160.0,1.0,B1,5000.0,94.0
2.0,1500.0,2922.0,1.0,B2,1050000.0,1.0
2.0,3000.0,2560.0,1.0,B1,700000.0,114.0
2.0,2825.0,2412.0,1.0,B9,897500.0,21.0
2.0,2000.0,1840.0,1.0,B1,839000.0,94.0
2.0,2500.0,2240.0,1.0,B1,750000.0,94.0
2.0,2252.0,2000.0,1.0,B1,990000.0,94.0
2.0,2327.0,2000.0,1.0,B1,1.0,94.0
2.0,2350.0,2080.0,1.0,B1,999999.0,94.0
2.0,947.0,2026.0,1.0,B1,747500.0,17.0
2.0,2300.0,1944.0,1.0,B1,216145.0,114.0
3.0,1875.0,2925.0,1.0,C0,712775.0,22.0
3.0,1875.0,2925.0,1.0,C0,625815.0,22.0
3.0,2900.0,3600.0,1.0,C0,1018245.0,22.0
3.0,2000.0,1800.0,1.0,C0,757353.0,125.0
3.0,1618.0,2880.0,1.0,C0,999100.0,19.0
3.0,2500.0,2940.0,1.0,C0,551000.0,123.0
3.0,2500.0,2940.0,1.0,C0,1400000.0,123.0
3.0,2817.0,3404.0,1.0,C0,1150000.0,94.0
3.0,2225.0,3597.0,1.0,C0,1278406.0,4.0
3.0,2500.0,3680.0,1.0,C0,825000.0,114.0
4.0,2500.0,3280.0,2.0,C3,920000.0,94.0
6.0,2500.0,4200.0,2.0,C2,950000.0,94.0
4.0,1250.0,3750.0,2.0,C3,674814.0,25.0
9.0,3750.0,6240.0,2.0,C1,950000.0,114.0
6.0,2000.0,4539.0,2.0,C2,1500000.0,94.0
4.0,2500.0,3034.0,2.0,C3,403750.0,94.0
4.0,2550.0,3198.0,2.0,C3,1050000.0,94.0
4.0,2475.0,3861.0,2.0,C3,1304000.0,94.0
4.0,2500.0,3900.0,2.0,C3,950000.0,94.0
4.0,2750.0,2920.0,2.0,C3,800504.0,94.0
4.0,2450.0,2920.0,2.0,C3,980000.0,94.0
4.0,2475.0,2993.0,2.0,C3,815000.0,94.0
4.0,2500.0,3800.0,2.0,C3,575000.0,94.0
4.0,2500.0,3480.0,2.0,C3,800000.0,104.0
4.0,2500.0,3198.0,2.0,C3,1150000.0,94.0
4.0,2500.0,3198.0,2.0,C3,800000.0,94.0
4.0,3000.0,3280.0,2.0,C3,999000.0,94.0
4.0,2817.0,3404.0,2.0,C3,1200000.0,94.0
4.0,2250.0,3510.0,2.0,C3,1141000.0,94.0
2.0,2500.0,1000.0,1.0,B9,859000.0,119.0
2.0,2003.0,1920.0,1.0,B9,1225000.0,114.0
2.0,1736.0,1672.0,1.0,B9,905000.0,114.0
2.0,2003.0,1960.0,1.0,B9,990000.0,119.0
2.0,1753.0,1849.0,1.0,B9,738000.0,123.0
2.0,1753.0,1857.0,1.0,B9,665000.0,123.0
2.0,2504.0,1082.0,1.0,B9,950000.0,114.0
3.0,2003.0,2232.0,1.0,C0,500.0,114.0
3.0,1753.0,1785.0,1.0,C0,850000.0,123.0
8.0,2504.0,6800.0,2.0,C1,4985411.0,104.0
8.0,2504.0,6800.0,2.0,C1,4810795.0,104.0
4.0,1803.0,2838.0,2.0,C3,1200000.0,125.0
6.0,2671.0,5196.0,2.0,C2,992500.0,114.0
6.0,2003.0,3828.0,2.0,C2,780000.0,114.0
1.0,669.0,1000.0,1.0,A9,1100000.0,123.0
1.0,1750.0,2040.0,1.0,A9,925000.0,123.0
1.0,1333.0,2001.0,1.0,A9,834965.0,114.0
1.0,2500.0,1400.0,1.0,A1,300000.0,114.0
1.0,1942.0,2136.0,1.0,A5,1495000.0,114.0
2.0,2200.0,2200.0,1.0,B2,990000.0,104.0
2.0,2150.0,2150.0,1.0,B3,700000.0,104.0
2.0,1977.0,3039.0,1.0,B1,1375000.0,21.0
2.0,2033.0,2502.0,1.0,B1,1550000.0,21.0
2.0,1159.0,1656.0,1.0,B2,837000.0,114.0
2.0,2209.0,2508.0,1.0,B1,1950000.0,94.0
2.0,1936.0,1980.0,1.0,B2,1065000.0,84.0
2.0,2000.0,2096.0,1.0,B2,1799000.0,94.0
2.0,2375.0,1500.0,1.0,B3,820000.0,123.0
2.0,2438.0,2074.0,1.0,B1,35000.0,99.0
2.0,2060.0,2100.0,1.0,B2,936000.0,26.0
2.0,2900.0,3300.0,1.0,B2,1375000.0,123.0
2.0,1750.0,2040.0,1.0,B3,1818000.0,123.0
2.0,2000.0,1920.0,1.0,B9,400000.0,93.0
2.0,2000.0,2880.0,1.0,B3,1820000.0,104.0
2.0,1800.0,2160.0,1.0,B3,800000.0,104.0
2.0,1800.0,2376.0,1.0,B3,618000.0,104.0
2.0,1667.0,2400.0,1.0,B3,1835000.0,123.0
2.0,2199.0,2319.0,1.0,B2,900000.0,123.0
2.0,3078.0,1748.0,1.0,B2,1400000.0,123.0
2.0,1583.0,2046.0,1.0,B9,1400000.0,123.0
2.0,1950.0,1800.0,1.0,B2,860000.0,104.0
2.0,1431.0,2138.0,1.0,B1,810000.0,104.0
2.0,1501.0,2138.0,1.0,B1,1050000.0,104.0
2.0,4700.0,2700.0,1.0,B3,2670000.0,104.0
2.0,2000.0,2100.0,1.0,B9,715000.0,104.0
2.0,2284.0,1592.0,1.0,B1,1400000.0,19.0
2.0,2500.0,2100.0,1.0,B9,620000.0,109.0
2.0,1875.0,2532.0,1.0,B9,1160000.0,114.0
2.0,2950.0,2100.0,1.0,B1,1040000.0,30.0
2.0,1500.0,1800.0,1.0,B9,870000.0,119.0
2.0,2133.0,2100.0,1.0,B1,995000.0,30.0
2.0,1869.0,3300.0,1.0,B9,1200000.0,114.0
2.0,1924.0,3180.0,1.0,B9,88500.0,114.0
2.0,1950.0,2643.0,1.0,B9,845000.0,104.0
2.0,1560.0,1912.0,1.0,B2,1050000.0,26.0
2.0,2000.0,3000.0,1.0,B1,1415000.0,125.0
2.0,1833.0,2751.0,1.0,B2,1.0,114.0
2.0,2117.0,1960.0,1.0,B2,1190000.0,27.0
2.0,2033.0,1960.0,1.0,B2,10.0,27.0
2.0,2000.0,2400.0,1.0,B2,800000.0,114.0
2.0,2000.0,2700.0,1.0,B2,10.0,114.0
2.0,2162.0,3033.0,1.0,B1,1300000.0,20.0
2.0,2013.0,2928.0,1.0,B2,1120000.0,20.0
2.0,2000.0,2700.0,1.0,B2,2150000.0,119.0
2.0,2000.0,2700.0,1.0,B2,1935000.0,119.0
2.0,2000.0,2700.0,1.0,B2,1209000.0,119.0
2.0,1800.0,2700.0,1.0,B2,960000.0,104.0
2.0,1800.0,2700.0,1.0,B2,3600.0,104.0
2.0,2500.0,3120.0,1.0,B1,850000.0,104.0
2.0,1983.0,1984.0,1.0,B2,1500000.0,33.0
2.0,1900.0,2565.0,1.0,B2,1260000.0,114.0
2.0,2000.0,3000.0,1.0,B2,1453000.0,114.0
2.0,2000.0,2750.0,1.0,B1,100.0,20.0
2.0,1600.0,2000.0,1.0,B2,1250000.0,114.0
2.0,2000.0,3000.0,1.0,B2,999000.0,114.0
2.0,2017.0,1960.0,1.0,B2,895000.0,26.0
2.0,1606.0,1944.0,1.0,B2,400000.0,26.0
2.0,1900.0,2850.0,1.0,B2,1216490.0,114.0
2.0,2000.0,2700.0,1.0,B2,13334.0,114.0
2.0,2000.0,2700.0,1.0,B2,75000.0,114.0
2.0,2000.0,3300.0,1.0,B2,1825000.0,109.0
2.0,1892.0,3288.0,1.0,B1,10.0,109.0
2.0,2000.0,2320.0,1.0,B1,992794.0,114.0
2.0,2000.0,2320.0,1.0,B1,1357000.0,114.0
2.0,2000.0,2700.0,1.0,B2,710000.0,109.0
2.0,2000.0,2700.0,1.0,B2,1950000.0,109.0
2.0,2000.0,3000.0,1.0,B2,1950000.0,104.0
2.0,1800.0,2430.0,1.0,B2,1979000.0,99.0
2.0,2000.0,2700.0,1.0,B2,1100000.0,104.0
2.0,1500.0,1600.0,1.0,B2,1578389.0,99.0
2.0,1950.0,2925.0,1.0,B2,2100000.0,114.0
2.0,1983.0,2676.0,1.0,B2,1295000.0,114.0
2.0,2000.0,2700.0,1.0,B2,1975000.0,114.0
2.0,1975.0,2844.0,1.0,B2,860000.0,114.0
2.0,2333.0,2128.0,1.0,B1,1280000.0,89.0
2.0,2000.0,2580.0,1.0,B1,1150000.0,79.0
2.0,2000.0,2280.0,1.0,B2,1400000.0,104.0
2.0,1800.0,2268.0,1.0,B2,1200000.0,104.0
2.0,1800.0,2430.0,1.0,B9,1065000.0,99.0
2.0,2000.0,2700.0,1.0,B2,500000.0,99.0
2.0,1800.0,2430.0,1.0,B2,980000.0,99.0
2.0,731.0,2248.0,1.0,B1,1415000.0,10.0
2.0,1667.0,2250.0,1.0,B2,1597500.0,125.0
2.0,2400.0,2400.0,1.0,B1,10.0,104.0
2.0,2000.0,2160.0,1.0,B1,1255000.0,114.0
2.0,2000.0,2000.0,1.0,B2,600000.0,125.0
2.0,2000.0,3000.0,1.0,B2,600000.0,125.0
2.0,2160.0,2000.0,1.0,B1,1187500.0,20.0
2.0,1650.0,1420.0,1.0,B2,834750.0,119.0
2.0,2700.0,3600.0,1.0,B1,1270000.0,114.0
2.0,2370.0,1400.0,1.0,B2,25000.0,104.0
2.0,829.0,1680.0,1.0,B2,730000.0,119.0
2.0,1607.0,1606.0,1.0,B2,535000.0,104.0
2.0,1590.0,1700.0,1.0,B2,744000.0,104.0
3.0,2000.0,3120.0,1.0,C0,25000.0,16.0
3.0,2000.0,3120.0,1.0,C0,25000.0,16.0
3.0,2000.0,3600.0,1.0,C0,999000.0,125.0
3.0,1600.0,3600.0,1.0,C0,1391250.0,21.0
3.0,1482.0,2052.0,1.0,C0,980000.0,114.0
3.0,1945.0,3900.0,1.0,C0,1502005.0,17.0
3.0,2000.0,2700.0,1.0,C0,2280000.0,104.0
3.0,2000.0,3300.0,1.0,C0,100.0,119.0
3.0,2000.0,3000.0,1.0,C0,1009086.0,119.0
3.0,2000.0,3000.0,1.0,C0,100.0,114.0
3.0,2000.0,3000.0,1.0,C0,980000.0,114.0
3.0,1800.0,2430.0,1.0,C0,2195000.0,114.0
3.0,1800.0,2430.0,1.0,C0,1590000.0,114.0
3.0,1900.0,3600.0,1.0,C0,1700000.0,114.0
3.0,2000.0,3000.0,1.0,C0,1200000.0,104.0
3.0,1875.0,3375.0,1.0,C0,2575000.0,119.0
3.0,1900.0,3040.0,1.0,C0,1750000.0,19.0
3.0,2000.0,3300.0,1.0,C0,1300000.0,123.0
3.0,2000.0,3300.0,1.0,C0,1389000.0,123.0
3.0,2000.0,2700.0,1.0,C0,1148000.0,114.0
3.0,1900.0,2565.0,1.0,C0,750000.0,114.0
3.0,2000.0,3000.0,1.0,C0,1650000.0,123.0
3.0,2000.0,3300.0,1.0,C0,1230000.0,114.0
3.0,1900.0,3300.0,1.0,C0,1225000.0,123.0
3.0,2000.0,2880.0,1.0,C0,1502330.0,109.0
3.0,2000.0,3000.0,1.0,C0,1980000.0,109.0
3.0,2000.0,2700.0,1.0,C0,1979000.0,114.0
3.0,1720.0,3300.0,1.0,C0,1100000.0,125.0
3.0,1900.0,2850.0,1.0,C0,10.0,109.0
3.0,2000.0,3300.0,1.0,C0,1050000.0,109.0
3.0,2000.0,2880.0,1.0,C0,1131276.0,123.0
3.0,2000.0,2880.0,1.0,C0,1605000.0,123.0
3.0,1800.0,2820.0,1.0,C0,1640000.0,17.0
3.0,1800.0,2360.0,1.0,C0,2535000.0,109.0
3.0,1600.0,3000.0,1.0,C0,2000000.0,99.0
3.0,1900.0,2850.0,1.0,C0,1125000.0,114.0
3.0,2256.0,3618.0,1.0,C0,745000.0,19.0
3.0,1558.0,2565.0,1.0,C0,1025000.0,125.0
3.0,2000.0,3300.0,1.0,C0,1120075.0,125.0
3.0,2000.0,3300.0,1.0,C0,880000.0,125.0
3.0,1900.0,2565.0,1.0,C0,750000.0,125.0
3.0,2000.0,4290.0,1.0,C0,1250000.0,19.0
3.0,1950.0,3207.0,1.0,C0,447800.0,114.0
3.0,2000.0,1924.0,1.0,C0,1635000.0,18.0
3.0,1560.0,2925.0,1.0,C0,2185000.0,123.0
3.0,1917.0,2589.0,1.0,C0,1805000.0,114.0
3.0,1875.0,2532.0,1.0,C0,1870000.0,114.0
3.0,1950.0,1950.0,1.0,C0,120000.0,125.0
6.0,2500.0,4200.0,2.0,C2,945000.0,93.0
4.0,2200.0,3630.0,2.0,C3,850000.0,93.0
4.0,1440.0,1980.0,2.0,C3,850000.0,93.0
10.0,3495.0,13055.0,2.0,C7,5190.0,7.0
6.0,2500.0,4125.0,2.0,C2,815000.0,93.0
8.0,2500.0,6058.0,2.0,C1,1000.0,7.0
6.0,2500.0,4125.0,2.0,C2,850000.0,93.0
6.0,2500.0,4125.0,2.0,C2,945000.0,93.0
6.0,2500.0,4500.0,2.0,C2,1825000.0,93.0
6.0,2500.0,4650.0,2.0,C2,890000.0,93.0
8.0,2500.0,7800.0,2.0,C1,1335000.0,93.0
6.0,2500.0,4350.0,2.0,C2,945000.0,93.0
6.0,2500.0,4500.0,2.0,C2,565208.0,93.0
6.0,2500.0,5250.0,2.0,C2,4800000.0,93.0
6.0,2438.0,5250.0,2.0,C2,1150000.0,93.0
6.0,2500.0,4500.0,2.0,C2,1775000.0,93.0
7.0,1800.0,4800.0,2.0,C7,2300000.0,9.0
6.0,2500.0,4130.0,2.0,C2,800000.0,93.0
8.0,2500.0,6278.0,2.0,C1,4125000.0,7.0
6.0,2188.0,5400.0,2.0,C2,1000.0,93.0
4.0,2500.0,3420.0,2.0,C3,1800000.0,93.0
6.0,2800.0,4200.0,2.0,C2,36999.0,93.0
6.0,1250.0,1842.0,2.0,C5,1999999.0,103.0
4.0,3800.0,3200.0,2.0,C3,2050000.0,93.0
4.0,2500.0,3200.0,2.0,C3,10.0,93.0
8.0,2200.0,5194.0,2.0,C1,10.0,114.0
8.0,2200.0,5194.0,2.0,C1,1600000.0,114.0
6.0,2075.0,5095.0,2.0,C2,3617180.0,114.0
7.0,2500.0,8500.0,2.0,C7,278670.0,114.0
6.0,2500.0,5250.0,2.0,C2,3250000.0,117.0
8.0,2667.0,6176.0,2.0,C1,1350000.0,5.0
6.0,1800.0,3402.0,2.0,C2,750000.0,104.0
6.0,2650.0,5486.0,2.0,C2,975000.0,110.0
4.0,2500.0,3075.0,2.0,C3,1200000.0,110.0
6.0,1900.0,4174.0,2.0,C2,500.0,109.0
6.0,2175.0,5220.0,2.0,C2,1.0,114.0
6.0,2500.0,4500.0,2.0,C2,1516233.0,118.0
6.0,2308.0,5540.0,2.0,C2,384000.0,98.0
4.0,2500.0,3450.0,2.0,C3,1200000.0,118.0
5.0,2000.0,3309.0,2.0,C2,995000.0,123.0
6.0,2250.0,5250.0,2.0,C2,1700000.0,113.0
1.0,1224.0,2276.0,1.0,A1,585000.0,74.0
1.0,2217.0,1671.0,1.0,A5,660000.0,84.0
1.0,2000.0,1188.0,1.0,A5,610000.0,84.0
1.0,2225.0,1680.0,1.0,A5,669500.0,79.0
1.0,1440.0,864.0,1.0,A5,587000.0,79.0
1.0,1440.0,992.0,1.0,A5,685000.0,84.0
1.0,1530.0,1020.0,1.0,A5,786000.0,84.0
1.0,1600.0,896.0,1.0,A5,640000.0,79.0
1.0,1600.0,896.0,1.0,A5,1.0,79.0
1.0,1600.0,896.0,1.0,A5,565000.0,79.0
1.0,2217.0,1676.0,1.0,A5,1.0,99.0
1.0,2000.0,1008.0,1.0,A5,568579.0,104.0
1.0,3000.0,968.0,1.0,A9,395000.0,114.0
1.0,2500.0,848.0,1.0,A2,721000.0,94.0
1.0,2500.0,848.0,1.0,A2,220000.0,94.0
1.0,1800.0,1120.0,1.0,A5,623000.0,64.0
1.0,1517.0,672.0,1.0,A2,550000.0,94.0
1.0,1460.0,1980.0,1.0,A5,675000.0,59.0
1.0,2000.0,442.0,1.0,A2,300000.0,79.0
1.0,1753.0,1792.0,1.0,A1,500.0,89.0
1.0,4000.0,860.0,1.0,A2,100.0,84.0
1.0,3000.0,552.0,1.0,A2,655000.0,94.0
1.0,2529.0,1508.0,1.0,A1,760000.0,123.0
1.0,2000.0,1224.0,1.0,A1,571650.0,104.0
1.0,2600.0,1980.0,1.0,A5,745000.0,59.0
1.0,1445.0,1120.0,1.0,A5,600000.0,59.0
1.0,1600.0,1120.0,1.0,A5,440000.0,59.0
1.0,4290.0,2500.0,1.0,A1,630000.0,35.0
1.0,2800.0,1260.0,1.0,A1,750000.0,94.0
1.0,2833.0,1400.0,1.0,A2,720000.0,89.0
1.0,1800.0,2052.0,1.0,A5,550000.0,59.0
1.0,1701.0,1440.0,1.0,A5,675000.0,64.0
1.0,4500.0,1134.0,1.0,A2,300000.0,89.0
1.0,2500.0,1683.0,1.0,A1,690000.0,104.0
1.0,1940.0,975.0,1.0,A1,539000.0,104.0
1.0,2000.0,1140.0,1.0,A9,635000.0,99.0
1.0,2396.0,1240.0,1.0,A1,745000.0,84.0
1.0,5000.0,1097.0,1.0,A9,700000.0,84.0
1.0,2500.0,1080.0,1.0,A1,680000.0,109.0
1.0,5276.0,1516.0,1.0,A1,794000.0,114.0
1.0,2500.0,1230.0,1.0,A1,799000.0,99.0
1.0,4670.0,1100.0,1.0,A1,600000.0,114.0
1.0,1176.0,630.0,1.0,A2,230000.0,99.0
1.0,2000.0,1280.0,1.0,A1,350000.0,104.0
1.0,1750.0,1020.0,1.0,A1,630000.0,99.0
1.0,2256.0,1148.0,1.0,A5,969000.0,104.0
1.0,3072.0,1176.0,1.0,A1,440000.0,94.0
1.0,3072.0,1176.0,1.0,A1,731000.0,94.0
1.0,1925.0,704.0,1.0,A1,447098.0,94.0
1.0,2000.0,1156.0,1.0,A1,749000.0,109.0
1.0,2174.0,1782.0,1.0,A5,682500.0,64.0
1.0,1400.0,1224.0,1.0,A5,605000.0,64.0
1.0,1575.0,1224.0,1.0,A5,699000.0,64.0
1.0,2742.0,952.0,1.0,A1,400000.0,114.0
1.0,2550.0,1600.0,1.0,A5,725000.0,59.0
1.0,2673.0,1260.0,1.0,A1,546000.0,104.0
1.0,2825.0,680.0,1.0,A2,390000.0,79.0
1.0,1444.0,1599.0,1.0,A9,726477.0,22.0
1.0,2825.0,816.0,1.0,A2,558000.0,104.0
1.0,2825.0,816.0,1.0,A2,500.0,104.0
1.0,2825.0,816.0,1.0,A2,256400.0,104.0
1.0,1548.0,2052.0,1.0,A5,1.0,69.0
1.0,2700.0,2310.0,1.0,A5,800000.0,59.0
1.0,3308.0,2040.0,1.0,A5,639000.0,64.0
1.0,1254.0,589.0,1.0,A2,407000.0,104.0
1.0,1254.0,589.0,1.0,A2,503699.0,104.0
1.0,2730.0,946.0,1.0,A1,10.0,99.0
1.0,2750.0,720.0,1.0,A2,309000.0,104.0
1.0,2600.0,1080.0,1.0,A5,585000.0,69.0
1.0,4000.0,968.0,1.0,A2,590000.0,69.0
1.0,2600.0,1080.0,1.0,A5,370000.0,69.0
1.0,2600.0,1080.0,1.0,A5,639000.0,69.0
1.0,2600.0,1080.0,1.0,A5,607025.0,64.0
1.0,2600.0,1080.0,1.0,A5,585000.0,64.0
1.0,2250.0,2044.0,1.0,A5,730000.0,59.0
1.0,3840.0,1840.0,1.0,A5,790000.0,59.0
1.0,4000.0,1400.0,1.0,A1,757500.0,104.0
1.0,4000.0,968.0,1.0,A2,750000.0,64.0
1.0,4000.0,968.0,1.0,A2,450000.0,64.0
1.0,2000.0,1200.0,1.0,A1,700000.0,99.0
1.0,3216.0,768.0,1.0,A2,619000.0,79.0
1.0,3800.0,1820.0,1.0,A1,841000.0,84.0
1.0,2000.0,1344.0,1.0,A9,620000.0,114.0
1.0,4508.0,960.0,1.0,A2,650000.0,99.0
1.0,2125.0,1440.0,1.0,A5,600000.0,64.0
1.0,4000.0,1872.0,1.0,A1,610000.0,64.0
1.0,2632.0,1368.0,1.0,A5,710000.0,64.0
1.0,2100.0,1216.0,1.0,A5,695000.0,59.0
2.0,3000.0,2275.0,1.0,B1,965000.0,79.0
2.0,2750.0,2275.0,1.0,B1,582500.0,79.0
2.0,2150.0,1727.0,1.0,B1,700000.0,79.0
2.0,2650.0,2263.0,1.0,B3,849000.0,94.0
2.0,2650.0,2528.0,1.0,B1,10.0,84.0
2.0,2200.0,1822.0,1.0,B1,590000.0,89.0
2.0,2200.0,1848.0,1.0,B3,445000.0,79.0
2.0,2200.0,1392.0,1.0,B1,437000.0,74.0
2.0,2000.0,2180.0,1.0,B1,730000.0,69.0
2.0,2000.0,2980.0,1.0,B1,750000.0,64.0
2.0,2000.0,2420.0,1.0,B1,10.0,64.0
2.0,2000.0,2256.0,1.0,B1,850000.0,64.0
2.0,3033.0,3430.0,1.0,B1,725000.0,59.0
2.0,3060.0,1800.0,1.0,B2,225908.0,59.0
2.0,7410.0,4088.0,1.0,B2,20000.0,89.0
2.0,2158.0,2859.0,1.0,B1,895000.0,59.0
2.0,2200.0,2156.0,1.0,B1,604000.0,64.0
2.0,2000.0,3450.0,1.0,B1,10.0,64.0
2.0,2000.0,2760.0,1.0,B1,10.0,64.0
2.0,1800.0,2052.0,1.0,B1,1100000.0,64.0
2.0,1992.0,1786.0,1.0,B1,500.0,64.0
2.0,3000.0,1344.0,1.0,B1,810000.0,104.0
2.0,2000.0,3300.0,1.0,B2,950000.0,18.0
2.0,2100.0,1680.0,1.0,B1,700000.0,64.0
2.0,1867.0,2214.0,1.0,B1,899000.0,64.0
2.0,1867.0,2214.0,1.0,B1,675000.0,64.0
2.0,3033.0,2214.0,1.0,B1,662500.0,64.0
2.0,2000.0,1720.0,1.0,B1,10.0,64.0
2.0,1992.0,2109.0,1.0,B1,1150000.0,64.0
2.0,2133.0,2016.0,1.0,B1,967338.0,64.0
2.0,3000.0,3100.0,1.0,B9,1000.0,59.0
2.0,2000.0,1800.0,1.0,B2,680000.0,104.0
2.0,2000.0,2760.0,1.0,B1,348333.0,49.0
2.0,2000.0,2760.0,1.0,B1,1175000.0,49.0
2.0,1967.0,2166.0,1.0,B9,717000.0,59.0
2.0,3525.0,1152.0,1.0,B3,745000.0,104.0
2.0,2183.0,1656.0,1.0,B2,905000.0,94.0
2.0,2192.0,2838.0,1.0,B1,990000.0,59.0
2.0,2000.0,2760.0,1.0,B9,800000.0,59.0
2.0,4000.0,3692.0,1.0,B1,731863.0,64.0
2.0,4833.0,3160.0,1.0,B2,999000.0,24.0
2.0,2656.0,2920.0,1.0,B2,915000.0,24.0
2.0,2000.0,2340.0,1.0,B9,520000.0,64.0
2.0,2142.0,1802.0,1.0,B1,855000.0,69.0
2.0,2150.0,1892.0,1.0,B1,875000.0,74.0
2.0,2583.0,1760.0,1.0,B3,830000.0,104.0
2.0,2583.0,1760.0,1.0,B3,702000.0,104.0
2.0,2475.0,2800.0,1.0,B1,735601.0,64.0
2.0,1800.0,2394.0,1.0,B9,1.0,59.0
2.0,1975.0,2500.0,1.0,B9,912000.0,59.0
2.0,2175.0,2058.0,1.0,B2,800000.0,69.0
2.0,2167.0,2058.0,1.0,B2,600000.0,69.0
2.0,2167.0,2058.0,1.0,B2,770000.0,69.0
2.0,2000.0,2160.0,1.0,B9,10.0,64.0
2.0,2000.0,2160.0,1.0,B9,825000.0,64.0
2.0,2150.0,1956.0,1.0,B1,655000.0,69.0
2.0,2000.0,1740.0,1.0,B9,750000.0,69.0
2.0,3000.0,896.0,1.0,B2,710000.0,99.0
2.0,2000.0,1060.0,1.0,B2,650000.0,99.0
2.0,2000.0,1610.0,1.0,B1,700000.0,69.0
2.0,2000.0,1610.0,1.0,B1,10.0,69.0
2.0,2000.0,1400.0,1.0,B9,10.0,69.0
2.0,2400.0,2412.0,1.0,B1,300000.0,64.0
2.0,1800.0,2268.0,1.0,B9,10000.0,64.0
2.0,2000.0,1610.0,1.0,B1,10.0,69.0
2.0,2000.0,1610.0,1.0,B1,879000.0,69.0
2.0,2000.0,1610.0,1.0,B1,450100.0,69.0
2.0,2000.0,1610.0,1.0,B1,723937.0,69.0
2.0,1960.0,2760.0,1.0,B9,1100000.0,64.0
2.0,2000.0,2760.0,1.0,B9,1040000.0,64.0
2.0,3425.0,3063.0,1.0,B1,1.0,64.0
2.0,2000.0,2000.0,1.0,B1,551000.0,74.0
2.0,2000.0,2275.0,1.0,B1,875000.0,64.0
2.0,2600.0,2500.0,1.0,B1,430000.0,74.0
2.0,2200.0,1889.0,1.0,B3,356250.0,84.0
2.0,2860.0,3019.0,1.0,B1,746000.0,64.0
2.0,1817.0,2310.0,1.0,B9,900000.0,94.0
2.0,2815.0,1920.0,1.0,B2,10.0,94.0
2.0,4000.0,1908.0,1.0,B1,975000.0,64.0
2.0,2394.0,1824.0,1.0,B9,162271.0,99.0
2.0,5680.0,1536.0,1.0,B2,785000.0,104.0
2.0,1180.0,2000.0,1.0,B3,456300.0,104.0
2.0,2708.0,2088.0,1.0,B2,1200000.0,99.0
2.0,2058.0,2140.0,1.0,B1,899000.0,25.0
2.0,2500.0,1872.0,1.0,B2,804647.0,94.0
2.0,2400.0,1920.0,1.0,B2,920000.0,19.0
2.0,4500.0,2000.0,1.0,B2,700000.0,84.0
2.0,2000.0,1540.0,1.0,B1,707500.0,69.0
2.0,1908.0,1584.0,1.0,B2,860000.0,104.0
2.0,5175.0,1036.0,1.0,B3,10.0,104.0
2.0,5283.0,1188.0,1.0,B2,535000.0,125.0
2.0,2500.0,1310.0,1.0,B2,890000.0,109.0
2.0,2000.0,1560.0,1.0,B1,780000.0,64.0
2.0,2008.0,1560.0,1.0,B1,465426.0,69.0
2.0,2000.0,2160.0,1.0,B9,600000.0,64.0
2.0,2000.0,1596.0,1.0,B1,885000.0,69.0
2.0,2000.0,1596.0,1.0,B1,223000.0,69.0
2.0,2500.0,1600.0,1.0,B2,299486.0,94.0
2.0,2500.0,1600.0,1.0,B1,870000.0,94.0
2.0,1800.0,1560.0,1.0,B1,578500.0,64.0
2.0,2000.0,2320.0,1.0,B9,15000.0,64.0
2.0,2587.0,2990.0,1.0,B1,984300.0,64.0
2.0,3224.0,2240.0,1.0,B1,895000.0,64.0
2.0,2000.0,1560.0,1.0,B1,984000.0,64.0
2.0,2120.0,2235.0,1.0,B9,525000.0,64.0
2.0,2120.0,2235.0,1.0,B9,916057.0,64.0
2.0,3533.0,2235.0,1.0,B9,722755.0,64.0
2.0,3533.0,2235.0,1.0,B9,500.0,64.0
2.0,2000.0,1835.0,1.0,B1,550000.0,69.0
2.0,2833.0,2272.0,1.0,B9,850000.0,69.0
2.0,2000.0,2272.0,1.0,B9,845148.0,69.0
2.0,3000.0,2174.0,1.0,B2,736221.0,64.0
2.0,2000.0,1635.0,1.0,B1,750000.0,69.0
2.0,2533.0,2563.0,1.0,B1,802000.0,64.0
2.0,2000.0,3220.0,1.0,B9,900000.0,64.0
2.0,1473.0,3000.0,1.0,B1,10.0,30.0
2.0,4000.0,2376.0,1.0,B3,800000.0,94.0
2.0,3249.0,2750.0,1.0,B1,1275000.0,2.0
2.0,3225.0,2200.0,1.0,B2,1020000.0,64.0
2.0,3023.0,2200.0,1.0,B9,250000.0,54.0
2.0,2256.0,2224.0,1.0,B2,670000.0,104.0
2.0,3000.0,2612.0,1.0,B1,950000.0,69.0
2.0,3200.0,1619.0,1.0,B2,394800.0,99.0
2.0,2527.0,2122.0,1.0,B2,565000.0,19.0
2.0,1588.0,1548.0,1.0,B2,630000.0,104.0
2.0,2700.0,1508.0,1.0,B2,500000.0,104.0
2.0,1348.0,1529.0,1.0,B3,849000.0,104.0
2.0,1800.0,1320.0,1.0,B1,670000.0,69.0
2.0,2000.0,880.0,1.0,B1,862000.0,69.0
2.0,2000.0,1540.0,1.0,B1,26400.0,69.0
2.0,2000.0,1612.0,1.0,B1,715000.0,69.0
2.0,1927.0,1612.0,1.0,B1,825000.0,69.0
2.0,2000.0,2210.0,1.0,B9,982000.0,64.0
2.0,1927.0,1577.0,1.0,B1,700000.0,64.0
2.0,2000.0,1585.0,1.0,B1,730000.0,64.0
2.0,2310.0,2200.0,1.0,B1,1070000.0,64.0
2.0,1800.0,1312.0,1.0,B3,497196.0,104.0
2.0,1933.0,1472.0,1.0,B2,968243.0,104.0
2.0,3000.0,1678.0,1.0,B2,10.0,104.0
2.0,2525.0,2646.0,1.0,B1,995000.0,21.0
2.0,2167.0,1512.0,1.0,B2,490000.0,99.0
2.0,2140.0,1914.0,1.0,B2,970000.0,17.0
2.0,2150.0,1506.0,1.0,B1,749000.0,69.0
2.0,2000.0,1428.0,1.0,B1,730000.0,79.0
2.0,2400.0,1632.0,1.0,B1,10.0,79.0
2.0,2150.0,1884.0,1.0,B1,950000.0,69.0
2.0,6525.0,1298.0,1.0,B3,550103.0,114.0
2.0,3263.0,1056.0,1.0,B2,400000.0,119.0
2.0,3000.0,2436.0,1.0,B9,900000.0,64.0
2.0,2700.0,1824.0,1.0,B1,50000.0,64.0
2.0,2000.0,1504.0,1.0,B1,799000.0,94.0
2.0,2158.0,1560.0,1.0,B2,500.0,94.0
2.0,2158.0,1560.0,1.0,B2,412965.0,94.0
2.0,2510.0,1656.0,1.0,B2,777000.0,104.0
2.0,2800.0,1920.0,1.0,B1,840000.0,109.0
2.0,2360.0,2236.0,1.0,B1,1100000.0,22.0
2.0,3000.0,2997.0,1.0,B2,800000.0,114.0
2.0,2000.0,1675.0,1.0,B1,465000.0,64.0
2.0,2000.0,1760.0,1.0,B1,825000.0,64.0
2.0,2000.0,1540.0,1.0,B1,800000.0,69.0
2.0,2020.0,1600.0,1.0,B1,850000.0,64.0
2.0,4167.0,2380.0,1.0,B2,798250.0,64.0
2.0,4200.0,1630.0,1.0,B2,919000.0,64.0
2.0,2000.0,2520.0,1.0,B9,949000.0,59.0
2.0,2133.0,1806.0,1.0,B1,900000.0,64.0
2.0,1920.0,3120.0,1.0,B9,915000.0,64.0
2.0,3290.0,1976.0,1.0,B2,598731.0,89.0
2.0,864.0,1200.0,1.0,B3,10.0,94.0
2.0,2833.0,1560.0,1.0,B1,750000.0,64.0
2.0,2000.0,1560.0,1.0,B1,10.0,64.0
2.0,2000.0,1560.0,1.0,B1,870000.0,64.0
2.0,2000.0,1760.0,1.0,B1,525000.0,64.0
2.0,2091.0,2160.0,1.0,B1,950000.0,64.0
2.0,5720.0,3400.0,1.0,B2,1355000.0,89.0
2.0,2000.0,2258.0,1.0,B9,10.0,69.0
2.0,2683.0,2735.0,1.0,B2,410000.0,64.0
3.0,3000.0,2688.0,1.0,C0,1200000.0,104.0
3.0,2707.0,3025.0,1.0,C0,863000.0,44.0
3.0,2500.0,2280.0,1.0,C0,589750.0,84.0
3.0,2500.0,2478.0,1.0,C0,750000.0,94.0
3.0,2000.0,3120.0,1.0,C0,840000.0,64.0
3.0,3033.0,3430.0,1.0,C0,260000.0,59.0
3.0,4000.0,5424.0,1.0,C0,1350000.0,27.0
3.0,3000.0,2968.0,1.0,C0,1120000.0,64.0
3.0,3000.0,2593.0,1.0,C0,999000.0,54.0
3.0,2000.0,2860.0,1.0,C0,1100000.0,59.0
3.0,3100.0,3013.0,1.0,C0,752487.0,59.0
3.0,3100.0,3013.0,1.0,C0,963753.0,59.0
3.0,2380.0,2687.0,1.0,C0,884801.0,64.0
3.0,2200.0,2843.0,1.0,C0,665000.0,64.0
3.0,3756.0,2712.0,1.0,C0,1050000.0,64.0
3.0,2000.0,2800.0,1.0,C0,1.0,64.0
3.0,2392.0,2773.0,1.0,C0,991000.0,64.0
3.0,2420.0,3067.0,1.0,C0,950000.0,64.0
3.0,3221.0,2950.0,1.0,C0,450000.0,59.0
3.0,2372.0,3360.0,1.0,C0,850000.0,99.0
3.0,3049.0,2140.0,1.0,C0,585000.0,104.0
3.0,3011.0,3339.0,1.0,C0,585000.0,18.0
3.0,3750.0,3366.0,1.0,C0,1180000.0,18.0
3.0,2000.0,2080.0,1.0,C0,725000.0,59.0
3.0,2600.0,4028.0,1.0,C0,1200000.0,30.0
3.0,11613.0,3366.0,1.0,C0,1350000.0,64.0
3.0,2761.0,2208.0,1.0,C0,970000.0,94.0
3.0,2016.0,1920.0,1.0,C0,992368.0,94.0
4.0,3900.0,3600.0,2.0,C3,1030000.0,104.0
4.0,3000.0,3600.0,2.0,C3,780000.0,104.0
4.0,3900.0,3564.0,2.0,C3,890000.0,104.0
5.0,2000.0,3000.0,2.0,C2,630000.0,54.0
4.0,3300.0,3000.0,2.0,C3,1100000.0,104.0
1.0,1250.0,2400.0,1.0,A4,4000000.0,125.0
1.0,2083.0,3700.0,1.0,A4,7500000.0,124.0
1.0,2000.0,3920.0,1.0,A9,4575000.0,123.0
1.0,950.0,2040.0,1.0,A4,2151000.0,123.0
1.0,2000.0,3915.0,1.0,A4,7200000.0,125.0
1.0,1933.0,3750.0,1.0,A4,7250000.0,123.0
1.0,2500.0,4976.0,1.0,A4,11250000.0,104.0
1.0,2000.0,4012.0,1.0,A4,7350000.0,125.0
1.0,1125.0,2025.0,1.0,A4,2999999.0,125.0
1.0,1930.0,2700.0,1.0,A0,5500000.0,125.0
1.0,1875.0,5000.0,1.0,A4,7400000.0,104.0
2.0,1750.0,3761.0,1.0,B1,6600000.0,124.0
2.0,1667.0,3400.0,1.0,B9,3750000.0,125.0
2.0,2917.0,4498.0,1.0,B9,4720000.0,64.0
2.0,1667.0,3068.0,1.0,B9,2400000.0,123.0
2.0,2000.0,4000.0,1.0,B9,5100000.0,125.0
2.0,1567.0,2025.0,1.0,B9,2615000.0,123.0
2.0,1957.0,3120.0,1.0,B1,5250000.0,123.0
2.0,1667.0,3000.0,1.0,B1,3830000.0,104.0
2.0,1800.0,2280.0,1.0,B3,3100000.0,123.0
2.0,1992.0,2477.0,1.0,B9,3750000.0,125.0
3.0,1350.0,3144.0,1.0,C0,2500000.0,125.0
3.0,2142.0,4200.0,1.0,C0,4650000.0,94.0
3.0,1360.0,3360.0,1.0,C0,3300000.0,125.0
3.0,1800.0,2590.0,1.0,C0,2700000.0,125.0
3.0,2000.0,2700.0,1.0,C0,2875000.0,125.0
3.0,1400.0,2520.0,1.0,C0,2500000.0,125.0
3.0,1875.0,2052.0,1.0,C0,2450000.0,123.0
3.0,2500.0,3425.0,1.0,C0,5100000.0,104.0
3.0,1659.0,2142.0,1.0,C0,2800000.0,123.0
3.0,1783.0,2720.0,1.0,C0,1800000.0,114.0
3.0,2500.0,3800.0,1.0,C0,3950000.0,123.0
3.0,2000.0,3040.0,1.0,C0,2850000.0,125.0
3.0,2000.0,3800.0,1.0,C0,3100000.0,125.0
3.0,1667.0,2928.0,1.0,C0,2625000.0,125.0
3.0,1667.0,2928.0,1.0,C0,3100000.0,125.0
3.0,1740.0,3094.0,1.0,C0,4275000.0,125.0
3.0,2000.0,2400.0,1.0,C0,2930000.0,125.0
3.0,1900.0,3240.0,1.0,C0,2450000.0,123.0
8.0,2200.0,4500.0,2.0,C1,1550000.0,93.0
4.0,2400.0,6492.0,2.0,C3,5000000.0,124.0
4.0,1540.0,2400.0,2.0,C3,2975000.0,124.0
4.0,1333.0,3360.0,2.0,C3,4500000.0,93.0
4.0,1600.0,2781.0,2.0,C3,2785000.0,124.0
4.0,1680.0,2400.0,2.0,C3,3200000.0,124.0
4.0,2200.0,2464.0,2.0,C3,2999000.0,124.0
4.0,2600.0,3952.0,2.0,C3,4950000.0,124.0
6.0,1792.0,5620.0,2.0,C2,4550000.0,114.0
4.0,1932.0,3492.0,2.0,C3,3500000.0,94.0
4.0,2000.0,3035.0,2.0,C3,3850000.0,124.0
6.0,3974.0,3607.0,2.0,C2,1900000.0,124.0
4.0,2100.0,2646.0,2.0,C3,3225000.0,124.0
8.0,1750.0,5000.0,2.0,C1,615000.0,124.0
4.0,2200.0,3300.0,2.0,C3,3400000.0,104.0
4.0,2500.0,4085.0,2.0,C3,2695000.0,93.0
4.0,2500.0,3750.0,2.0,C3,4750000.0,104.0
8.0,2500.0,6272.0,2.0,C1,3400000.0,104.0
8.0,2700.0,8640.0,2.0,C1,6900000.0,104.0
11.0,2875.0,8284.0,2.0,C1,3759500.0,109.0
8.0,2500.0,5000.0,2.0,C1,2700000.0,93.0
1.0,1890.0,2870.0,1.0,A9,7000000.0,94.0
1.0,1238.0,2208.0,1.0,A4,2100000.0,123.0
1.0,1546.0,3827.0,1.0,A4,4850000.0,3.0
1.0,1350.0,2684.0,1.0,A5,3300000.0,1.0
1.0,1546.0,1372.0,1.0,A9,1480000.0,125.0
2.0,5635.0,2410.0,1.0,B3,2200000.0,114.0
2.0,2000.0,2420.0,1.0,B3,2840000.0,123.0
2.0,2000.0,3200.0,1.0,B3,2293980.0,123.0
2.0,2310.0,3780.0,1.0,B3,1.0,125.0
2.0,1363.0,3360.0,1.0,B9,4100000.0,125.0
2.0,1350.0,1638.0,1.0,B3,1180000.0,125.0
2.0,1546.0,3008.0,1.0,B9,300000.0,125.0
2.0,2030.0,3600.0,1.0,B9,2725000.0,125.0
2.0,2000.0,2640.0,1.0,B3,1950000.0,125.0
3.0,2000.0,2400.0,1.0,C0,1.0,123.0
3.0,2000.0,2100.0,1.0,C0,2340000.0,123.0
3.0,2500.0,1980.0,1.0,C0,950000.0,123.0
3.0,2500.0,2580.0,1.0,C0,1350000.0,123.0
3.0,2000.0,3200.0,1.0,C0,2075000.0,119.0
3.0,1808.0,5400.0,1.0,C0,3695000.0,119.0
3.0,2000.0,3328.0,1.0,C0,5775000.0,125.0
3.0,2083.0,3748.0,1.0,C0,4115000.0,129.0
3.0,1269.0,2400.0,1.0,C0,2815000.0,125.0
3.0,2000.0,3360.0,1.0,C0,3500000.0,125.0
3.0,2132.0,4032.0,1.0,C0,2334300.0,123.0
3.0,1675.0,3096.0,1.0,C0,3268000.0,114.0
3.0,1600.0,3040.0,1.0,C0,2999990.0,123.0
3.0,2400.0,2520.0,1.0,C0,2050000.0,125.0
4.0,3375.0,4520.0,2.0,C3,3500000.0,114.0
8.0,2200.0,3600.0,2.0,C5,60000.0,119.0
4.0,1333.0,3195.0,2.0,C3,1313910.0,119.0
5.0,1737.0,4300.0,2.0,C2,2300000.0,94.0
6.0,1900.0,4200.0,2.0,C2,4525000.0,119.0
4.0,1942.0,2631.0,2.0,C3,1999999.0,119.0
5.0,2000.0,3950.0,2.0,C2,4185000.0,125.0
5.0,2000.0,3956.0,2.0,C2,4185000.0,125.0
4.0,1742.0,4200.0,2.0,C3,2300000.0,125.0
6.0,2385.0,3540.0,2.0,C5,341750.0,124.0
7.0,2030.0,2700.0,2.0,C5,2275000.0,124.0
8.0,2620.0,5834.0,2.0,C1,3500000.0,125.0
8.0,2195.0,2531.0,2.0,C1,2500000.0,94.0
4.0,2530.0,2200.0,2.0,C3,1.0,94.0
4.0,2530.0,2200.0,2.0,C3,1.0,94.0
1.0,1600.0,4160.0,1.0,A4,6400000.0,7.0
1.0,3744.0,5400.0,1.0,A5,15000000.0,104.0
1.0,679.0,1056.0,1.0,A4,2400000.0,125.0
1.0,2185.0,1056.0,1.0,A4,3200000.0,125.0
2.0,2090.0,4582.0,1.0,A9,6460000.0,123.0
1.0,1765.0,2880.0,1.0,A4,4675000.0,123.0
2.0,2250.0,4800.0,1.0,B9,7750000.0,125.0
2.0,2375.0,3440.0,1.0,B9,6895000.0,125.0
2.0,1888.0,2488.0,1.0,B9,1300562.0,123.0
2.0,2700.0,4860.0,1.0,B9,5250000.0,114.0
2.0,2497.0,5934.0,1.0,B1,11300000.0,123.0
2.0,1489.0,2172.0,1.0,B1,4350000.0,123.0
2.0,1739.0,2405.0,1.0,B9,3200000.0,69.0
3.0,2500.0,4000.0,1.0,C0,4775000.0,125.0
3.0,2125.0,4800.0,1.0,C0,6300000.0,125.0
3.0,1514.0,3264.0,1.0,C0,3813000.0,124.0
3.0,1947.0,3960.0,1.0,C0,3995000.0,125.0
3.0,2363.0,3822.0,1.0,C0,5300000.0,124.0
3.0,2250.0,3360.0,1.0,C0,1475000.0,123.0
3.0,2250.0,3360.0,1.0,C0,2995000.0,123.0
5.0,2025.0,3510.0,2.0,C2,1530000.0,114.0
4.0,2500.0,5000.0,2.0,C3,2800000.0,124.0
4.0,2433.0,3840.0,2.0,C3,4340000.0,93.0
3.0,1997.0,3200.0,2.0,C3,4900000.0,124.0
4.0,2200.0,4224.0,2.0,C3,4650000.0,109.0
4.0,2695.0,3000.0,2.0,C3,7000000.0,124.0
5.0,2815.0,6000.0,2.0,C2,6400000.0,114.0
4.0,2100.0,2646.0,2.0,C3,3500000.0,124.0
1.0,1750.0,3102.0,1.0,A4,2637268.0,8.0
1.0,1750.0,3102.0,1.0,A4,3600000.0,8.0
3.0,2000.0,2100.0,1.0,C0,1900000.0,125.0
4.0,2000.0,2880.0,2.0,C3,2650000.0,124.0
5.0,1992.0,6053.0,2.0,C2,195605.0,4.0
5.0,1992.0,6053.0,2.0,C2,185358.0,4.0
5.0,1992.0,6053.0,2.0,C2,183039.0,4.0
5.0,1992.0,6053.0,2.0,C2,183039.0,4.0
5.0,1992.0,6053.0,2.0,C2,203904.0,4.0
1.0,2275.0,1520.0,1.0,A5,660000.0,54.0
1.0,2200.0,1520.0,1.0,A5,130000.0,44.0
1.0,2200.0,1520.0,1.0,A5,560000.0,44.0
1.0,2375.0,1520.0,1.0,A5,565000.0,39.0
1.0,2375.0,1520.0,1.0,A5,655000.0,39.0
1.0,2375.0,1520.0,1.0,A5,682000.0,39.0
1.0,1820.0,1280.0,1.0,A5,100.0,39.0
1.0,2380.0,1280.0,1.0,A5,640000.0,39.0
1.0,1664.0,1344.0,1.0,A5,678000.0,31.0
1.0,1652.0,1344.0,1.0,A5,665000.0,35.0
1.0,1652.0,1120.0,1.0,A5,580000.0,35.0
1.0,1246.0,1356.0,1.0,A5,294000.0,33.0
1.0,2275.0,2022.0,1.0,A1,500000.0,104.0
1.0,2368.0,1400.0,1.0,A5,680000.0,44.0
1.0,990.0,1854.0,1.0,A5,600000.0,25.0
1.0,990.0,2025.0,1.0,A5,189642.0,21.0
5.0,2375.0,3480.0,2.0,C2,700000.0,99.0
4.0,2969.0,3160.0,2.0,C3,1193500.0,97.0
7.0,2000.0,6800.0,2.0,C7,782990.0,97.0
4.0,2375.0,2800.0,2.0,C3,1300000.0,123.0
4.0,2200.0,3440.0,2.0,C3,810000.0,94.0
7.0,2000.0,6560.0,2.0,C7,762385.0,93.0
7.0,2000.0,6800.0,2.0,C7,813898.0,94.0
7.0,2000.0,6800.0,2.0,C7,721175.0,94.0
7.0,2000.0,6800.0,2.0,C7,721175.0,94.0
14.0,3875.0,13253.0,2.0,C7,3500000.0,94.0
7.0,2167.0,6880.0,2.0,C7,844085.0,94.0
1.0,1098.0,1414.0,1.0,A1,1950000.0,94.0
1.0,2000.0,2100.0,1.0,A1,100.0,114.0
2.0,2288.0,3564.0,1.0,A5,1852592.0,104.0
1.0,359.0,704.0,1.0,A9,925000.0,125.0
1.0,1950.0,2537.0,1.0,A4,2300000.0,125.0
1.0,1675.0,2288.0,1.0,A4,2050000.0,109.0
1.0,2449.0,3645.0,1.0,A4,450893.0,125.0
1.0,2445.0,2540.0,1.0,A4,1859500.0,125.0
1.0,1995.0,2885.0,1.0,A4,1257000.0,114.0
1.0,1584.0,2615.0,1.0,A4,2100000.0,114.0
1.0,2129.0,2220.0,1.0,A4,2425000.0,123.0
1.0,1240.0,1440.0,1.0,A4,2225000.0,114.0
1.0,2555.0,2750.0,1.0,A4,150000.0,109.0
1.0,2090.0,4599.0,1.0,A4,10.0,99.0
1.0,2172.0,1840.0,1.0,A4,2244383.0,94.0
1.0,2180.0,3172.0,1.0,A4,2800000.0,123.0
1.0,2400.0,2400.0,1.0,A4,2225000.0,114.0
1.0,2300.0,2328.0,1.0,A9,925000.0,114.0
1.0,2555.0,3696.0,1.0,A4,1980000.0,119.0
1.0,2555.0,2250.0,1.0,A4,1600000.0,119.0
1.0,3194.0,1960.0,1.0,A4,770000.0,99.0
1.0,3194.0,1960.0,1.0,A4,770000.0,99.0
1.0,3194.0,1960.0,1.0,A4,770700.0,99.0
1.0,2217.0,1425.0,1.0,A4,1195000.0,99.0
1.0,2217.0,1462.0,1.0,A4,1350000.0,99.0
1.0,2217.0,1425.0,1.0,A4,715000.0,99.0
1.0,2217.0,1425.0,1.0,A4,1345000.0,99.0
1.0,2000.0,1740.0,1.0,A4,1120000.0,104.0
1.0,2393.0,1600.0,1.0,A4,625000.0,104.0
1.0,1822.0,1020.0,1.0,A4,1270000.0,104.0
1.0,2412.0,2242.0,1.0,A5,1940000.0,123.0
1.0,2412.0,2242.0,1.0,A5,2214694.0,123.0
1.0,2909.0,1882.0,1.0,A5,1475000.0,109.0
1.0,2555.0,1664.0,1.0,A5,1450000.0,114.0
2.0,1875.0,1890.0,1.0,B1,1500000.0,104.0
2.0,2620.0,4004.0,1.0,B9,2400000.0,114.0
2.0,2183.0,1824.0,1.0,B3,2900000.0,125.0
2.0,2620.0,2240.0,1.0,B9,1680000.0,114.0
2.0,1108.0,1400.0,1.0,B1,1985000.0,94.0
2.0,5721.0,4518.0,1.0,B3,3300000.0,125.0
2.0,2000.0,2880.0,1.0,B9,2450000.0,125.0
2.0,2143.0,3040.0,1.0,B2,2700000.0,125.0
2.0,2143.0,2844.0,1.0,B9,1310000.0,114.0
2.0,2143.0,2844.0,1.0,B9,2500000.0,114.0
2.0,2143.0,3800.0,1.0,B9,1800000.0,125.0
2.0,1160.0,2592.0,1.0,B1,1190000.0,125.0
2.0,2833.0,2172.0,1.0,B9,2125000.0,125.0
2.0,1617.0,2630.0,1.0,B3,2100000.0,123.0
2.0,2143.0,3344.0,1.0,B9,1350000.0,123.0
2.0,2143.0,3300.0,1.0,B9,2162000.0,123.0
2.0,2570.0,1440.0,1.0,B9,1300000.0,123.0
2.0,2185.0,2265.0,1.0,B9,1600000.0,99.0
2.0,2000.0,2400.0,1.0,B1,10.0,109.0
2.0,2570.0,3664.0,1.0,B3,1650000.0,125.0
2.0,1729.0,3904.0,1.0,B3,2650000.0,119.0
2.0,2061.0,3192.0,1.0,B3,1550000.0,114.0
2.0,2000.0,3280.0,1.0,B9,1350000.0,123.0
2.0,2000.0,3280.0,1.0,B9,1800000.0,123.0
2.0,2083.0,3056.0,1.0,B3,1070000.0,99.0
2.0,2587.0,3324.0,1.0,B9,3605000.0,123.0
2.0,2576.0,4166.0,1.0,B9,1800000.0,125.0
2.0,1800.0,2538.0,1.0,B9,2280000.0,125.0
2.0,2449.0,2700.0,1.0,B1,1150000.0,125.0
2.0,1333.0,1852.0,1.0,B3,1490000.0,114.0
2.0,1900.0,3320.0,1.0,B9,1825000.0,109.0
2.0,1007.0,2136.0,1.0,B1,1610000.0,125.0
2.0,1169.0,2520.0,1.0,B9,1193124.0,125.0
2.0,1360.0,1920.0,1.0,B1,825000.0,125.0
2.0,1360.0,1920.0,1.0,B1,1465000.0,125.0
2.0,1360.0,1920.0,1.0,B9,1000000.0,125.0
2.0,2620.0,2484.0,1.0,B1,1825000.0,114.0
2.0,2576.0,2574.0,1.0,B9,1650000.0,125.0
2.0,2000.0,2960.0,1.0,B9,1600000.0,114.0
2.0,1584.0,2628.0,1.0,B9,1800000.0,114.0
2.0,1750.0,2661.0,1.0,B9,1920000.0,114.0
2.0,1890.0,3294.0,1.0,B3,2260000.0,119.0
2.0,2412.0,2448.0,1.0,B9,1100000.0,109.0
2.0,2371.0,2364.0,1.0,B1,1290000.0,109.0
2.0,1600.0,2748.0,1.0,B9,1350000.0,114.0
2.0,2000.0,2128.0,1.0,B1,1510000.0,114.0
2.0,2000.0,2128.0,1.0,B1,200000.0,114.0
2.0,2412.0,3072.0,1.0,B9,1950000.0,119.0
2.0,1995.0,3135.0,1.0,B9,2105000.0,125.0
2.0,2555.0,2208.0,1.0,B9,10.0,94.0
2.0,2150.0,2108.0,1.0,B3,1650000.0,94.0
2.0,3773.0,2496.0,1.0,B1,750000.0,104.0
2.0,2650.0,4176.0,1.0,B1,2200000.0,114.0
2.0,1958.0,3156.0,1.0,B9,1975000.0,123.0
2.0,2542.0,3744.0,1.0,B9,2250000.0,119.0
2.0,2811.0,2920.0,1.0,B9,2000000.0,114.0
2.0,2400.0,2320.0,1.0,B1,1850000.0,99.0
2.0,2600.0,2400.0,1.0,B1,999999.0,99.0
2.0,2400.0,2480.0,1.0,B1,1360000.0,99.0
2.0,2800.0,2480.0,1.0,B1,1400000.0,99.0
2.0,2560.0,2320.0,1.0,B1,1410000.0,99.0
2.0,2450.0,2424.0,1.0,B1,1350000.0,104.0
2.0,3194.0,2922.0,1.0,B1,2300000.0,104.0
2.0,2966.0,2720.0,1.0,B1,2250000.0,104.0
2.0,2946.0,3666.0,1.0,B1,900000.0,114.0
2.0,1800.0,2664.0,1.0,B9,1362700.0,114.0
2.0,1480.0,1043.0,1.0,B9,534581.0,119.0
2.0,1480.0,1160.0,1.0,B9,432600.0,119.0
2.0,1667.0,1308.0,1.0,B9,720000.0,114.0
2.0,1667.0,2598.0,1.0,B1,10.0,18.0
2.0,1667.0,2598.0,1.0,B1,10.0,18.0
2.0,1786.0,1120.0,1.0,B9,346750.0,104.0
2.0,1840.0,1458.0,1.0,B9,415000.0,104.0
2.0,2204.0,2214.0,1.0,B9,1000.0,125.0
2.0,2418.0,3185.0,1.0,B1,1150000.0,20.0
2.0,1333.0,1568.0,1.0,B1,869424.0,114.0
2.0,1783.0,1764.0,1.0,B9,495000.0,114.0
2.0,2129.0,1500.0,1.0,B9,866800.0,114.0
2.0,2236.0,2040.0,1.0,B9,1500000.0,104.0
2.0,2000.0,3120.0,1.0,B9,1000.0,114.0
2.0,1875.0,2160.0,1.0,B1,310000.0,114.0
2.0,2129.0,1859.0,1.0,B2,1139000.0,114.0
2.0,2129.0,1859.0,1.0,B2,995500.0,114.0
2.0,2555.0,2160.0,1.0,B1,1365000.0,123.0
2.0,2555.0,2160.0,1.0,B1,1364739.0,123.0
2.0,2427.0,3135.0,1.0,B1,840000.0,114.0
2.0,2427.0,2964.0,1.0,B1,1000.0,114.0
2.0,1800.0,3168.0,1.0,B1,1650000.0,123.0
2.0,1626.0,2465.0,1.0,B2,1650000.0,125.0
2.0,2000.0,2208.0,1.0,B1,1200000.0,114.0
2.0,2375.0,2280.0,1.0,B1,999000.0,104.0
2.0,1760.0,2208.0,1.0,B1,920000.0,114.0
2.0,2888.0,2896.0,1.0,B1,1950000.0,94.0
2.0,2000.0,3312.0,1.0,B1,1550000.0,123.0
2.0,1800.0,2296.0,1.0,B1,1085000.0,123.0
2.0,1900.0,3540.0,1.0,B1,1300000.0,123.0
2.0,1900.0,3540.0,1.0,B1,1550000.0,123.0
2.0,2000.0,3360.0,1.0,B1,1275000.0,123.0
2.0,2100.0,3360.0,1.0,B1,1895000.0,123.0
2.0,2405.0,3492.0,1.0,B1,883333.0,123.0
3.0,2081.0,2700.0,1.0,C0,2225000.0,114.0
3.0,2090.0,2850.0,1.0,C0,2250000.0,114.0
3.0,1567.0,2565.0,1.0,C0,1750000.0,114.0
3.0,2288.0,4000.0,1.0,C0,1980000.0,119.0
3.0,2143.0,3392.0,1.0,C0,512499.0,123.0
3.0,2195.0,3117.0,1.0,C0,1500000.0,18.0
3.0,2570.0,3800.0,1.0,C0,1320000.0,123.0
3.0,2427.0,3572.0,1.0,C0,1575000.0,118.0
3.0,2576.0,2369.0,1.0,C0,3100000.0,125.0
3.0,2405.0,2340.0,1.0,C0,1300000.0,114.0
3.0,2400.0,3480.0,1.0,C0,10.0,125.0
3.0,2400.0,3520.0,1.0,C0,10.0,125.0
3.0,2400.0,3521.0,1.0,C0,10.0,125.0
3.0,2400.0,3521.0,1.0,C0,10.0,125.0
3.0,2000.0,3000.0,1.0,C0,1350000.0,23.0
3.0,1553.0,3104.0,1.0,C0,2285000.0,123.0
3.0,1600.0,2520.0,1.0,C0,10.0,125.0
3.0,1425.0,2532.0,1.0,C0,975000.0,18.0
3.0,2014.0,3120.0,1.0,C0,905071.0,19.0
3.0,3130.0,4410.0,1.0,C0,1250000.0,20.0
3.0,2555.0,2700.0,1.0,C0,855000.0,20.0
18.0,5863.0,15047.0,1.0,C0,2100000.0,11.0
3.0,3077.0,4038.0,1.0,C0,957155.0,19.0
3.0,2100.0,3515.0,1.0,C0,10.0,18.0
3.0,2100.0,3515.0,1.0,C0,855000.0,18.0
3.0,2492.0,2565.0,1.0,C0,1145531.0,125.0
3.0,2405.0,2080.0,1.0,C0,100.0,125.0
3.0,2000.0,3312.0,1.0,C0,1690000.0,123.0
6.0,2542.0,5625.0,2.0,C2,1300000.0,93.0
4.0,1600.0,3296.0,2.0,C3,2050000.0,93.0
8.0,2400.0,4400.0,2.0,C1,1850000.0,94.0
20.0,5796.0,14984.0,2.0,C1,425000.0,93.0
20.0,5796.0,14984.0,2.0,C1,805000.0,93.0
20.0,5796.0,14984.0,2.0,C1,442500.0,93.0
6.0,3930.0,6630.0,2.0,C2,3175000.0,93.0
20.0,5240.0,13320.0,2.0,C1,2576387.0,117.0
6.0,3504.0,5880.0,2.0,C2,2000000.0,119.0
8.0,2925.0,5850.0,2.0,C1,3700000.0,114.0
5.0,1600.0,3840.0,2.0,C2,3838049.0,93.0
8.0,2000.0,2800.0,2.0,C5,1300000.0,119.0
8.0,3598.0,10000.0,2.0,C1,750000.0,119.0
6.0,1907.0,3000.0,2.0,C2,1312000.0,119.0
7.0,1900.0,2715.0,2.0,C5,3100000.0,93.0
4.0,2505.0,4080.0,2.0,C3,1702000.0,114.0
9.0,3000.0,5600.0,2.0,C1,60825.0,94.0
4.0,2038.0,5880.0,2.0,C3,3050000.0,93.0
4.0,2812.0,2346.0,2.0,C3,2050000.0,119.0
8.0,3194.0,3960.0,2.0,C5,500000.0,119.0
6.0,3515.0,5703.0,2.0,C2,2000000.0,93.0
8.0,3000.0,7984.0,2.0,C1,999000.0,119.0
4.0,2368.0,5506.0,2.0,C3,3100000.0,93.0
8.0,3000.0,9400.0,2.0,C1,1725000.0,93.0
6.0,1901.0,5004.0,2.0,C2,2775000.0,93.0
6.0,2806.0,6450.0,2.0,C2,1510000.0,93.0
4.0,2412.0,5600.0,2.0,C3,3978000.0,93.0
24.0,5900.0,19300.0,2.0,C1,4250000.0,99.0
4.0,2593.0,6794.0,2.0,C3,3770000.0,115.0
4.0,3194.0,4305.0,2.0,C3,2650000.0,123.0
29.0,12525.0,36000.0,2.0,C7,5000000.0,102.0
4.0,3194.0,3588.0,2.0,C3,1224000.0,114.0
8.0,2555.0,5823.0,2.0,C1,500.0,4.0
6.0,3194.0,6000.0,2.0,C2,100.0,114.0
8.0,3000.0,10800.0,2.0,C1,1200000.0,111.0
8.0,2470.0,7313.0,2.0,C1,2200000.0,125.0
8.0,2470.0,7313.0,2.0,C1,1000.0,125.0
6.0,3167.0,6006.0,2.0,C2,850000.0,117.0
6.0,2633.0,6006.0,2.0,C2,813901.0,117.0
6.0,2633.0,6006.0,2.0,C2,1750000.0,117.0
8.0,2800.0,6368.0,2.0,C1,4839120.0,123.0
4.0,3194.0,3280.0,2.0,C3,605272.0,100.0
4.0,3194.0,3280.0,2.0,C3,1200000.0,100.0
5.0,3006.0,4500.0,2.0,C2,1350000.0,101.0
1.0,8408.0,1432.0,1.0,A9,700000.0,89.0
1.0,5000.0,2828.0,1.0,A1,858000.0,99.0
1.0,1915.0,1356.0,1.0,A1,564000.0,99.0
1.0,4418.0,3560.0,1.0,A5,982620.0,99.0
1.0,1680.0,1520.0,1.0,A5,729000.0,114.0
1.0,1667.0,1400.0,1.0,A1,870000.0,114.0
1.0,1600.0,2280.0,1.0,A5,10.0,104.0
1.0,2000.0,1582.0,1.0,A1,760000.0,104.0
1.0,2000.0,1472.0,1.0,A1,660000.0,114.0
1.0,1667.0,1724.0,1.0,A1,925000.0,123.0
1.0,2000.0,1632.0,1.0,A1,775000.0,114.0
1.0,5000.0,2200.0,1.0,A1,800000.0,123.0
1.0,950.0,1168.0,1.0,A2,419150.0,123.0
1.0,4000.0,1603.0,1.0,A9,1289588.0,104.0
1.0,1406.0,1466.0,1.0,A5,600000.0,104.0
1.0,2500.0,1326.0,1.0,A9,742000.0,125.0
1.0,2000.0,1328.0,1.0,A9,890000.0,125.0
1.0,960.0,1280.0,1.0,A5,725000.0,123.0
1.0,2000.0,1266.0,1.0,A9,670000.0,114.0
1.0,1500.0,1562.0,1.0,A5,685000.0,104.0
1.0,1658.0,1393.0,1.0,A5,318250.0,104.0
1.0,1658.0,1393.0,1.0,A5,900000.0,104.0
2.0,3250.0,1700.0,1.0,B2,840000.0,114.0
2.0,3000.0,2250.0,1.0,B2,10.0,114.0
2.0,2500.0,1904.0,1.0,B2,835000.0,31.0
2.0,2500.0,1692.0,1.0,B2,500.0,123.0
2.0,2500.0,1904.0,1.0,B2,855000.0,31.0
2.0,2500.0,1857.0,1.0,B2,854392.0,119.0
2.0,4008.0,2500.0,1.0,B2,1125000.0,19.0
2.0,2400.0,2408.0,1.0,B1,960000.0,114.0
2.0,4672.0,2541.0,1.0,B2,1201535.0,1.0
2.0,5000.0,1918.0,1.0,B9,999000.0,114.0
2.0,2500.0,2104.0,1.0,B1,600000.0,114.0
2.0,2223.0,2152.0,1.0,B1,860000.0,104.0
2.0,1967.0,1976.0,1.0,B1,885000.0,123.0
2.0,2000.0,1544.0,1.0,B3,1000.0,114.0
2.0,2047.0,1686.0,1.0,B2,10.0,114.0
2.0,2358.0,2193.0,1.0,B1,970000.0,89.0
2.0,1992.0,1976.0,1.0,B1,950000.0,104.0
2.0,2656.0,2226.0,1.0,B2,10.0,3.0
2.0,2656.0,2226.0,1.0,B2,500.0,3.0
2.0,2375.0,2555.0,1.0,B2,1219000.0,114.0
2.0,4750.0,2125.0,1.0,B3,970000.0,114.0
2.0,3817.0,2576.0,1.0,B3,625000.0,114.0
2.0,2550.0,2683.0,1.0,B9,610000.0,114.0
2.0,2000.0,2448.0,1.0,B1,980000.0,114.0
2.0,2500.0,2000.0,1.0,B9,625000.0,104.0
2.0,2500.0,1449.0,1.0,B3,880000.0,99.0
2.0,2800.0,1648.0,1.0,B3,1090000.0,104.0
2.0,2000.0,2880.0,1.0,B2,750000.0,114.0
2.0,2500.0,1167.0,1.0,B3,540652.0,114.0
2.0,1888.0,1880.0,1.0,B1,850000.0,125.0
2.0,2500.0,2034.0,1.0,B2,760000.0,123.0
2.0,2975.0,2140.0,1.0,B2,5000.0,114.0
2.0,2875.0,2880.0,1.0,B2,925000.0,123.0
2.0,2500.0,1816.0,1.0,B2,955000.0,123.0
2.0,2100.0,2898.0,1.0,B2,800000.0,31.0
2.0,1900.0,1920.0,1.0,B1,640000.0,123.0
2.0,2500.0,2518.0,1.0,B2,542709.0,119.0
2.0,2706.0,2314.0,1.0,B3,999990.0,123.0
2.0,2013.0,3000.0,1.0,B9,800000.0,104.0
2.0,2500.0,1500.0,1.0,B2,290000.0,123.0
2.0,3000.0,2040.0,1.0,B2,710000.0,114.0
2.0,2500.0,2168.0,1.0,B2,950000.0,104.0
2.0,2000.0,2680.0,1.0,B1,10.0,64.0
2.0,2000.0,2680.0,1.0,B1,10.0,64.0
2.0,2500.0,2080.0,1.0,B1,666954.0,123.0
2.0,2500.0,2080.0,1.0,B1,995000.0,123.0
2.0,2038.0,2160.0,1.0,B1,780000.0,114.0
2.0,2020.0,2160.0,1.0,B1,682228.0,114.0
2.0,2020.0,2160.0,1.0,B1,999000.0,114.0
2.0,1729.0,1488.0,1.0,B3,1149000.0,123.0
2.0,4500.0,2301.0,1.0,B2,999000.0,104.0
2.0,1666.0,1956.0,1.0,B1,530000.0,123.0
2.0,1666.0,1956.0,1.0,B1,998000.0,123.0
2.0,1937.0,2040.0,1.0,B2,845000.0,114.0
2.0,1900.0,2080.0,1.0,B1,910000.0,119.0
2.0,1585.0,1600.0,1.0,B1,815000.0,119.0
2.0,2476.0,2224.0,1.0,B1,1090000.0,8.0
2.0,2592.0,1720.0,1.0,B3,635000.0,123.0
2.0,2500.0,2280.0,1.0,B1,1275000.0,125.0
2.0,1750.0,2140.0,1.0,B1,791152.0,114.0
2.0,2000.0,2280.0,1.0,B1,560000.0,125.0
2.0,2000.0,2280.0,1.0,B1,722958.0,125.0
2.0,2000.0,2280.0,1.0,B1,990000.0,125.0
2.0,2900.0,2280.0,1.0,B1,675000.0,125.0
2.0,2900.0,2280.0,1.0,B1,1298000.0,125.0
2.0,1601.0,1260.0,1.0,B1,675000.0,104.0
3.0,3838.0,1460.0,1.0,C0,1035000.0,114.0
3.0,2500.0,3600.0,1.0,C0,760000.0,17.0
3.0,2868.0,3300.0,1.0,C0,1375000.0,8.0
3.0,1781.0,1976.0,1.0,C0,915000.0,114.0
3.0,1755.0,2036.0,1.0,C0,652500.0,119.0
3.0,2000.0,3120.0,1.0,C0,990000.0,114.0
3.0,2500.0,3024.0,1.0,C0,499180.0,114.0
4.0,2000.0,3224.0,2.0,C3,950000.0,109.0
21.0,5000.0,17695.0,2.0,C1,3090031.0,94.0
5.0,2500.0,3675.0,2.0,C2,995000.0,119.0
5.0,2500.0,3675.0,2.0,C2,970000.0,118.0
4.0,2500.0,3000.0,2.0,C3,750000.0,109.0
4.0,2500.0,3000.0,2.0,C3,995000.0,109.0
3.0,1113.0,2310.0,1.0,C0,1529500.0,125.0
1.0,1667.0,3338.0,1.0,A4,5640000.0,125.0
2.0,1336.0,3141.0,1.0,B1,4700000.0,6.0
1.0,1001.0,1080.0,1.0,A5,720000.0,114.0
1.0,1001.0,1080.0,1.0,A5,740000.0,114.0
1.0,1742.0,1274.0,1.0,A5,950000.0,99.0
1.0,2400.0,1344.0,1.0,A9,1100000.0,99.0
1.0,1800.0,1288.0,1.0,A5,1135000.0,99.0
1.0,1800.0,1288.0,1.0,A5,1206000.0,99.0
1.0,1783.0,1204.0,1.0,A5,720000.0,99.0
1.0,2000.0,1470.0,1.0,A1,1300000.0,99.0
1.0,2000.0,1536.0,1.0,A5,1040000.0,99.0
1.0,1152.0,1080.0,1.0,A5,980000.0,94.0
1.0,1152.0,1500.0,1.0,A5,1175000.0,94.0
1.0,1920.0,1888.0,1.0,A5,1220000.0,99.0
1.0,2417.0,1424.0,1.0,A1,1470000.0,99.0
1.0,2417.0,1332.0,1.0,A1,990000.0,99.0
1.0,2400.0,1456.0,1.0,A9,1325000.0,99.0
1.0,2000.0,1421.0,1.0,A1,1170000.0,99.0
1.0,1925.0,1232.0,1.0,A9,988000.0,99.0
1.0,2000.0,2700.0,1.0,A5,1223000.0,123.0
1.0,2467.0,1464.0,1.0,A5,1170000.0,99.0
1.0,2467.0,1464.0,1.0,A5,1250000.0,99.0
1.0,2500.0,1520.0,1.0,A9,1050000.0,99.0
1.0,2000.0,1536.0,1.0,A1,749250.0,99.0
1.0,2000.0,2194.0,1.0,A5,1110000.0,99.0
1.0,2000.0,1385.0,1.0,A9,1250000.0,99.0
1.0,2000.0,1385.0,1.0,A9,1150000.0,99.0
1.0,2800.0,1788.0,1.0,A1,2190000.0,99.0
1.0,2425.0,1568.0,1.0,A1,1375000.0,99.0
1.0,2667.0,2224.0,1.0,A1,600000.0,99.0
1.0,2000.0,1950.0,1.0,A5,1250000.0,89.0
1.0,2000.0,1320.0,1.0,A5,980000.0,114.0
1.0,1808.0,1212.0,1.0,A5,700000.0,94.0
1.0,1808.0,1212.0,1.0,A5,800000.0,94.0
1.0,4000.0,1511.0,1.0,A1,1300000.0,104.0
1.0,4000.0,1600.0,1.0,A1,1560000.0,104.0
1.0,3000.0,1670.0,1.0,A1,1400000.0,99.0
1.0,1860.0,1248.0,1.0,A1,1190000.0,109.0
1.0,1775.0,1144.0,1.0,A5,950000.0,109.0
1.0,2667.0,2016.0,1.0,A1,1350000.0,104.0
1.0,1775.0,1926.0,1.0,A5,1100000.0,99.0
1.0,2000.0,1120.0,1.0,A5,1200000.0,94.0
1.0,2667.0,1580.0,1.0,A1,1080000.0,104.0
1.0,2000.0,1328.0,1.0,A5,1265000.0,94.0
1.0,2000.0,1328.0,1.0,A5,1250000.0,94.0
1.0,4000.0,2083.0,1.0,A1,1350000.0,104.0
1.0,2008.0,1312.0,1.0,A9,1155000.0,104.0
1.0,1300.0,975.0,1.0,A5,975000.0,104.0
1.0,1300.0,975.0,1.0,A5,1100000.0,104.0
1.0,1350.0,984.0,1.0,A5,925000.0,104.0
1.0,1500.0,1410.0,1.0,A5,1188000.0,104.0
1.0,1800.0,1355.0,1.0,A1,1180000.0,104.0
1.0,2000.0,1376.0,1.0,A9,990000.0,104.0
1.0,2000.0,1376.0,1.0,A9,1249000.0,104.0
1.0,1400.0,1280.0,1.0,A5,998000.0,104.0
1.0,1775.0,1348.0,1.0,A5,750000.0,104.0
1.0,1800.0,1196.0,1.0,A5,990000.0,104.0
1.0,2200.0,1404.0,1.0,A5,1170000.0,94.0
1.0,2000.0,1408.0,1.0,A5,1160000.0,114.0
1.0,6000.0,3958.0,1.0,A1,4500000.0,29.0
1.0,2000.0,1410.0,1.0,A9,1200000.0,94.0
1.0,3000.0,2052.0,1.0,A1,1560000.0,94.0
1.0,2000.0,1920.0,1.0,A9,1300000.0,104.0
1.0,2225.0,1464.0,1.0,A1,1325000.0,114.0
1.0,2150.0,1436.0,1.0,A1,1205000.0,104.0
1.0,2000.0,1372.0,1.0,A1,850000.0,104.0
1.0,2000.0,1372.0,1.0,A1,935000.0,104.0
1.0,2400.0,1456.0,1.0,A1,1460000.0,104.0
1.0,2000.0,1344.0,1.0,A9,1025000.0,104.0
1.0,1440.0,1400.0,1.0,A5,998000.0,89.0
2.0,2500.0,3300.0,1.0,B1,1770000.0,99.0
2.0,2500.0,3300.0,1.0,B1,1800000.0,99.0
2.0,2000.0,2200.0,1.0,B1,1340000.0,114.0
2.0,2000.0,1880.0,1.0,B1,1350000.0,99.0
2.0,2000.0,1760.0,1.0,B1,914134.0,104.0
2.0,2000.0,2304.0,1.0,B2,1275000.0,104.0
2.0,4000.0,2000.0,1.0,B2,1580000.0,104.0
2.0,2000.0,2120.0,1.0,B3,1480000.0,114.0
2.0,1821.0,2375.0,1.0,B1,1350000.0,99.0
2.0,2483.0,3900.0,1.0,B1,213056.0,99.0
2.0,2000.0,3210.0,1.0,B1,1400000.0,125.0
2.0,2000.0,3210.0,1.0,B1,1150000.0,125.0
2.0,2500.0,1778.0,1.0,B2,1260000.0,99.0
2.0,2000.0,3240.0,1.0,B1,995000.0,114.0
2.0,3000.0,1712.0,1.0,B3,1550000.0,114.0
2.0,1383.0,2080.0,1.0,B1,1631000.0,109.0
2.0,2450.0,2560.0,1.0,B1,837500.0,94.0
2.0,2367.0,2232.0,1.0,B1,1130000.0,99.0
2.0,2450.0,2400.0,1.0,B1,1600000.0,99.0
2.0,2000.0,2090.0,1.0,B1,1430000.0,74.0
2.0,2000.0,1188.0,1.0,B3,1130000.0,99.0
2.0,2000.0,1376.0,1.0,B3,1100000.0,99.0
2.0,2500.0,2096.0,1.0,B1,1200000.0,100.0
2.0,2000.0,2216.0,1.0,B1,1100000.0,99.0
2.0,4000.0,2920.0,1.0,B3,2300000.0,94.0
2.0,2000.0,2288.0,1.0,B1,1200000.0,99.0
2.0,2000.0,2050.0,1.0,B1,1460000.0,79.0
2.0,2000.0,2050.0,1.0,B1,1300000.0,79.0
2.0,2000.0,2050.0,1.0,B1,1560000.0,79.0
2.0,2300.0,2128.0,1.0,B1,1500000.0,94.0
2.0,2000.0,2000.0,1.0,B1,1380000.0,104.0
2.0,2000.0,2070.0,1.0,B1,1400000.0,104.0
2.0,2000.0,1822.0,1.0,B1,980000.0,104.0
2.0,6000.0,2200.0,1.0,B2,2300000.0,109.0
2.0,2600.0,2460.0,1.0,B1,1800000.0,104.0
2.0,2000.0,1440.0,1.0,B3,1350000.0,104.0
2.0,1775.0,1252.0,1.0,B1,80000.0,99.0
2.0,2900.0,3220.0,1.0,B1,1680000.0,104.0
2.0,2000.0,1280.0,1.0,B3,990000.0,94.0
1.0,2267.0,1561.0,1.0,B2,1188000.0,104.0
2.0,2008.0,1312.0,1.0,B1,533000.0,104.0
2.0,1600.0,1310.0,1.0,B1,998000.0,99.0
2.0,1600.0,1310.0,1.0,B1,460000.0,99.0
2.0,2000.0,1512.0,1.0,B2,10.0,94.0
2.0,2667.0,2188.0,1.0,B1,1830000.0,114.0
2.0,2383.0,2040.0,1.0,B1,980000.0,104.0
2.0,2450.0,1840.0,1.0,B1,1575000.0,99.0
2.0,3100.0,2024.0,1.0,B2,1680000.0,99.0
2.0,2333.0,1710.0,1.0,B1,1700000.0,89.0
2.0,1567.0,1635.0,1.0,B1,1060000.0,79.0
2.0,4000.0,3228.0,1.0,B2,1825000.0,99.0
2.0,2200.0,1771.0,1.0,B3,750000.0,89.0
3.0,2900.0,2480.0,1.0,C0,1750000.0,94.0
3.0,2500.0,2320.0,1.0,C0,1858000.0,99.0
3.0,2608.0,3780.0,1.0,C0,1575000.0,99.0
3.0,2475.0,3091.0,1.0,C0,1400000.0,99.0
3.0,2575.0,4152.0,1.0,C0,2100000.0,99.0
3.0,2075.0,4152.0,1.0,C0,1915000.0,99.0
3.0,3367.0,3878.0,1.0,C0,2340000.0,59.0
3.0,2800.0,2680.0,1.0,C0,1850000.0,99.0
3.0,4983.0,6550.0,1.0,C0,1980000.0,28.0
3.0,3000.0,2400.0,1.0,C0,1900000.0,94.0
3.0,4000.0,2886.0,1.0,C0,1850000.0,104.0
3.0,2300.0,2128.0,1.0,C0,1500000.0,94.0
3.0,4000.0,2742.0,1.0,C0,1480000.0,104.0
3.0,4000.0,2829.0,1.0,C0,1700000.0,119.0
3.0,4000.0,3232.0,1.0,C0,1650000.0,114.0
3.0,4000.0,3182.0,1.0,C0,1400000.0,104.0
3.0,3092.0,2040.0,1.0,C0,1610000.0,99.0
3.0,3200.0,3938.0,1.0,C0,2065000.0,104.0
3.0,2475.0,1840.0,1.0,C0,1630000.0,89.0
19.0,4358.0,12730.0,2.0,C1,1725000.0,86.0
6.0,2000.0,4800.0,2.0,C2,1420000.0,100.0
4.0,2667.0,3198.0,2.0,C3,1703680.0,102.0
1.0,2500.0,1016.0,1.0,A1,332000.0,114.0
1.0,2500.0,1040.0,1.0,A1,510000.0,123.0
1.0,2000.0,1440.0,1.0,A1,10.0,123.0
1.0,1800.0,1134.0,1.0,A5,691000.0,32.0
1.0,1800.0,1134.0,1.0,A5,400000.0,32.0
1.0,1800.0,1134.0,1.0,A5,590000.0,32.0
1.0,1800.0,1134.0,1.0,A5,344760.0,34.0
1.0,1800.0,1134.0,1.0,A5,555000.0,34.0
1.0,1800.0,1134.0,1.0,A5,590000.0,34.0
1.0,1800.0,1134.0,1.0,A5,585000.0,34.0
1.0,1800.0,1134.0,1.0,A5,570000.0,34.0
1.0,1800.0,2000.0,1.0,A4,620000.0,27.0
1.0,1800.0,2000.0,1.0,A4,645000.0,27.0
1.0,1800.0,1332.0,1.0,A5,580000.0,27.0
1.0,1800.0,1332.0,1.0,A4,620000.0,27.0
1.0,1800.0,1296.0,1.0,A5,680191.0,24.0
1.0,1800.0,1296.0,1.0,A5,640000.0,24.0
1.0,2542.0,1676.0,1.0,A1,100.0,123.0
1.0,2500.0,1000.0,1.0,A1,436454.0,74.0
1.0,2500.0,1200.0,1.0,A2,324480.0,114.0
1.0,1500.0,1240.0,1.0,A9,597400.0,123.0
1.0,1800.0,1132.0,1.0,A5,605000.0,33.0
1.0,1800.0,1132.0,1.0,A5,570000.0,33.0
1.0,1800.0,1132.0,1.0,A5,565000.0,33.0
1.0,1800.0,1132.0,1.0,A5,10.0,34.0
1.0,2800.0,1132.0,1.0,A5,604000.0,34.0
1.0,1620.0,1132.0,1.0,A5,555000.0,34.0
1.0,1800.0,1132.0,1.0,A5,610000.0,33.0
1.0,1800.0,1132.0,1.0,A5,29767.0,34.0
1.0,1800.0,1132.0,1.0,A5,575000.0,34.0
1.0,1800.0,1116.0,1.0,A5,600000.0,35.0
1.0,1621.0,1116.0,1.0,A5,600000.0,34.0
1.0,1660.0,1116.0,1.0,A5,440000.0,34.0
1.0,1982.0,1116.0,1.0,A5,610000.0,35.0
1.0,1964.0,1116.0,1.0,A5,590000.0,35.0
1.0,1592.0,1134.0,1.0,A5,150000.0,21.0
1.0,1800.0,1116.0,1.0,A5,605000.0,35.0
1.0,1728.0,1116.0,1.0,A5,10.0,35.0
1.0,1800.0,1116.0,1.0,A5,425000.0,36.0
1.0,1800.0,1116.0,1.0,A5,585000.0,34.0
1.0,1800.0,1116.0,1.0,A5,630000.0,34.0
1.0,2000.0,1116.0,1.0,A5,600000.0,35.0
1.0,1810.0,1116.0,1.0,A5,1.0,32.0
1.0,1800.0,1116.0,1.0,A5,455000.0,32.0
1.0,1800.0,1200.0,1.0,A5,10.0,36.0
1.0,1800.0,1116.0,1.0,A5,380000.0,35.0
1.0,2500.0,1144.0,1.0,A9,512867.0,114.0
1.0,2558.0,900.0,1.0,A9,437500.0,104.0
1.0,1300.0,600.0,1.0,A2,340968.0,104.0
1.0,1968.0,1440.0,1.0,A5,680000.0,114.0
1.0,2002.0,1448.0,1.0,A5,730000.0,114.0
1.0,2502.0,1700.0,1.0,A9,499995.0,114.0
1.0,1415.0,2700.0,1.0,A1,395460.0,99.0
1.0,2380.0,1693.0,1.0,A1,270000.0,114.0
1.0,2380.0,1693.0,1.0,A1,295000.0,114.0
1.0,1587.0,1400.0,1.0,A9,645000.0,125.0
1.0,1580.0,1424.0,1.0,A9,925000.0,125.0
1.0,1600.0,1360.0,1.0,A5,700000.0,104.0
1.0,1809.0,1022.0,1.0,A5,350000.0,104.0
1.0,1809.0,986.0,1.0,A5,700000.0,104.0
1.0,2010.0,1412.0,1.0,A5,613000.0,114.0
1.0,2010.0,1524.0,1.0,A5,1.0,114.0
1.0,2000.0,1272.0,1.0,A9,319410.0,94.0
1.0,1264.0,1088.0,1.0,A5,707000.0,64.0
1.0,4000.0,640.0,1.0,A2,440000.0,114.0
1.0,1800.0,1440.0,1.0,A1,620000.0,59.0
1.0,2000.0,2036.0,1.0,A2,560000.0,74.0
1.0,1600.0,1092.0,1.0,A5,610000.0,104.0
1.0,1600.0,1116.0,1.0,A5,285000.0,104.0
1.0,1967.0,1482.0,1.0,A5,410000.0,104.0
1.0,1600.0,1350.0,1.0,A5,614000.0,104.0
1.0,2000.0,1020.0,1.0,A9,315000.0,104.0
1.0,2060.0,1524.0,1.0,A2,400000.0,69.0
1.0,1168.0,1216.0,1.0,A5,533500.0,64.0
1.0,1800.0,1224.0,1.0,A5,1000.0,64.0
1.0,2787.0,1260.0,1.0,A5,620000.0,64.0
1.0,1710.0,1260.0,1.0,A5,635000.0,64.0
1.0,1440.0,1088.0,1.0,A5,448570.0,64.0
1.0,1520.0,1088.0,1.0,A5,565000.0,64.0
1.0,1488.0,1088.0,1.0,A5,550000.0,64.0
1.0,1504.0,1088.0,1.0,A5,645000.0,64.0
1.0,2000.0,600.0,1.0,A9,574400.0,125.0
1.0,2000.0,1280.0,1.0,A5,505000.0,104.0
1.0,1800.0,1296.0,1.0,A5,530000.0,64.0
1.0,1800.0,1296.0,1.0,A5,10.0,64.0
1.0,1800.0,1296.0,1.0,A5,369600.0,64.0
1.0,1800.0,1296.0,1.0,A5,546598.0,64.0
1.0,1800.0,1296.0,1.0,A5,700000.0,64.0
1.0,1360.0,1120.0,1.0,A5,585000.0,64.0
1.0,2000.0,612.0,1.0,A2,139650.0,94.0
1.0,2500.0,1304.0,1.0,A1,520000.0,104.0
1.0,7000.0,1584.0,1.0,A2,970000.0,94.0
1.0,1900.0,935.0,1.0,A9,10.0,104.0
2.0,2500.0,2120.0,1.0,B2,140000.0,123.0
2.0,2000.0,880.0,1.0,B3,521000.0,123.0
2.0,2500.0,2210.0,1.0,B1,1054536.0,1.0
2.0,1620.0,2048.0,1.0,B1,10.0,114.0
2.0,2000.0,2000.0,1.0,B1,1027234.0,94.0
2.0,2500.0,2480.0,1.0,B1,975000.0,114.0
2.0,2000.0,2760.0,1.0,B1,1160000.0,123.0
2.0,2000.0,3000.0,1.0,B1,760000.0,123.0
2.0,2000.0,1848.0,1.0,B1,500000.0,94.0
2.0,2000.0,3000.0,1.0,B1,815000.0,123.0
2.0,2700.0,2150.0,1.0,B1,750000.0,114.0
2.0,2730.0,2000.0,1.0,B1,730000.0,114.0
2.0,2400.0,2400.0,1.0,B1,950000.0,114.0
2.0,2650.0,2147.0,1.0,B1,900000.0,114.0
2.0,2233.0,2192.0,1.0,B1,885000.0,114.0
2.0,2438.0,2700.0,1.0,B1,925000.0,125.0
2.0,2400.0,2560.0,1.0,B1,10.0,114.0
2.0,2200.0,2080.0,1.0,B1,855000.0,114.0
2.0,2292.0,2052.0,1.0,B1,802000.0,31.0
2.0,3550.0,2120.0,1.0,B2,781391.0,114.0
2.0,2605.0,1921.0,1.0,B2,755000.0,123.0
2.0,2500.0,1602.0,1.0,B2,915000.0,114.0
2.0,1950.0,2136.0,1.0,B9,850000.0,99.0
2.0,2500.0,1836.0,1.0,B2,735000.0,114.0
2.0,2500.0,1707.0,1.0,B2,650000.0,123.0
2.0,2358.0,1624.0,1.0,B2,635000.0,114.0
2.0,2500.0,1188.0,1.0,B2,627746.0,114.0
2.0,2500.0,1188.0,1.0,B2,452499.0,114.0
2.0,2500.0,1736.0,1.0,B2,590000.0,123.0
2.0,2500.0,1778.0,1.0,B2,425000.0,109.0
2.0,2500.0,1778.0,1.0,B2,999000.0,109.0
2.0,3000.0,1320.0,1.0,B2,910000.0,123.0
2.0,2058.0,2000.0,1.0,B1,600000.0,19.0
2.0,1917.0,1748.0,1.0,B1,1020000.0,94.0
2.0,2000.0,1400.0,1.0,B2,722000.0,94.0
2.0,2000.0,2200.0,1.0,B9,999000.0,19.0
2.0,1773.0,2192.0,1.0,B9,887000.0,21.0
2.0,2560.0,2598.0,1.0,B2,989000.0,24.0
2.0,1600.0,2000.0,1.0,B1,850000.0,114.0
2.0,1800.0,3000.0,1.0,B1,750000.0,109.0
2.0,2150.0,2091.0,1.0,B2,525000.0,23.0
2.0,2050.0,2270.0,1.0,B2,400000.0,23.0
2.0,1800.0,1624.0,1.0,B2,490000.0,123.0
2.0,1800.0,2000.0,1.0,B9,945000.0,104.0
2.0,1900.0,2000.0,1.0,B1,620000.0,94.0
2.0,1900.0,2000.0,1.0,B1,232324.0,94.0
2.0,1800.0,2000.0,1.0,B1,580000.0,123.0
2.0,900.0,1800.0,1.0,B3,683800.0,123.0
2.0,1875.0,1764.0,1.0,B2,540000.0,123.0
2.0,2000.0,2120.0,1.0,B1,850000.0,123.0
2.0,2000.0,2700.0,1.0,B1,685000.0,21.0
2.0,2000.0,2008.0,1.0,B1,10.0,123.0
2.0,2400.0,2320.0,1.0,B1,535000.0,123.0
2.0,1800.0,2750.0,1.0,B1,530000.0,94.0
2.0,2340.0,2892.0,1.0,B1,690000.0,94.0
2.0,1800.0,2007.0,1.0,B1,875000.0,123.0
2.0,1317.0,1560.0,1.0,B3,740000.0,123.0
2.0,2604.0,2317.0,1.0,B2,850000.0,26.0
2.0,1800.0,2080.0,1.0,B9,514000.0,21.0
2.0,800.0,1320.0,1.0,B1,382000.0,123.0
2.0,800.0,1320.0,1.0,B1,1000.0,123.0
2.0,2000.0,1188.0,1.0,B3,680000.0,123.0
2.0,1800.0,2040.0,1.0,B1,645000.0,123.0
2.0,2002.0,2080.0,1.0,B2,670000.0,38.0
2.0,2035.0,2080.0,1.0,B2,798000.0,38.0
2.0,1000.0,1800.0,1.0,B1,650000.0,94.0
2.0,1875.0,1888.0,1.0,B2,10.0,114.0
2.0,1875.0,1888.0,1.0,B2,1254889.0,114.0
2.0,1875.0,2531.0,1.0,B1,999000.0,1.0
2.0,1867.0,1728.0,1.0,B1,295000.0,125.0
2.0,1169.0,1836.0,1.0,B1,487500.0,114.0
2.0,1325.0,1176.0,1.0,B2,675000.0,114.0
2.0,2925.0,1554.0,1.0,B2,835047.0,114.0
2.0,1820.0,1408.0,1.0,B3,499500.0,104.0
2.0,2500.0,1800.0,1.0,B1,800000.0,64.0
2.0,1993.0,1598.0,1.0,B2,460000.0,104.0
2.0,1993.0,1598.0,1.0,B2,661923.0,104.0
2.0,3050.0,1956.0,1.0,B1,689000.0,74.0
2.0,2002.0,2000.0,1.0,B1,475000.0,114.0
2.0,1800.0,2080.0,1.0,B1,905000.0,114.0
2.0,4003.0,2944.0,1.0,B1,715000.0,104.0
2.0,2302.0,2120.0,1.0,B1,850000.0,114.0
2.0,2002.0,1400.0,1.0,B1,631315.0,114.0
2.0,2002.0,1400.0,1.0,B1,875000.0,114.0
2.0,2382.0,2080.0,1.0,B1,470000.0,114.0
2.0,1600.0,1048.0,1.0,B1,420000.0,114.0
2.0,2525.0,2400.0,1.0,B1,10.0,104.0
2.0,1983.0,2024.0,1.0,B1,650000.0,119.0
2.0,1708.0,1632.0,1.0,B3,768000.0,123.0
2.0,2000.0,2128.0,1.0,B2,559000.0,125.0
2.0,2000.0,2080.0,1.0,B1,690000.0,123.0
2.0,2000.0,2080.0,1.0,B1,860000.0,123.0
2.0,2000.0,1320.0,1.0,B3,500000.0,125.0
2.0,2000.0,1320.0,1.0,B3,570000.0,125.0
2.0,1600.0,2480.0,1.0,B1,10.0,123.0
2.0,2000.0,3300.0,1.0,B2,865000.0,123.0
2.0,1520.0,1824.0,1.0,B3,287350.0,114.0
2.0,2000.0,1520.0,1.0,B2,400000.0,114.0
2.0,3191.0,3100.0,1.0,B9,1075000.0,59.0
2.0,2000.0,1696.0,1.0,B3,860000.0,94.0
2.0,2000.0,2640.0,1.0,B2,1.0,94.0
2.0,2000.0,2640.0,1.0,B2,650000.0,94.0
2.0,1587.0,2160.0,1.0,B3,1000.0,114.0
2.0,2200.0,1728.0,1.0,B1,10.0,94.0
2.0,2325.0,1805.0,1.0,B2,1150000.0,99.0
2.0,2000.0,2160.0,1.0,B1,885000.0,114.0
2.0,2697.0,1716.0,1.0,B1,870000.0,64.0
2.0,2000.0,2320.0,1.0,B1,10.0,114.0
2.0,2275.0,1800.0,1.0,B2,800000.0,114.0
2.0,2275.0,1908.0,1.0,B1,400000.0,114.0
2.0,2700.0,1908.0,1.0,B1,955000.0,114.0
2.0,2000.0,1745.0,1.0,B1,680000.0,74.0
2.0,2000.0,1745.0,1.0,B1,985000.0,74.0
2.0,2300.0,2340.0,1.0,B2,1125166.0,8.0
2.0,1700.0,2652.0,1.0,B2,999999.0,8.0
2.0,4000.0,2300.0,1.0,B1,1565000.0,64.0
2.0,2250.0,3420.0,1.0,B9,10.0,114.0
2.0,2250.0,3420.0,1.0,B9,661700.0,114.0
2.0,2250.0,3420.0,1.0,B9,1275433.0,114.0
2.0,1480.0,1360.0,1.0,B9,789700.0,44.0
2.0,2000.0,2496.0,1.0,B2,880000.0,49.0
2.0,1903.0,1537.0,1.0,B1,720000.0,59.0
2.0,2000.0,1537.0,1.0,B1,875000.0,59.0
2.0,1530.0,1120.0,1.0,B9,10.0,59.0
2.0,2200.0,1544.0,1.0,B1,703000.0,74.0
2.0,2200.0,1628.0,1.0,B1,525000.0,64.0
2.0,4000.0,2476.0,1.0,B2,958466.0,21.0
2.0,4000.0,2280.0,1.0,B9,415000.0,104.0
2.0,2000.0,1520.0,1.0,B3,545000.0,123.0
2.0,2000.0,2928.0,1.0,B1,644779.0,123.0
2.0,2000.0,2260.0,1.0,B1,830000.0,123.0
2.0,2000.0,1652.0,1.0,B3,555000.0,125.0
2.0,1583.0,1056.0,1.0,B3,88741.0,104.0
2.0,1967.0,1482.0,1.0,B3,680000.0,104.0
2.0,1600.0,1254.0,1.0,B3,1500.0,104.0
2.0,1600.0,1428.0,1.0,B3,460000.0,104.0
2.0,1600.0,1176.0,1.0,B3,799000.0,104.0
2.0,1740.0,2175.0,1.0,B1,428900.0,49.0
2.0,2000.0,964.0,1.0,B3,864000.0,109.0
2.0,2450.0,2000.0,1.0,B1,585000.0,99.0
2.0,2450.0,2000.0,1.0,B1,1100000.0,99.0
2.0,3000.0,2120.0,1.0,B2,880000.0,104.0
2.0,2933.0,1840.0,1.0,B1,375250.0,64.0
2.0,2933.0,1840.0,1.0,B1,999900.0,64.0
2.0,2383.0,1960.0,1.0,B1,100.0,94.0
2.0,2000.0,2000.0,1.0,B1,100.0,54.0
2.0,4000.0,2184.0,1.0,B2,880000.0,94.0
2.0,2160.0,2250.0,1.0,B9,900000.0,54.0
2.0,2500.0,1512.0,1.0,B2,920000.0,99.0
2.0,1800.0,2769.0,1.0,B1,907800.0,21.0
2.0,2000.0,2124.0,1.0,B2,795000.0,99.0
2.0,2400.0,2320.0,1.0,B2,1125000.0,99.0
2.0,1900.0,1216.0,1.0,B2,600000.0,99.0
2.0,2028.0,2080.0,1.0,B9,930000.0,19.0
2.0,2000.0,1448.0,1.0,B9,740000.0,109.0
2.0,1967.0,1844.0,1.0,B1,600000.0,69.0
2.0,2000.0,3000.0,1.0,B2,800000.0,26.0
2.0,1800.0,1944.0,1.0,B9,915000.0,64.0
2.0,1800.0,1944.0,1.0,B9,1647487.0,64.0
2.0,1800.0,1944.0,1.0,B9,850000.0,64.0
2.0,1783.0,1836.0,1.0,B9,1.0,64.0
2.0,1783.0,1836.0,1.0,B9,800000.0,64.0
2.0,2200.0,4020.0,1.0,B1,313560.0,19.0
2.0,2500.0,1920.0,1.0,B1,625000.0,114.0
2.0,2400.0,2000.0,1.0,B1,950000.0,104.0
2.0,2000.0,1515.0,1.0,B1,880000.0,74.0
2.0,2200.0,1692.0,1.0,B2,755000.0,104.0
2.0,2917.0,2000.0,1.0,B2,275500.0,59.0
2.0,2917.0,2000.0,1.0,B2,999999.0,59.0
2.0,2917.0,2000.0,1.0,B2,100.0,59.0
2.0,2000.0,1900.0,1.0,B9,880000.0,94.0
2.0,2983.0,2000.0,1.0,B2,724000.0,59.0
2.0,3000.0,2452.0,1.0,B2,1.0,8.0
2.0,2396.0,2678.0,1.0,B2,970000.0,19.0
2.0,2000.0,1700.0,1.0,B3,365000.0,104.0
2.0,2915.0,2530.0,1.0,B2,681592.0,18.0
2.0,2754.0,2464.0,1.0,B2,656250.0,20.0
2.0,2754.0,2464.0,1.0,B2,1044548.0,20.0
2.0,2412.0,1665.0,1.0,B3,789300.0,94.0
2.0,1701.0,2950.0,1.0,B1,999999.0,20.0
3.0,2500.0,3240.0,1.0,C0,585000.0,114.0
3.0,1380.0,3273.0,1.0,C0,1100000.0,22.0
3.0,2000.0,3075.0,1.0,C0,895000.0,94.0
3.0,2000.0,3075.0,1.0,C0,918000.0,94.0
3.0,2000.0,3000.0,1.0,C0,930000.0,123.0
3.0,2000.0,2496.0,1.0,C0,1390000.0,114.0
3.0,2000.0,2610.0,1.0,C0,900000.0,114.0
3.0,2000.0,3000.0,1.0,C0,978000.0,114.0
3.0,2542.0,3840.0,1.0,C0,825000.0,104.0
3.0,2500.0,2625.0,1.0,C0,1030000.0,125.0
3.0,1800.0,1992.0,1.0,C0,935000.0,114.0
3.0,1636.0,2064.0,1.0,C0,865000.0,104.0
3.0,2500.0,2040.0,1.0,C0,900000.0,17.0
3.0,1533.0,2964.0,1.0,C0,10.0,89.0
3.0,1533.0,2964.0,1.0,C0,735000.0,89.0
3.0,1640.0,2270.0,1.0,C0,656771.0,114.0
3.0,1460.0,3000.0,1.0,C0,1070000.0,99.0
3.0,2500.0,2100.0,1.0,C0,403750.0,114.0
3.0,2500.0,2100.0,1.0,C0,1270000.0,114.0
3.0,2000.0,2760.0,1.0,C0,550000.0,114.0
3.0,1026.0,1672.0,1.0,C0,600000.0,114.0
3.0,2300.0,3210.0,1.0,C0,750000.0,114.0
3.0,1481.0,2964.0,1.0,C0,1380000.0,94.0
3.0,2000.0,3120.0,1.0,C0,1061000.0,94.0
3.0,1875.0,1764.0,1.0,C0,540000.0,123.0
3.0,2033.0,1910.0,1.0,C0,410000.0,123.0
3.0,1902.0,1776.0,1.0,C0,800000.0,94.0
3.0,2350.0,2000.0,1.0,C0,10.0,114.0
3.0,2000.0,3000.0,1.0,C0,1084979.0,123.0
3.0,2000.0,3000.0,1.0,C0,997000.0,123.0
3.0,2375.0,3600.0,1.0,C0,815000.0,104.0
3.0,2375.0,3480.0,1.0,C0,10.0,104.0
3.0,2000.0,1930.0,1.0,C0,631315.0,123.0
3.0,1800.0,2000.0,1.0,C0,922746.0,114.0
3.0,1976.0,2775.0,1.0,C0,965000.0,18.0
3.0,1180.0,2520.0,1.0,C0,1101896.0,18.0
3.0,7500.0,1614.0,1.0,C0,999000.0,114.0
3.0,2702.0,2120.0,1.0,C0,989000.0,114.0
3.0,2110.0,2880.0,1.0,C0,10.0,34.0
3.0,1444.0,3036.0,1.0,C0,660000.0,114.0
3.0,1500.0,3000.0,1.0,C0,1165999.0,104.0
3.0,2000.0,2024.0,1.0,C0,150000.0,114.0
3.0,2604.0,2520.0,1.0,C0,975000.0,114.0
3.0,2000.0,3093.0,1.0,C0,1181170.0,7.0
3.0,2000.0,2180.0,1.0,C0,750000.0,94.0
3.0,2750.0,2360.0,1.0,C0,900000.0,94.0
3.0,2525.0,2520.0,1.0,C0,1249000.0,94.0
3.0,2500.0,2480.0,1.0,C0,600000.0,94.0
3.0,2625.0,2480.0,1.0,C0,885000.0,94.0
3.0,3000.0,3229.0,1.0,C0,850000.0,125.0
3.0,2433.0,2320.0,1.0,C0,535000.0,94.0
3.0,2550.0,2688.0,1.0,C0,600000.0,94.0
3.0,2033.0,1800.0,1.0,C0,880000.0,64.0
3.0,1867.0,2376.0,1.0,C0,950000.0,19.0
3.0,2500.0,1960.0,1.0,C0,731000.0,114.0
3.0,2787.0,1944.0,1.0,C0,765000.0,64.0
3.0,3000.0,2961.0,1.0,C0,265000.0,20.0
3.0,3000.0,2961.0,1.0,C0,765000.0,20.0
3.0,2378.0,2898.0,1.0,C0,1000.0,19.0
3.0,3771.0,2520.0,1.0,C0,1200000.0,17.0
3.0,2014.0,2606.0,1.0,C0,833947.0,19.0
6.0,1625.0,2636.0,2.0,C5,540000.0,114.0
6.0,1625.0,2636.0,2.0,C5,628000.0,114.0
6.0,2500.0,5250.0,2.0,C2,50000.0,94.0
5.0,2000.0,3600.0,2.0,C2,1650000.0,94.0
4.0,2500.0,3040.0,2.0,C3,930000.0,94.0
4.0,2550.0,3198.0,2.0,C4,770000.0,94.0
5.0,2500.0,4100.0,2.0,C4,777000.0,94.0
10.0,2500.0,7469.0,2.0,C7,3400000.0,2.0
4.0,2500.0,1680.0,2.0,C3,990000.0,123.0
6.0,3380.0,4027.0,2.0,C5,10.0,104.0
4.0,2500.0,2400.0,2.0,C3,625000.0,99.0
4.0,2500.0,2400.0,2.0,C3,925000.0,99.0
4.0,2500.0,3239.0,2.0,C3,1300000.0,94.0
5.0,3000.0,3800.0,2.0,C2,10.0,99.0
5.0,2500.0,3900.0,2.0,C2,980000.0,94.0
4.0,2424.0,2580.0,2.0,C3,820000.0,94.0
6.0,2224.0,4296.0,2.0,C2,999000.0,99.0
4.0,2500.0,2300.0,2.0,C3,791152.0,109.0
6.0,2802.0,5712.0,2.0,C2,810000.0,114.0
6.0,1600.0,3600.0,2.0,C2,685116.0,99.0
4.0,2000.0,3360.0,2.0,C3,250000.0,99.0
6.0,3000.0,5400.0,2.0,C2,1472340.0,98.0
6.0,3000.0,5063.0,2.0,C2,1650000.0,99.0
4.0,2400.0,3360.0,2.0,C3,1265000.0,94.0
4.0,2650.0,3096.0,2.0,C3,215386.0,101.0
4.0,2541.0,3116.0,2.0,C3,1100000.0,101.0
4.0,2201.0,3276.0,2.0,C3,1050000.0,94.0
4.0,2375.0,2920.0,2.0,C3,1300000.0,94.0
4.0,2800.0,3360.0,2.0,C3,800000.0,94.0
6.0,3400.0,5022.0,2.0,C2,735000.0,94.0
1.0,1784.0,2286.0,1.0,A5,1900000.0,104.0
1.0,1050.0,1570.0,1.0,A5,1225000.0,89.0
1.0,1957.0,1644.0,1.0,A5,1161808.0,94.0
1.0,1660.0,1140.0,1.0,A5,975000.0,94.0
1.0,7000.0,3087.0,1.0,A1,10.0,104.0
1.0,2725.0,756.0,1.0,A9,726000.0,109.0
1.0,8000.0,5492.0,1.0,A1,1900000.0,125.0
1.0,5500.0,2998.0,1.0,A1,3245000.0,125.0
1.0,5000.0,3612.0,1.0,A1,3100000.0,119.0
1.0,6500.0,4155.0,1.0,A1,3250000.0,114.0
1.0,1999.0,1160.0,1.0,A9,635000.0,104.0
1.0,2930.0,1281.0,1.0,A2,500000.0,125.0
1.0,1725.0,942.0,1.0,A9,1115000.0,114.0
1.0,2047.0,1248.0,1.0,A5,10000.0,114.0
1.0,1192.0,1230.0,1.0,A5,679000.0,104.0
1.0,1500.0,1916.0,1.0,A5,544210.0,99.0
1.0,5000.0,3216.0,1.0,A1,2795000.0,123.0
1.0,5000.0,2607.0,1.0,A1,2282000.0,125.0
1.0,5000.0,3710.0,1.0,A1,3175000.0,99.0
1.0,5000.0,3012.0,1.0,A1,1940000.0,104.0
1.0,3750.0,2191.0,1.0,A1,1850000.0,104.0
1.0,5000.0,2682.0,1.0,A1,1550000.0,125.0
1.0,2000.0,1352.0,1.0,A1,1240000.0,104.0
1.0,3600.0,2966.0,1.0,A1,997000.0,125.0
1.0,1650.0,1520.0,1.0,A9,490000.0,94.0
1.0,2175.0,1320.0,1.0,A9,1088000.0,94.0
1.0,2028.0,1600.0,1.0,A5,840000.0,99.0
1.0,1920.0,1376.0,1.0,A5,505000.0,123.0
1.0,2133.0,1778.0,1.0,A5,980000.0,99.0
1.0,4000.0,2545.0,1.0,A1,1230000.0,125.0
1.0,4000.0,2786.0,1.0,A1,1999000.0,119.0
1.0,4500.0,2640.0,1.0,A1,1990000.0,119.0
1.0,5500.0,3316.0,1.0,A1,2550000.0,114.0
1.0,6000.0,3020.0,1.0,A1,2700000.0,125.0
1.0,1800.0,1232.0,1.0,A5,1.0,123.0
1.0,2000.0,1440.0,1.0,A5,863500.0,119.0
1.0,2000.0,1488.0,1.0,A5,1150000.0,119.0
1.0,2000.0,1776.0,1.0,A5,1100000.0,125.0
1.0,4000.0,1876.0,1.0,A1,500.0,125.0
1.0,8800.0,4693.0,1.0,A3,2525000.0,114.0
1.0,7390.0,4112.0,1.0,A3,2450000.0,114.0
1.0,5770.0,3676.0,1.0,A3,1600000.0,114.0
1.0,6300.0,3463.0,1.0,A1,1065000.0,125.0
1.0,1500.0,1616.0,1.0,A5,1340000.0,114.0
1.0,1187.0,1348.0,1.0,A5,630000.0,104.0
1.0,3675.0,2086.0,1.0,A1,1240000.0,109.0
1.0,4800.0,2087.0,1.0,A1,2050000.0,109.0
1.0,4200.0,2616.0,1.0,A1,2040000.0,114.0
1.0,5000.0,2832.0,1.0,A1,1875000.0,109.0
1.0,5000.0,2379.0,1.0,A1,975000.0,114.0
1.0,5000.0,2470.0,1.0,A1,1800000.0,114.0
1.0,4000.0,2499.0,1.0,A1,1272813.0,104.0
1.0,2750.0,1622.0,1.0,A9,995000.0,94.0
1.0,5625.0,3275.0,1.0,A1,1500000.0,114.0
1.0,4500.0,1828.0,1.0,A1,1490000.0,125.0
2.0,2400.0,2000.0,1.0,B1,1850000.0,114.0
2.0,2000.0,2144.0,1.0,B1,1860000.0,99.0
2.0,2400.0,2328.0,1.0,B1,1250000.0,109.0
2.0,8000.0,5374.0,1.0,B3,2995000.0,119.0
2.0,2575.0,4016.0,1.0,B1,1265000.0,104.0
2.0,2252.0,1860.0,1.0,B3,825000.0,99.0
2.0,3096.0,2310.0,1.0,B9,1000.0,123.0
2.0,1739.0,2880.0,1.0,B1,1000.0,18.0
2.0,5000.0,2960.0,1.0,B2,1.0,94.0
2.0,1600.0,1908.0,1.0,B1,100.0,104.0
2.0,2363.0,1440.0,1.0,B2,885000.0,125.0
2.0,1200.0,2616.0,1.0,B3,760000.0,123.0
2.0,1500.0,1916.0,1.0,B3,625000.0,99.0
2.0,1500.0,1916.0,1.0,B3,830000.0,99.0
2.0,5000.0,2244.0,1.0,B3,48470.0,125.0
2.0,5000.0,2558.0,1.0,B3,2750000.0,104.0
2.0,3750.0,2809.0,1.0,B2,10.0,104.0
2.0,7500.0,3457.0,1.0,B3,2475000.0,125.0
2.0,2514.0,2608.0,1.0,B1,1725000.0,123.0
2.0,2400.0,2806.0,1.0,B2,675000.0,125.0
2.0,4000.0,3373.0,1.0,B2,1600000.0,125.0
2.0,2000.0,1920.0,1.0,B9,1249740.0,114.0
2.0,2000.0,2120.0,1.0,B9,920000.0,114.0
2.0,1600.0,1440.0,1.0,B3,1000.0,94.0
2.0,2000.0,2128.0,1.0,B1,742500.0,123.0
2.0,2000.0,2128.0,1.0,B1,1000.0,123.0
2.0,1814.0,3420.0,1.0,B2,1156000.0,24.0
2.0,5800.0,2734.0,1.0,B3,1450000.0,119.0
2.0,3075.0,1810.0,1.0,B2,750000.0,125.0
2.0,4100.0,2396.0,1.0,B2,999000.0,125.0
2.0,3000.0,1292.0,1.0,B3,10.0,125.0
2.0,2468.0,2293.0,1.0,B9,1800000.0,114.0
2.0,4000.0,3262.0,1.0,B2,1600000.0,114.0
2.0,3000.0,3002.0,1.0,B2,1200000.0,104.0
2.0,7250.0,3547.0,1.0,B2,1200000.0,125.0
2.0,2166.0,2128.0,1.0,B1,999000.0,123.0
2.0,2688.0,2456.0,1.0,B1,800000.0,99.0
2.0,2688.0,2456.0,1.0,B1,1065000.0,99.0
2.0,1950.0,1950.0,1.0,B1,960000.0,114.0
2.0,1950.0,2030.0,1.0,B1,10.0,114.0
2.0,1950.0,2030.0,1.0,B1,10.0,114.0
2.0,1800.0,1752.0,1.0,B2,1420000.0,119.0
2.0,5000.0,3083.0,1.0,B3,2499000.0,99.0
3.0,2437.0,3000.0,1.0,C0,10000.0,93.0
3.0,1280.0,3000.0,1.0,C0,750000.0,114.0
3.0,2825.0,4062.0,1.0,C0,1.0,94.0
3.0,2825.0,4062.0,1.0,C0,1.0,94.0
3.0,2042.0,3268.0,1.0,C0,999999.0,19.0
3.0,1895.0,2842.0,1.0,C0,1140000.0,114.0
3.0,1842.0,2757.0,1.0,C0,1250000.0,18.0
3.0,2000.0,3525.0,1.0,C0,960000.0,114.0
3.0,2260.0,3432.0,1.0,C0,1000000.0,25.0
3.0,2400.0,3300.0,1.0,C0,960000.0,114.0
3.0,2000.0,4160.0,1.0,C0,600000.0,123.0
3.0,1800.0,2160.0,1.0,C0,950000.0,99.0
3.0,2000.0,2256.0,1.0,C0,960000.0,114.0
3.0,1950.0,3570.0,1.0,C0,925000.0,114.0
3.0,2000.0,3000.0,1.0,C0,960000.0,119.0
3.0,825.0,2454.0,1.0,C0,735177.0,91.0
3.0,4000.0,2624.0,1.0,C0,650000.0,104.0
3.0,3500.0,2828.0,1.0,C0,980000.0,123.0
40.0,19979.0,46452.0,2.0,C1,4250000.0,110.0
25.0,5000.0,20250.0,2.0,C1,2900000.0,100.0
33.0,8000.0,25900.0,2.0,C1,2550000.0,99.0
8.0,3000.0,6569.0,2.0,C1,812000.0,123.0
4.0,4383.0,3636.0,2.0,C3,345000.0,100.0
16.0,3920.0,13036.0,2.0,C1,1275000.0,107.0
8.0,2000.0,6507.0,2.0,C1,500.0,119.0
6.0,2500.0,5062.0,2.0,C2,3300000.0,88.0
6.0,2500.0,5062.0,2.0,C2,3300000.0,88.0
6.0,2500.0,5312.0,2.0,C2,3300000.0,88.0
35.0,12000.0,34300.0,2.0,C1,3600000.0,102.0
7.0,2050.0,4268.0,2.0,C7,999999.0,125.0
23.0,5900.0,23000.0,2.0,C1,1624154.0,93.0
7.0,4450.0,11300.0,2.0,C7,2250000.0,93.0
1.0,1625.0,2350.0,1.0,A5,540000.0,79.0
1.0,1625.0,2350.0,1.0,A5,575000.0,79.0
1.0,1882.0,1761.0,1.0,A5,300000.0,79.0
1.0,3000.0,1240.0,1.0,A9,530000.0,114.0
1.0,2000.0,1404.0,1.0,A9,650000.0,104.0
1.0,2000.0,1222.0,1.0,A9,303000.0,104.0
1.0,2100.0,1696.0,1.0,A5,820000.0,89.0
1.0,2500.0,1178.0,1.0,A1,420000.0,114.0
1.0,1600.0,1280.0,1.0,A1,720000.0,104.0
1.0,2000.0,1404.0,1.0,A9,500.0,99.0
1.0,1833.0,1404.0,1.0,A9,32500.0,99.0
1.0,2000.0,1600.0,1.0,A5,340000.0,99.0
1.0,2000.0,1600.0,1.0,A5,684950.0,99.0
1.0,2500.0,840.0,1.0,A1,585000.0,99.0
1.0,3000.0,1136.0,1.0,A1,626882.0,104.0
1.0,2000.0,1664.0,1.0,A1,456300.0,104.0
1.0,1950.0,1378.0,1.0,A9,645000.0,104.0
1.0,2300.0,1352.0,1.0,A1,700000.0,94.0
1.0,6400.0,2382.0,1.0,A2,1185000.0,79.0
1.0,1674.0,1232.0,1.0,A9,550000.0,99.0
1.0,2000.0,1456.0,1.0,A9,690000.0,99.0
1.0,2300.0,1344.0,1.0,A5,525000.0,99.0
1.0,2300.0,1344.0,1.0,A5,870000.0,99.0
1.0,1800.0,1929.0,1.0,A5,800000.0,84.0
1.0,2000.0,2145.0,1.0,A1,830000.0,94.0
1.0,2000.0,1472.0,1.0,A5,705000.0,94.0
1.0,2217.0,1288.0,1.0,A5,662000.0,94.0
1.0,2200.0,1712.0,1.0,A1,575600.0,94.0
1.0,2024.0,1530.0,1.0,A1,815000.0,104.0
1.0,2300.0,1428.0,1.0,A1,649000.0,104.0
1.0,1958.0,1312.0,1.0,A9,860000.0,104.0
1.0,2000.0,1632.0,1.0,A1,629000.0,109.0
1.0,1925.0,1328.0,1.0,A5,457821.0,104.0
1.0,2000.0,1206.0,1.0,A9,750000.0,104.0
1.0,2000.0,1257.0,1.0,A1,640000.0,114.0
1.0,2000.0,1350.0,1.0,A9,417000.0,114.0
1.0,2000.0,1494.0,1.0,A5,470000.0,114.0
1.0,1900.0,1300.0,1.0,A9,605000.0,104.0
1.0,4000.0,1512.0,1.0,A1,799000.0,99.0
1.0,2000.0,1128.0,1.0,A1,700000.0,104.0
1.0,2000.0,1128.0,1.0,A1,445000.0,104.0
1.0,1480.0,1320.0,1.0,A1,423852.0,104.0
1.0,2000.0,1456.0,1.0,A1,700000.0,104.0
1.0,2000.0,1482.0,1.0,A9,640000.0,104.0
1.0,2000.0,1536.0,1.0,A9,620000.0,104.0
1.0,1123.0,1328.0,1.0,A9,466000.0,114.0
1.0,1123.0,1328.0,1.0,A9,785010.0,114.0
1.0,2500.0,1914.0,1.0,A1,940000.0,114.0
1.0,2016.0,1444.0,1.0,A1,526280.0,104.0
1.0,1920.0,1444.0,1.0,A9,530000.0,104.0
1.0,1600.0,1216.0,1.0,A5,854000.0,79.0
1.0,1600.0,1216.0,1.0,A5,475000.0,79.0
1.0,2000.0,1300.0,1.0,A9,505000.0,89.0
1.0,2000.0,1472.0,1.0,A9,10.0,104.0
1.0,2000.0,1360.0,1.0,A9,600000.0,104.0
1.0,2000.0,1408.0,1.0,A9,775000.0,104.0
1.0,2200.0,1408.0,1.0,A9,820000.0,99.0
1.0,2000.0,1280.0,1.0,A9,723000.0,114.0
1.0,2000.0,1280.0,1.0,A9,730000.0,104.0
1.0,2000.0,1264.0,1.0,A9,395460.0,104.0
1.0,2150.0,909.0,1.0,A5,450000.0,84.0
1.0,1600.0,1024.0,1.0,A5,604200.0,84.0
1.0,2000.0,1600.0,1.0,A9,736000.0,94.0
1.0,2000.0,1282.0,1.0,A9,830000.0,94.0
1.0,2000.0,1520.0,1.0,A9,10.0,94.0
1.0,2000.0,1492.0,1.0,A9,430000.0,94.0
1.0,938.0,1105.0,1.0,A5,783520.0,94.0
1.0,1500.0,1704.0,1.0,A5,700000.0,114.0
1.0,2000.0,1188.0,1.0,A1,705000.0,104.0
1.0,4000.0,1460.0,1.0,A1,917500.0,99.0
1.0,1950.0,1680.0,1.0,A9,890000.0,99.0
1.0,1658.0,1196.0,1.0,A9,552000.0,104.0
1.0,1950.0,1312.0,1.0,A9,600000.0,94.0
1.0,2000.0,1280.0,1.0,A1,840000.0,94.0
1.0,2000.0,1280.0,1.0,A9,735000.0,94.0
1.0,1783.0,1316.0,1.0,A1,635000.0,104.0
1.0,2000.0,1408.0,1.0,A9,660000.0,99.0
1.0,2000.0,1344.0,1.0,A1,496860.0,94.0
1.0,2000.0,1536.0,1.0,A1,792447.0,94.0
1.0,2000.0,1472.0,1.0,A1,845000.0,94.0
1.0,1600.0,1672.0,1.0,A5,610000.0,84.0
1.0,1600.0,1520.0,1.0,A5,715000.0,84.0
1.0,1600.0,1720.0,1.0,A5,1.0,84.0
1.0,2000.0,1339.0,1.0,A9,10.0,104.0
1.0,1800.0,1710.0,1.0,A5,692000.0,84.0
1.0,2200.0,1806.0,1.0,A5,736000.0,84.0
1.0,1800.0,1710.0,1.0,A5,730000.0,84.0
1.0,2000.0,1404.0,1.0,A9,850000.0,104.0
1.0,4000.0,1470.0,1.0,A1,10.0,99.0
1.0,1900.0,1552.0,1.0,A9,1.0,89.0
1.0,1900.0,1552.0,1.0,A9,10.0,89.0
1.0,4000.0,1639.0,1.0,A1,620000.0,94.0
1.0,2000.0,1868.0,1.0,A9,755000.0,94.0
1.0,3000.0,1762.0,1.0,A1,837000.0,94.0
1.0,2717.0,1916.0,1.0,A1,1.0,99.0
1.0,2375.0,1836.0,1.0,A9,780000.0,104.0
1.0,2000.0,1344.0,1.0,A9,505734.0,99.0
1.0,2000.0,1648.0,1.0,A9,10.0,99.0
1.0,3500.0,2047.0,1.0,A1,5000.0,89.0
1.0,2200.0,1440.0,1.0,A9,600000.0,99.0
1.0,2000.0,1440.0,1.0,A9,915000.0,99.0
1.0,2000.0,1440.0,1.0,A9,521650.0,99.0
1.0,2533.0,1312.0,1.0,A1,1300000.0,99.0
1.0,2000.0,1280.0,1.0,A9,700000.0,99.0
1.0,2100.0,1500.0,1.0,A9,760000.0,99.0
1.0,2100.0,1440.0,1.0,A1,840000.0,99.0
1.0,2100.0,1652.0,1.0,A9,840000.0,99.0
1.0,2000.0,1417.0,1.0,A9,960000.0,99.0
1.0,2000.0,1515.0,1.0,A9,1350000.0,99.0
1.0,3000.0,1440.0,1.0,A1,999000.0,99.0
1.0,2000.0,1536.0,1.0,A1,1300000.0,99.0
1.0,2000.0,1340.0,1.0,A9,280000.0,99.0
1.0,2000.0,1428.0,1.0,A5,670000.0,99.0
1.0,2000.0,1136.0,1.0,A5,705000.0,109.0
1.0,2100.0,1260.0,1.0,A5,540681.0,99.0
1.0,2000.0,1625.0,1.0,A5,575000.0,94.0
1.0,2000.0,1425.0,1.0,A5,235000.0,94.0
1.0,2000.0,1404.0,1.0,A5,725000.0,104.0
1.0,2100.0,1456.0,1.0,A9,995000.0,109.0
1.0,2000.0,1274.0,1.0,A9,900000.0,99.0
1.0,2000.0,1452.0,1.0,A9,995000.0,99.0
1.0,2667.0,1408.0,1.0,A1,940000.0,99.0
1.0,2000.0,1170.0,1.0,A9,830000.0,99.0
1.0,2000.0,1118.0,1.0,A9,695000.0,99.0
1.0,2000.0,1352.0,1.0,A9,500000.0,99.0
1.0,2000.0,1352.0,1.0,A9,999000.0,99.0
1.0,2050.0,1380.0,1.0,A9,646844.0,104.0
1.0,2333.0,1720.0,1.0,A9,950000.0,99.0
1.0,2000.0,1300.0,1.0,A9,840000.0,104.0
1.0,2000.0,1400.0,1.0,A5,1000.0,119.0
1.0,2000.0,1264.0,1.0,A9,508000.0,104.0
1.0,2500.0,1621.0,1.0,A1,995000.0,99.0
1.0,2000.0,1812.0,1.0,A1,1150000.0,99.0
1.0,2000.0,1287.0,1.0,A9,500000.0,99.0
1.0,1850.0,1423.0,1.0,A9,999000.0,99.0
1.0,2000.0,1392.0,1.0,A1,860000.0,99.0
1.0,2000.0,1284.0,1.0,A1,999000.0,99.0
1.0,2000.0,1316.0,1.0,A9,832000.0,99.0
1.0,4300.0,1748.0,1.0,A1,915000.0,99.0
1.0,2000.0,1326.0,1.0,A9,400000.0,99.0
1.0,2000.0,1316.0,1.0,A5,820000.0,99.0
1.0,2150.0,840.0,1.0,A9,575000.0,79.0
1.0,2150.0,798.0,1.0,A9,349830.0,79.0
1.0,2150.0,840.0,1.0,A9,10.0,79.0
1.0,2438.0,1444.0,1.0,A1,807000.0,94.0
1.0,2000.0,1284.0,1.0,A1,689000.0,104.0
1.0,1950.0,1430.0,1.0,A9,740000.0,114.0
1.0,2667.0,1928.0,1.0,A1,600000.0,114.0
1.0,2317.0,1216.0,1.0,A1,750000.0,114.0
1.0,2000.0,1400.0,1.0,A9,800000.0,104.0
1.0,2000.0,1274.0,1.0,A9,660000.0,94.0
1.0,2400.0,1378.0,1.0,A1,700000.0,94.0
1.0,1950.0,1352.0,1.0,A1,728000.0,99.0
1.0,2000.0,1284.0,1.0,A9,400000.0,99.0
1.0,2175.0,1643.0,1.0,A5,815000.0,84.0
1.0,2217.0,1855.0,1.0,A5,700000.0,94.0
1.0,2167.0,2835.0,1.0,A5,582000.0,89.0
1.0,1950.0,1040.0,1.0,A1,625000.0,104.0
1.0,2000.0,1500.0,1.0,A9,820000.0,109.0
1.0,2000.0,1304.0,1.0,A1,100.0,99.0
1.0,2000.0,1396.0,1.0,A1,350000.0,109.0
1.0,2000.0,1396.0,1.0,A1,888000.0,109.0
1.0,1600.0,1263.0,1.0,A9,640000.0,89.0
1.0,1600.0,1263.0,1.0,A9,10.0,89.0
1.0,1600.0,1263.0,1.0,A9,500500.0,89.0
1.0,2008.0,1472.0,1.0,A9,710000.0,104.0
1.0,2000.0,1576.0,1.0,A5,557645.0,114.0
1.0,2000.0,1528.0,1.0,A1,775000.0,99.0
1.0,2000.0,1528.0,1.0,A1,495000.0,99.0
1.0,2000.0,1512.0,1.0,A9,10.0,104.0
1.0,2000.0,1650.0,1.0,A5,775000.0,99.0
1.0,2000.0,1040.0,1.0,A9,357000.0,104.0
1.0,2000.0,1500.0,1.0,A5,234000.0,94.0
1.0,2000.0,1472.0,1.0,A9,940000.0,99.0
1.0,2635.0,1640.0,1.0,A1,720000.0,94.0
1.0,2683.0,1473.0,1.0,A2,682500.0,84.0
1.0,2800.0,1110.0,1.0,A2,730000.0,84.0
1.0,1760.0,1708.0,1.0,A2,675000.0,89.0
1.0,1600.0,1520.0,1.0,A5,600000.0,84.0
1.0,1600.0,1120.0,1.0,A5,491790.0,84.0
1.0,1710.0,1890.0,1.0,A5,920000.0,84.0
1.0,1800.0,1296.0,1.0,A5,677000.0,64.0
1.0,1800.0,1296.0,1.0,A5,685000.0,64.0
2.0,2000.0,8048.0,1.0,B2,1230000.0,114.0
2.0,2200.0,3472.0,1.0,B1,907000.0,20.0
2.0,2000.0,1400.0,1.0,B1,600000.0,114.0
2.0,3000.0,2936.0,1.0,B1,1113000.0,104.0
2.0,1568.0,2068.0,1.0,B1,575000.0,79.0
2.0,2250.0,1696.0,1.0,B1,675264.0,104.0
2.0,2467.0,2720.0,1.0,B1,1050000.0,104.0
2.0,2000.0,1640.0,1.0,B1,25000.0,64.0
2.0,4000.0,2160.0,1.0,B2,1075000.0,99.0
2.0,4000.0,2864.0,1.0,B2,685000.0,99.0
2.0,3900.0,2400.0,1.0,B1,802000.0,94.0
2.0,2000.0,1613.0,1.0,B1,1000.0,74.0
2.0,1900.0,3678.0,1.0,B1,879777.0,99.0
2.0,2000.0,2000.0,1.0,B1,800000.0,104.0
2.0,2000.0,2156.0,1.0,B1,750000.0,84.0
2.0,1750.0,2487.0,1.0,B1,1050000.0,15.0
2.0,2000.0,1768.0,1.0,B2,900000.0,104.0
2.0,2000.0,1920.0,1.0,B1,775000.0,104.0
2.0,2000.0,1422.0,1.0,B3,700000.0,99.0
2.0,1896.0,1632.0,1.0,B1,500000.0,104.0
2.0,2150.0,1690.0,1.0,B1,690000.0,84.0
2.0,2200.0,2928.0,1.0,B1,1000.0,84.0
2.0,2000.0,1975.0,1.0,B3,720000.0,84.0
2.0,2000.0,2160.0,1.0,B3,640000.0,94.0
2.0,2000.0,2560.0,1.0,B1,346766.0,59.0
2.0,2000.0,1562.0,1.0,B1,100.0,74.0
2.0,4000.0,1100.0,1.0,B3,630000.0,99.0
2.0,2000.0,2656.0,1.0,B1,1.0,94.0
2.0,2300.0,2860.0,1.0,B1,985000.0,94.0
2.0,2000.0,1640.0,1.0,B1,10.0,69.0
2.0,2000.0,1440.0,1.0,B3,1475000.0,99.0
2.0,2000.0,1440.0,1.0,B3,625000.0,99.0
2.0,2000.0,2080.0,1.0,B1,730000.0,94.0
2.0,1810.0,2492.0,1.0,B1,1330000.0,4.0
2.0,1810.0,2492.0,1.0,B1,1330000.0,4.0
2.0,1260.0,1902.0,1.0,B1,780000.0,84.0
2.0,1540.0,2266.0,1.0,B1,700000.0,84.0
2.0,1190.0,1496.0,1.0,B1,475000.0,84.0
2.0,2750.0,2106.0,1.0,B1,892500.0,84.0
2.0,2000.0,2258.0,1.0,B1,715000.0,74.0
2.0,1900.0,2055.0,1.0,B3,650000.0,84.0
2.0,2000.0,2592.0,1.0,B1,675000.0,94.0
2.0,2000.0,1520.0,1.0,B3,432600.0,94.0
2.0,2000.0,1520.0,1.0,B3,553390.0,94.0
2.0,2317.0,1335.0,1.0,B3,799000.0,104.0
2.0,2000.0,2240.0,1.0,B1,130000.0,114.0
2.0,1950.0,2060.0,1.0,B1,1065000.0,114.0
2.0,2100.0,1971.0,1.0,B3,780000.0,104.0
2.0,2000.0,2000.0,1.0,B1,730000.0,93.0
2.0,2000.0,2080.0,1.0,B2,630000.0,114.0
2.0,2040.0,1344.0,1.0,B3,920000.0,104.0
2.0,2000.0,2048.0,1.0,B1,1250000.0,114.0
2.0,1980.0,1482.0,1.0,B3,100.0,114.0
2.0,2000.0,1920.0,1.0,B2,152500.0,104.0
2.0,2000.0,1920.0,1.0,B1,1115000.0,125.0
2.0,2400.0,1440.0,1.0,B2,650000.0,114.0
2.0,2000.0,1582.0,1.0,B9,10.0,74.0
2.0,4100.0,2048.0,1.0,B2,1070000.0,104.0
2.0,2520.0,2232.0,1.0,B2,800000.0,99.0
2.0,2050.0,2376.0,1.0,B2,800000.0,109.0
2.0,2000.0,1489.0,1.0,B2,5000.0,114.0
2.0,1800.0,1643.0,1.0,B3,1.0,114.0
2.0,2000.0,1920.0,1.0,B9,860000.0,104.0
2.0,3000.0,2160.0,1.0,B3,1050000.0,104.0
2.0,2000.0,2121.0,1.0,B9,900000.0,104.0
2.0,4520.0,1400.0,1.0,B3,850000.0,109.0
2.0,2533.0,2720.0,1.0,B1,1160000.0,104.0
2.0,1958.0,1984.0,1.0,B1,800000.0,125.0
2.0,1063.0,1260.0,1.0,B1,750000.0,104.0
2.0,1900.0,1938.0,1.0,B1,1.0,114.0
2.0,1800.0,1782.0,1.0,B1,750000.0,104.0
2.0,1650.0,1680.0,1.0,B1,790000.0,104.0
2.0,1933.0,1976.0,1.0,B1,880000.0,114.0
2.0,2708.0,1775.0,1.0,B3,91000.0,114.0
2.0,2000.0,2280.0,1.0,B2,905000.0,104.0
2.0,2150.0,1896.0,1.0,B1,689000.0,84.0
2.0,3000.0,2797.0,1.0,B2,900000.0,64.0
2.0,1750.0,1230.0,1.0,B2,855000.0,94.0
2.0,1640.0,1408.0,1.0,B2,775000.0,99.0
2.0,1278.0,1408.0,1.0,B2,1350000.0,99.0
2.0,2000.0,2000.0,1.0,B2,500000.0,104.0
2.0,2430.0,2000.0,1.0,B2,927000.0,99.0
2.0,3000.0,1640.0,1.0,B3,609000.0,104.0
2.0,3000.0,1280.0,1.0,B3,499126.0,114.0
2.0,1417.0,1236.0,1.0,B1,1.0,104.0
2.0,2000.0,1350.0,1.0,B1,900000.0,25.0
2.0,2150.0,909.0,1.0,B1,725000.0,84.0
2.0,2043.0,1291.0,1.0,B3,300000.0,84.0
2.0,1600.0,1024.0,1.0,B1,570000.0,84.0
2.0,2002.0,1540.0,1.0,B1,600000.0,79.0
2.0,1900.0,1216.0,1.0,B3,566000.0,89.0
2.0,1900.0,1216.0,1.0,B3,850000.0,89.0
2.0,2500.0,2080.0,1.0,B1,875000.0,94.0
2.0,2500.0,2560.0,1.0,B1,990000.0,104.0
2.0,1950.0,2304.0,1.0,B1,745000.0,94.0
2.0,2145.0,2160.0,1.0,B2,850000.0,94.0
2.0,2000.0,1392.0,1.0,B3,515000.0,99.0
2.0,2000.0,1392.0,1.0,B3,890000.0,99.0
2.0,3000.0,2217.0,1.0,B9,850000.0,69.0
2.0,2200.0,2228.0,1.0,B1,500.0,84.0
2.0,1600.0,1824.0,1.0,B3,850000.0,84.0
2.0,1600.0,1824.0,1.0,B3,715000.0,84.0
2.0,1742.0,1836.0,1.0,B9,815000.0,94.0
2.0,1758.0,1938.0,1.0,B1,10.0,94.0
2.0,1758.0,1938.0,1.0,B1,615157.0,94.0
2.0,1600.0,1904.0,1.0,B1,1.0,79.0
2.0,2000.0,1400.0,1.0,B3,100.0,94.0
2.0,3000.0,2096.0,1.0,B1,820000.0,79.0
2.0,2000.0,2080.0,1.0,B1,950000.0,109.0
2.0,2050.0,3100.0,1.0,B9,1080000.0,54.0
2.0,2125.0,1860.0,1.0,B2,1000.0,89.0
2.0,4000.0,3060.0,1.0,B2,955000.0,94.0
2.0,4000.0,3023.0,1.0,B2,900000.0,94.0
2.0,4000.0,3023.0,1.0,B2,999950.0,94.0
2.0,4000.0,2589.0,1.0,B2,1225000.0,119.0
2.0,2000.0,2136.0,1.0,B1,1165000.0,109.0
2.0,2000.0,1800.0,1.0,B1,810065.0,104.0
2.0,2000.0,1320.0,1.0,B1,715000.0,94.0
2.0,4000.0,2130.0,1.0,B3,1355000.0,109.0
2.0,2500.0,2053.0,1.0,B3,900000.0,109.0
2.0,4000.0,2634.0,1.0,B2,809509.0,109.0
2.0,4000.0,2634.0,1.0,B2,1268141.0,109.0
2.0,4000.0,2156.0,1.0,B3,1600000.0,99.0
2.0,2640.0,2680.0,1.0,B1,935000.0,89.0
2.0,3000.0,1604.0,1.0,B1,1350000.0,99.0
2.0,2000.0,1075.0,1.0,B1,985800.0,79.0
2.0,2000.0,1720.0,1.0,B1,1065118.0,79.0
2.0,2933.0,1322.0,1.0,B2,999000.0,94.0
2.0,3000.0,2020.0,1.0,B2,995000.0,114.0
2.0,2000.0,1860.0,1.0,B3,700000.0,109.0
2.0,4000.0,1632.0,1.0,B3,792000.0,104.0
2.0,2000.0,2232.0,1.0,B1,1160000.0,104.0
2.0,2400.0,2280.0,1.0,B1,875000.0,114.0
2.0,3000.0,2240.0,1.0,B1,280000.0,99.0
2.0,3000.0,2240.0,1.0,B1,1380000.0,99.0
2.0,2788.0,1648.0,1.0,B2,10.0,99.0
2.0,2912.0,1513.0,1.0,B3,760000.0,99.0
2.0,2000.0,2000.0,1.0,B2,500000.0,109.0
2.0,1776.0,1884.0,1.0,B3,1.0,89.0
2.0,2667.0,2160.0,1.0,B1,120000.0,74.0
2.0,3100.0,1758.0,1.0,B1,815000.0,79.0
2.0,1800.0,1732.0,1.0,B1,10.0,84.0
2.0,2333.0,3168.0,1.0,B1,10.0,84.0
2.0,2383.0,2760.0,1.0,B1,660000.0,64.0
2.0,2200.0,1861.0,1.0,B9,900000.0,69.0
2.0,2000.0,2100.0,1.0,B1,750000.0,64.0
2.0,2400.0,2544.0,1.0,B1,450000.0,64.0
3.0,2600.0,2560.0,1.0,C0,1.0,109.0
3.0,2000.0,3052.0,1.0,C0,830000.0,74.0
3.0,3346.0,4145.0,1.0,C0,733333.0,2.0
3.0,1905.0,2938.0,1.0,C0,733333.0,2.0
3.0,1910.0,2938.0,1.0,C0,733333.0,2.0
3.0,3343.0,3240.0,1.0,C0,733333.0,2.0
3.0,2007.0,3088.0,1.0,C0,733333.0,2.0
3.0,3028.0,3600.0,1.0,C0,995000.0,17.0
3.0,1950.0,3135.0,1.0,C0,1225000.0,114.0
3.0,2000.0,2080.0,1.0,C0,10.0,114.0
3.0,2017.0,1984.0,1.0,C0,885000.0,125.0
3.0,1967.0,1976.0,1.0,C0,10.0,114.0
3.0,1967.0,1976.0,1.0,C0,767510.0,114.0
3.0,2333.0,3135.0,1.0,C0,1195000.0,104.0
3.0,1600.0,2160.0,1.0,C0,240000.0,125.0
3.0,3400.0,1646.0,1.0,C0,777500.0,104.0
3.0,2000.0,2556.0,1.0,C0,850000.0,104.0
3.0,2000.0,1600.0,1.0,C0,900000.0,104.0
3.0,1742.0,1836.0,1.0,C0,720000.0,94.0
3.0,1783.0,2040.0,1.0,C0,716339.0,84.0
3.0,2350.0,2376.0,1.0,C0,1185000.0,109.0
3.0,5750.0,3292.0,1.0,C0,1525000.0,99.0
3.0,2667.0,2820.0,1.0,C0,699538.0,109.0
3.0,2667.0,2820.0,1.0,C0,855000.0,109.0
3.0,4000.0,2416.0,1.0,C0,725000.0,79.0
3.0,3000.0,5616.0,1.0,C0,910000.0,89.0
27.0,7600.0,25836.0,2.0,C1,2400000.0,104.0
6.0,3000.0,5412.0,2.0,C2,650000.0,104.0
6.0,3000.0,5412.0,2.0,C2,650000.0,104.0
6.0,2850.0,5710.0,2.0,C2,825000.0,104.0
4.0,2800.0,4020.0,2.0,C3,1170000.0,99.0
4.0,4080.0,3936.0,2.0,C3,965000.0,104.0
5.0,3500.0,3600.0,2.0,C2,10.0,93.0
28.0,7200.0,21840.0,2.0,C1,5163750.0,99.0
6.0,1996.0,3720.0,2.0,C2,3530.0,93.0
16.0,4000.0,12720.0,2.0,C1,40000.0,93.0
4.0,2618.0,3040.0,2.0,C3,10.0,93.0
4.0,1933.0,3528.0,2.0,C3,1120000.0,93.0
6.0,2000.0,4500.0,2.0,C2,656710.0,93.0
6.0,2000.0,4920.0,2.0,C2,1200000.0,93.0
4.0,1833.0,2598.0,2.0,C3,1190000.0,125.0
10.0,2300.0,9251.0,2.0,C1,500.0,109.0
1.0,2000.0,1680.0,1.0,A4,2215000.0,114.0
1.0,1800.0,1765.0,1.0,A5,1900000.0,114.0
1.0,2000.0,3144.0,1.0,A9,1785000.0,114.0
1.0,3298.0,1848.0,1.0,A5,900000.0,125.0
1.0,2129.0,2200.0,1.0,A5,1850000.0,123.0
1.0,6000.0,3866.0,1.0,A3,2500000.0,114.0
1.0,2100.0,2846.0,1.0,A5,2250000.0,114.0
1.0,2000.0,1780.0,1.0,A5,1600000.0,114.0
1.0,2000.0,2468.0,1.0,A4,2875000.0,114.0
1.0,2000.0,2168.0,1.0,A5,1850000.0,114.0
1.0,2250.0,2106.0,1.0,A4,2650000.0,99.0
1.0,2000.0,1800.0,1.0,A5,1975000.0,119.0
1.0,2050.0,1800.0,1.0,A5,2600000.0,119.0
1.0,2200.0,2200.0,1.0,A4,1450000.0,94.0
1.0,2000.0,3560.0,1.0,A4,2300000.0,123.0
1.0,2050.0,2884.0,1.0,A4,1600000.0,123.0
1.0,1700.0,2237.0,1.0,A4,1995000.0,125.0
1.0,2000.0,3896.0,1.0,A4,3200000.0,114.0
1.0,3500.0,1804.0,1.0,A1,1500000.0,99.0
1.0,2000.0,2820.0,1.0,A5,1600000.0,114.0
1.0,2000.0,2820.0,1.0,A5,1225000.0,114.0
1.0,2000.0,3036.0,1.0,A5,2280000.0,114.0
1.0,2000.0,2400.0,1.0,A5,2369000.0,114.0
1.0,2933.0,1948.0,1.0,A1,1510000.0,114.0
1.0,5040.0,1750.0,1.0,A1,2995000.0,114.0
1.0,2580.0,2000.0,1.0,A1,1300000.0,104.0
1.0,2014.0,2864.0,1.0,A5,2139000.0,119.0
2.0,2000.0,2128.0,1.0,B1,1300000.0,114.0
2.0,2000.0,2128.0,1.0,B1,1300000.0,114.0
2.0,2000.0,2144.0,1.0,B1,2300000.0,123.0
2.0,2000.0,2144.0,1.0,B1,1625000.0,123.0
2.0,2000.0,2108.0,1.0,B1,2600000.0,114.0
2.0,2000.0,2096.0,1.0,B1,324800.0,114.0
2.0,2050.0,2704.0,1.0,B9,1900000.0,119.0
2.0,2050.0,3192.0,1.0,B1,1500000.0,119.0
2.0,2208.0,2535.0,1.0,B3,1850000.0,114.0
2.0,2100.0,2854.0,1.0,B1,1750000.0,114.0
2.0,2000.0,2176.0,1.0,B1,2375000.0,109.0
2.0,2300.0,1938.0,1.0,B2,1300000.0,125.0
2.0,2000.0,2940.0,1.0,B1,1999500.0,114.0
2.0,2400.0,2048.0,1.0,B1,1285000.0,119.0
3.0,1649.0,1970.0,1.0,C0,1350000.0,114.0
3.0,1890.0,3240.0,1.0,C0,1850000.0,19.0
3.0,2000.0,2176.0,1.0,C0,1700000.0,109.0
3.0,1700.0,3300.0,1.0,C0,975000.0,114.0
3.0,2520.0,3516.0,1.0,C0,1700000.0,119.0
3.0,2500.0,3321.0,1.0,C0,1315000.0,119.0
3.0,2191.0,3690.0,1.0,C0,10000.0,125.0
8.0,3972.0,9600.0,2.0,C1,1210000.0,115.0
4.0,3600.0,3712.0,2.0,C3,1500000.0,93.0
4.0,4000.0,3712.0,2.0,C3,1350000.0,93.0
6.0,1700.0,4400.0,2.0,C5,1200000.0,114.0
6.0,1700.0,4400.0,2.0,C5,1900000.0,114.0
8.0,3600.0,10728.0,2.0,C1,10.0,114.0
8.0,3024.0,6028.0,2.0,C1,2430000.0,104.0
18.0,2500.0,6500.0,2.0,C5,1200000.0,114.0
1.0,1963.0,1648.0,1.0,A5,1400000.0,104.0
1.0,2200.0,1368.0,1.0,A5,985000.0,79.0
1.0,2000.0,1216.0,1.0,A9,780000.0,104.0
1.0,2000.0,1360.0,1.0,A5,845000.0,104.0
1.0,2000.0,1312.0,1.0,A9,875000.0,104.0
1.0,1948.0,2448.0,1.0,A5,971000.0,89.0
1.0,3000.0,3244.0,1.0,A5,988000.0,94.0
1.0,4000.0,1558.0,1.0,A5,872000.0,114.0
1.0,1975.0,1620.0,1.0,A9,600000.0,104.0
1.0,2342.0,2038.0,1.0,A5,340000.0,84.0
1.0,1300.0,1024.0,1.0,A5,810000.0,94.0
1.0,1175.0,960.0,1.0,A5,740000.0,94.0
1.0,2200.0,1024.0,1.0,A5,940000.0,125.0
1.0,1551.0,1320.0,1.0,A5,820000.0,104.0
1.0,1850.0,1500.0,1.0,A5,1100000.0,104.0
1.0,2000.0,528.0,1.0,A9,650000.0,125.0
1.0,2000.0,459.0,1.0,A2,800000.0,84.0
1.0,900.0,648.0,1.0,A9,10.0,84.0
1.0,6117.0,1260.0,1.0,A2,1999900.0,114.0
1.0,2231.0,1806.0,1.0,A5,675000.0,84.0
1.0,2242.0,1795.0,1.0,A2,718000.0,79.0
1.0,2440.0,1505.0,1.0,A5,100.0,84.0
1.0,1091.0,1812.0,1.0,A5,100.0,19.0
1.0,2000.0,1504.0,1.0,A5,481650.0,104.0
1.0,2100.0,2056.0,1.0,A5,10.0,79.0
1.0,2000.0,1328.0,1.0,A9,680000.0,104.0
2.0,1900.0,1184.0,1.0,B1,1025000.0,104.0
2.0,1620.0,1897.0,1.0,B1,805000.0,84.0
2.0,3100.0,2992.0,1.0,B1,1500000.0,79.0
2.0,2231.0,2012.0,1.0,B1,1210000.0,79.0
2.0,2200.0,1694.0,1.0,B1,805000.0,79.0
2.0,1500.0,1596.0,1.0,B1,550000.0,74.0
2.0,1500.0,1596.0,1.0,B1,550000.0,74.0
2.0,1600.0,1760.0,1.0,B1,740000.0,79.0
2.0,2200.0,1920.0,1.0,B1,999999.0,74.0
2.0,2500.0,2268.0,1.0,B1,30000.0,79.0
2.0,2500.0,2268.0,1.0,B1,50000.0,79.0
2.0,1800.0,1863.0,1.0,B1,525000.0,79.0
2.0,1832.0,2110.0,1.0,B1,850000.0,79.0
2.0,1197.0,1408.0,1.0,B1,380000.0,79.0
2.0,1197.0,1408.0,1.0,B1,680000.0,79.0
2.0,2000.0,3052.0,1.0,B1,10.0,94.0
2.0,2000.0,2100.0,1.0,B1,1130505.0,84.0
2.0,2000.0,2100.0,1.0,B1,530250.0,84.0
2.0,2000.0,1876.0,1.0,B1,620000.0,99.0
2.0,2000.0,1824.0,1.0,B1,750000.0,99.0
2.0,1800.0,1782.0,1.0,B1,918500.0,89.0
2.0,2500.0,3100.0,1.0,B1,1100000.0,94.0
2.0,1349.0,1584.0,1.0,B1,700000.0,89.0
2.0,1440.0,1740.0,1.0,B1,755000.0,89.0
2.0,1433.0,1740.0,1.0,B1,615000.0,89.0
2.0,2200.0,1767.0,1.0,B1,410670.0,79.0
2.0,2162.0,3365.0,1.0,B1,990000.0,84.0
2.0,2483.0,3360.0,1.0,B1,925000.0,94.0
2.0,2483.0,3360.0,1.0,B1,999000.0,94.0
2.0,1800.0,1989.0,1.0,B1,480000.0,89.0
2.0,1800.0,1989.0,1.0,B1,710000.0,89.0
2.0,2300.0,2392.0,1.0,B1,770000.0,84.0
2.0,2680.0,2384.0,1.0,B1,901000.0,74.0
2.0,1800.0,1930.0,1.0,B1,725000.0,74.0
2.0,1983.0,2204.0,1.0,B1,1080000.0,74.0
2.0,2250.0,1844.0,1.0,B1,735000.0,84.0
2.0,4000.0,2704.0,1.0,B1,11000.0,95.0
2.0,2000.0,1482.0,1.0,B3,100.0,94.0
2.0,2233.0,2123.0,1.0,B1,875000.0,74.0
2.0,2613.0,2123.0,1.0,B1,650000.0,74.0
2.0,1875.0,1620.0,1.0,B1,488748.0,104.0
2.0,1419.0,1672.0,1.0,B1,400000.0,74.0
2.0,2607.0,2113.0,1.0,B1,895000.0,74.0
2.0,1935.0,964.0,1.0,B1,900000.0,79.0
2.0,1000.0,2100.0,1.0,B1,1485000.0,17.0
2.0,2185.0,2160.0,1.0,B3,1380000.0,84.0
2.0,1520.0,1430.0,1.0,B3,1100000.0,84.0
2.0,2000.0,2080.0,1.0,B1,1600000.0,114.0
2.0,1993.0,2720.0,1.0,B1,10.0,94.0
2.0,2288.0,1872.0,1.0,B3,850000.0,79.0
2.0,2133.0,1848.0,1.0,B1,1.0,74.0
2.0,1793.0,1966.0,1.0,B1,1330000.0,69.0
2.0,2000.0,1470.0,1.0,B1,565000.0,79.0
2.0,2000.0,1470.0,1.0,B1,990000.0,79.0
2.0,2000.0,1680.0,1.0,B1,712000.0,79.0
2.0,2000.0,1470.0,1.0,B1,750000.0,79.0
2.0,7000.0,3731.0,1.0,B2,3000000.0,123.0
2.0,1920.0,1536.0,1.0,B1,570000.0,84.0
2.0,2200.0,1843.0,1.0,B1,750000.0,74.0
2.0,2480.0,1505.0,1.0,B1,450000.0,84.0
2.0,1728.0,2820.0,1.0,B1,1275000.0,19.0
2.0,2240.0,2144.0,1.0,B3,915000.0,114.0
2.0,2000.0,1504.0,1.0,B2,1160000.0,99.0
2.0,2000.0,1568.0,1.0,B2,500000.0,123.0
2.0,2583.0,2432.0,1.0,B1,999000.0,99.0
3.0,2650.0,2924.0,1.0,C0,200000.0,95.0
3.0,5900.0,2170.0,1.0,C0,1400000.0,74.0
3.0,2500.0,2680.0,1.0,C0,870000.0,99.0
3.0,2000.0,2787.0,1.0,C0,427000.0,69.0
3.0,2000.0,2787.0,1.0,C0,10.0,69.0
3.0,2500.0,3288.0,1.0,C0,10.0,94.0
3.0,2350.0,2880.0,1.0,C0,920000.0,104.0
3.0,2550.0,2560.0,1.0,C0,396288.0,104.0
3.0,2000.0,3040.0,1.0,C0,715000.0,94.0
3.0,2000.0,3040.0,1.0,C0,650000.0,94.0
3.0,2000.0,2860.0,1.0,C0,340000.0,74.0
3.0,3000.0,2508.0,1.0,C0,1200000.0,104.0
3.0,1880.0,1627.0,1.0,C0,1136252.0,74.0
3.0,2600.0,2272.0,1.0,C0,820000.0,104.0
3.0,2500.0,3400.0,1.0,C0,1085000.0,84.0
3.0,2000.0,2000.0,1.0,C0,900000.0,114.0
3.0,2017.0,3400.0,1.0,C0,1570750.0,64.0
3.0,2000.0,3000.0,1.0,C0,1325000.0,17.0
3.0,2696.0,4320.0,1.0,C0,2025000.0,20.0
3.0,2000.0,3212.0,1.0,C0,894024.0,84.0
3.0,2600.0,2308.0,1.0,C0,1075000.0,93.0
3.0,2600.0,2308.0,1.0,C0,1200000.0,93.0
3.0,2000.0,3600.0,1.0,C0,1500000.0,18.0
3.0,1458.0,2695.0,1.0,C0,745000.0,99.0
3.0,1800.0,3150.0,1.0,C0,825000.0,74.0
3.0,3000.0,2400.0,1.0,C0,997000.0,104.0
4.0,2250.0,3116.0,2.0,C3,10.0,101.0
4.0,2950.0,3696.0,2.0,C3,1207500.0,94.0
4.0,2500.0,3696.0,2.0,C3,1195000.0,94.0
4.0,2550.0,3198.0,2.0,C3,1150000.0,94.0
6.0,2400.0,6123.0,2.0,C2,525000.0,94.0
6.0,3000.0,5796.0,2.0,C2,950000.0,94.0
4.0,2717.0,3280.0,2.0,C3,1200000.0,94.0
4.0,2733.0,3280.0,2.0,C3,1200000.0,94.0
4.0,2500.0,3568.0,2.0,C3,100.0,93.0
6.0,3383.0,7289.0,2.0,C2,750000.0,63.0
4.0,3250.0,3567.0,2.0,C3,750000.0,93.0
4.0,2500.0,3198.0,2.0,C3,800000.0,94.0
4.0,2750.0,3198.0,2.0,C3,775000.0,94.0
4.0,3250.0,3198.0,2.0,C3,910000.0,94.0
4.0,3250.0,3198.0,2.0,C3,178000.0,94.0
4.0,2500.0,3198.0,2.0,C3,1130000.0,94.0
4.0,2500.0,3198.0,2.0,C3,902435.0,94.0
31.0,7000.0,24820.0,2.0,C1,3000000.0,104.0
4.0,3000.0,3440.0,2.0,C3,1300000.0,94.0
5.0,3000.0,5440.0,2.0,C2,1360000.0,94.0
4.0,3000.0,3608.0,2.0,C3,902000.0,94.0
4.0,3900.0,3600.0,2.0,C3,296000.0,94.0
4.0,2750.0,3198.0,2.0,C3,690375.0,104.0
4.0,2750.0,3198.0,2.0,C3,796667.0,104.0
10.0,3600.0,8263.0,2.0,C1,7500000.0,2.0
1.0,2150.0,1763.0,1.0,A9,793000.0,84.0
1.0,2150.0,957.0,1.0,A5,563000.0,84.0
1.0,2600.0,906.0,1.0,A9,680000.0,74.0
1.0,2150.0,900.0,1.0,A9,600000.0,74.0
1.0,2400.0,1056.0,1.0,A5,655000.0,84.0
1.0,1800.0,1962.0,1.0,A5,725000.0,69.0
1.0,4000.0,1039.0,1.0,A5,515000.0,104.0
1.0,2017.0,836.0,1.0,A5,458381.0,79.0
1.0,3683.0,1459.0,1.0,A1,10.0,89.0
1.0,2033.0,1376.0,1.0,A5,790000.0,99.0
1.0,2542.0,1664.0,1.0,A1,850000.0,94.0
1.0,2000.0,1664.0,1.0,A5,790000.0,94.0
1.0,2200.0,1689.0,1.0,A5,330000.0,79.0
1.0,2200.0,1956.0,1.0,A2,505000.0,79.0
1.0,2400.0,1830.0,1.0,A5,499000.0,79.0
1.0,2250.0,1824.0,1.0,A1,10.0,94.0
1.0,2450.0,2080.0,1.0,A1,1000.0,94.0
1.0,2500.0,1424.0,1.0,A1,510000.0,94.0
1.0,2500.0,1414.0,1.0,A1,710000.0,99.0
1.0,2000.0,2235.0,1.0,A5,791629.0,74.0
1.0,2000.0,1926.0,1.0,A5,775000.0,74.0
1.0,1825.0,1998.0,1.0,A5,710000.0,99.0
1.0,1833.0,1260.0,1.0,A5,710000.0,99.0
1.0,2000.0,1316.0,1.0,A5,534581.0,89.0
1.0,2000.0,1316.0,1.0,A5,837400.0,89.0
1.0,2000.0,1316.0,1.0,A5,771000.0,89.0
1.0,2000.0,1316.0,1.0,A5,350000.0,89.0
1.0,1800.0,986.0,1.0,A9,435000.0,104.0
1.0,2217.0,1495.0,1.0,A2,386000.0,89.0
1.0,1800.0,1732.0,1.0,A5,66000.0,84.0
1.0,1800.0,1118.0,1.0,A9,579000.0,109.0
1.0,2000.0,1344.0,1.0,A9,700000.0,99.0
1.0,1940.0,1420.0,1.0,A9,636000.0,104.0
1.0,2844.0,1408.0,1.0,A1,750000.0,104.0
1.0,3385.0,1408.0,1.0,A1,800000.0,104.0
1.0,2400.0,1280.0,1.0,A9,438375.0,104.0
1.0,2400.0,1120.0,1.0,A1,780000.0,104.0
1.0,2000.0,1868.0,1.0,A9,240000.0,104.0
1.0,2250.0,1200.0,1.0,A1,682500.0,104.0
1.0,2250.0,1200.0,1.0,A1,760000.0,104.0
1.0,1600.0,1216.0,1.0,A9,10.0,104.0
1.0,2000.0,1472.0,1.0,A9,595000.0,104.0
1.0,2000.0,1184.0,1.0,A9,640000.0,104.0
1.0,3596.0,1512.0,1.0,A9,700000.0,99.0
1.0,2200.0,1376.0,1.0,A5,750000.0,89.0
1.0,2900.0,1392.0,1.0,A1,679000.0,104.0
1.0,3200.0,1584.0,1.0,A1,712500.0,104.0
1.0,4000.0,2400.0,1.0,A1,700000.0,119.0
2.0,2150.0,906.0,1.0,B1,630000.0,84.0
2.0,2240.0,2556.0,1.0,B1,970000.0,74.0
2.0,2500.0,2400.0,1.0,B2,952143.0,89.0
2.0,2500.0,2400.0,1.0,B2,50000.0,89.0
2.0,2500.0,2400.0,1.0,B2,813000.0,89.0
2.0,2433.0,1056.0,1.0,B1,460000.0,84.0
2.0,2650.0,1797.0,1.0,B3,870000.0,84.0
2.0,2500.0,1764.0,1.0,B1,820000.0,79.0
2.0,2500.0,1914.0,1.0,B1,420000.0,84.0
2.0,2500.0,1942.0,1.0,B1,960000.0,74.0
2.0,1900.0,1880.0,1.0,B1,815000.0,79.0
2.0,3200.0,2009.0,1.0,B1,897600.0,84.0
2.0,2208.0,1729.0,1.0,B3,318000.0,79.0
2.0,3900.0,2080.0,1.0,B1,1150000.0,20.0
2.0,2000.0,1528.0,1.0,B3,650000.0,94.0
2.0,3750.0,4009.0,1.0,B1,1225000.0,64.0
2.0,2500.0,2200.0,1.0,B2,910000.0,104.0
2.0,1633.0,1702.0,1.0,B3,760000.0,94.0
2.0,2500.0,1400.0,1.0,B3,850000.0,104.0
2.0,2867.0,1998.0,1.0,B1,950000.0,84.0
2.0,2317.0,3392.0,1.0,B1,830000.0,64.0
2.0,2400.0,3392.0,1.0,B1,10.0,64.0
2.0,2400.0,3392.0,1.0,B1,1618027.0,64.0
2.0,3133.0,2947.0,1.0,B1,999000.0,64.0
2.0,2967.0,2396.0,1.0,B1,999000.0,64.0
2.0,2400.0,2396.0,1.0,B1,1000.0,64.0
2.0,2400.0,2472.0,1.0,B1,476400.0,64.0
2.0,2333.0,2499.0,1.0,B1,10.0,64.0
2.0,3133.0,2377.0,1.0,B1,850000.0,59.0
2.0,2415.0,2052.0,1.0,B1,690000.0,79.0
2.0,1825.0,1998.0,1.0,B1,850000.0,99.0
2.0,1833.0,1890.0,1.0,B1,2500.0,99.0
2.0,1833.0,1890.0,1.0,B1,10000.0,99.0
2.0,2000.0,1664.0,1.0,B3,1.0,89.0
2.0,2167.0,1869.0,1.0,B3,800000.0,89.0
2.0,2033.0,1820.0,1.0,B1,785000.0,69.0
2.0,2000.0,1820.0,1.0,B1,530000.0,69.0
2.0,2167.0,1419.0,1.0,B3,563000.0,84.0
2.0,2024.0,1446.0,1.0,B3,725000.0,84.0
2.0,2225.0,1540.0,1.0,B3,789000.0,84.0
2.0,4317.0,2500.0,1.0,B1,1112000.0,64.0
2.0,2917.0,3443.0,1.0,B1,788888.0,69.0
2.0,2358.0,2660.0,1.0,B1,642000.0,69.0
2.0,2358.0,2660.0,1.0,B1,1236921.0,69.0
2.0,5500.0,2695.0,1.0,B3,995000.0,94.0
2.0,2000.0,1688.0,1.0,B1,1100000.0,109.0
3.0,2660.0,3192.0,1.0,C0,10.0,34.0
3.0,2917.0,2950.0,1.0,C0,10.0,49.0
3.0,2217.0,2915.0,1.0,C0,1185000.0,59.0
3.0,2917.0,3328.0,1.0,C0,1380000.0,49.0
3.0,2500.0,2175.0,1.0,C0,970000.0,104.0
4.0,2950.0,4816.0,2.0,C3,1350000.0,50.0
1.0,1667.0,3464.0,1.0,A4,4600000.0,149.0
1.0,1600.0,3200.0,1.0,A4,3650000.0,123.0
1.0,1875.0,2250.0,1.0,A9,2340000.0,125.0
2.0,2500.0,3246.0,1.0,B3,1000.0,123.0
2.0,1250.0,2160.0,1.0,B3,1000.0,114.0
2.0,1250.0,2160.0,1.0,B3,1520000.0,114.0
2.0,1980.0,5121.0,1.0,B9,4450000.0,129.0
2.0,1592.0,3080.0,1.0,B3,3300000.0,125.0
2.0,1600.0,3171.0,1.0,B3,4885000.0,123.0
2.0,1700.0,3108.0,1.0,B3,4500000.0,125.0
2.0,2200.0,2961.0,1.0,B3,4550000.0,93.0
2.0,1980.0,3280.0,1.0,B3,5350000.0,125.0
2.0,1721.0,2940.0,1.0,B9,3100000.0,125.0
2.0,2125.0,3660.0,1.0,B1,3425000.0,125.0
2.0,1900.0,2825.0,1.0,B3,3847000.0,164.0
2.0,1688.0,4734.0,1.0,B3,5265000.0,123.0
3.0,2108.0,3692.0,1.0,C0,2138325.0,93.0
3.0,2000.0,3120.0,1.0,C0,2900000.0,125.0
3.0,2000.0,3460.0,1.0,C0,1500000.0,93.0
3.0,2000.0,3460.0,1.0,C0,2995000.0,93.0
3.0,3744.0,2700.0,1.0,C0,1000.0,29.0
3.0,1940.0,2700.0,1.0,C0,2525000.0,29.0
3.0,1960.0,2700.0,1.0,C0,2375000.0,29.0
3.0,1750.0,3520.0,1.0,C0,2850000.0,125.0
3.0,2000.0,3880.0,1.0,C0,7500000.0,125.0
3.0,1933.0,3600.0,1.0,C0,3710000.0,123.0
3.0,1760.0,3080.0,1.0,C0,1320000.0,123.0
4.0,2225.0,2646.0,2.0,C3,3975000.0,93.0
4.0,2500.0,1687.0,2.0,C3,2625000.0,119.0
4.0,1632.0,3200.0,2.0,C3,3295000.0,119.0
4.0,2030.0,2820.0,2.0,C3,2550000.0,119.0
32.0,10900.0,25956.0,2.0,C1,55000000.0,94.0
32.0,11990.0,27530.0,2.0,C1,55000000.0,41.0
32.0,11660.0,26890.0,2.0,C1,55000000.0,40.0
4.0,2200.0,5186.0,2.0,C3,4740000.0,94.0
5.0,2000.0,2720.0,2.0,C5,3730000.0,124.0
4.0,1680.0,2520.0,2.0,C3,2680000.0,94.0
4.0,2017.0,4400.0,2.0,C5,7450000.0,94.0
4.0,2500.0,2750.0,2.0,C3,2875000.0,94.0
8.0,2100.0,3500.0,2.0,C5,2600000.0,94.0
8.0,2240.0,4800.0,2.0,C5,19475.0,94.0
1.0,1440.0,868.0,1.0,A9,520000.0,89.0
1.0,1738.0,1008.0,1.0,A1,638888.0,94.0
1.0,1800.0,1092.0,1.0,A9,580000.0,94.0
1.0,1530.0,840.0,1.0,A9,500000.0,94.0
1.0,1440.0,840.0,1.0,A9,520000.0,99.0
1.0,1775.0,840.0,1.0,A9,580000.0,99.0
1.0,1440.0,826.0,1.0,A9,550000.0,104.0
1.0,1440.0,916.0,1.0,A9,380250.0,104.0
1.0,1787.0,1064.0,1.0,A1,570000.0,104.0
1.0,1800.0,2557.0,1.0,A1,270000.0,8.0
1.0,1800.0,1760.0,1.0,A1,700000.0,104.0
1.0,1800.0,1775.0,1.0,A1,680000.0,104.0
1.0,1800.0,1496.0,1.0,A1,380000.0,104.0
1.0,1800.0,1496.0,1.0,A1,650000.0,104.0
1.0,1485.0,1485.0,1.0,A1,450000.0,104.0
1.0,3600.0,1824.0,1.0,A2,495000.0,104.0
1.0,3600.0,1088.0,1.0,A1,656500.0,104.0
1.0,1800.0,1350.0,1.0,A1,625000.0,7.0
1.0,1800.0,1125.0,1.0,A1,645000.0,49.0
1.0,1800.0,2625.0,1.0,A1,391100.0,99.0
1.0,1800.0,2625.0,1.0,A1,607027.0,99.0
1.0,1800.0,1280.0,1.0,A1,620000.0,104.0
1.0,1800.0,1280.0,1.0,A1,975000.0,99.0
1.0,1800.0,1240.0,1.0,A1,740000.0,99.0
1.0,3600.0,1320.0,1.0,A1,700000.0,99.0
1.0,2430.0,1988.0,1.0,A2,839999.0,69.0
1.0,2152.0,1488.0,1.0,A1,550000.0,109.0
1.0,1785.0,2586.0,1.0,A1,750000.0,99.0
1.0,1785.0,1070.0,1.0,A1,675000.0,79.0
1.0,1785.0,600.0,1.0,A2,525000.0,79.0
1.0,3570.0,1135.0,1.0,A1,735000.0,99.0
1.0,1800.0,2320.0,1.0,A1,710000.0,99.0
1.0,1800.0,1042.0,1.0,A2,575000.0,99.0
1.0,1800.0,540.0,1.0,A1,550000.0,99.0
1.0,1800.0,820.0,1.0,A1,378296.0,99.0
1.0,1440.0,1216.0,1.0,A5,665000.0,59.0
1.0,1800.0,918.0,1.0,A1,560000.0,49.0
1.0,1800.0,960.0,1.0,A1,550000.0,104.0
1.0,1800.0,621.0,1.0,A2,600000.0,27.0
1.0,3600.0,1431.0,1.0,A1,750000.0,69.0
1.0,1800.0,1224.0,1.0,A1,605000.0,74.0
1.0,1800.0,1092.0,1.0,A1,600000.0,99.0
1.0,3600.0,1248.0,1.0,A1,625000.0,99.0
1.0,1750.0,720.0,1.0,A2,447174.0,104.0
1.0,1750.0,666.0,1.0,A1,650000.0,104.0
1.0,1785.0,1344.0,1.0,A1,624000.0,94.0
1.0,1785.0,3600.0,1.0,A1,701450.0,26.0
1.0,1785.0,1049.0,1.0,A1,570000.0,104.0
1.0,3570.0,1085.0,1.0,A1,480000.0,104.0
1.0,3570.0,1099.0,1.0,A1,780000.0,99.0
1.0,3570.0,2680.0,1.0,A1,880000.0,99.0
1.0,1479.0,1360.0,1.0,A5,790000.0,59.0
1.0,3570.0,1132.0,1.0,A1,475000.0,79.0
1.0,1785.0,700.0,1.0,A2,635000.0,79.0
1.0,1785.0,1179.0,1.0,A1,600000.0,99.0
2.0,1750.0,2500.0,1.0,B3,860000.0,104.0
2.0,3570.0,984.0,1.0,B2,885000.0,79.0
3.0,1785.0,1024.0,1.0,C0,10.0,79.0
3.0,1785.0,1024.0,1.0,C0,670000.0,79.0
1.0,1313.0,1911.0,1.0,A4,3250000.0,123.0
1.0,2000.0,3406.0,1.0,A4,5250000.0,93.0
1.0,2000.0,2100.0,1.0,A4,1934675.0,124.0
1.0,2000.0,2100.0,1.0,A4,3900000.0,124.0
1.0,1667.0,2701.0,1.0,A4,4000000.0,125.0
1.0,1667.0,2862.0,1.0,A4,4375000.0,125.0
1.0,720.0,1080.0,1.0,A9,2000000.0,35.0
1.0,1406.0,1152.0,1.0,A5,2600000.0,109.0
1.0,1700.0,3410.0,1.0,A4,5625000.0,1.0
1.0,1360.0,2251.0,1.0,A5,925000.0,123.0
1.0,620.0,1860.0,1.0,A4,2155000.0,93.0
1.0,1992.0,2240.0,1.0,A9,1340000.0,123.0
2.0,1800.0,2018.0,1.0,B9,1900000.0,123.0
2.0,1800.0,3240.0,1.0,B1,4650000.0,123.0
2.0,1100.0,1950.0,1.0,B1,3400000.0,125.0
2.0,1360.0,2400.0,1.0,B1,4600000.0,125.0
2.0,1445.0,1836.0,1.0,B1,2750000.0,104.0
2.0,1867.0,2160.0,1.0,B9,1575000.0,125.0
2.0,1800.0,1748.0,1.0,B9,1450000.0,125.0
2.0,2000.0,2495.0,1.0,B9,3485000.0,125.0
2.0,2200.0,1100.0,1.0,B2,3910000.0,104.0
2.0,1667.0,2040.0,1.0,B3,1950000.0,123.0
2.0,1667.0,2204.0,1.0,B3,2995000.0,123.0
2.0,1875.0,2090.0,1.0,B3,1350000.0,123.0
2.0,1967.0,2040.0,1.0,B2,1900000.0,123.0
2.0,2000.0,1980.0,1.0,B9,2446000.0,104.0
2.0,1667.0,1728.0,1.0,B3,2375000.0,125.0
2.0,1650.0,1936.0,1.0,B3,1915000.0,125.0
2.0,2100.0,1671.0,1.0,B2,2300000.0,125.0
2.0,1783.0,2280.0,1.0,B2,1700000.0,125.0
2.0,1409.0,1200.0,1.0,B3,1350000.0,125.0
2.0,792.0,960.0,1.0,B1,760000.0,125.0
3.0,1667.0,1680.0,1.0,C0,3000000.0,125.0
3.0,2000.0,2400.0,1.0,C0,3325000.0,125.0
3.0,1925.0,2625.0,1.0,C0,675000.0,125.0
3.0,1125.0,2322.0,1.0,C0,1760000.0,123.0
3.0,1688.0,2700.0,1.0,C0,2665000.0,125.0
3.0,2000.0,2400.0,1.0,C0,1375000.0,123.0
3.0,2000.0,2580.0,1.0,C0,1750000.0,125.0
3.0,1983.0,2280.0,1.0,C0,1000.0,125.0
8.0,2660.0,6160.0,2.0,C1,1700000.0,93.0
5.0,1800.0,3105.0,2.0,C2,2000000.0,104.0
8.0,2156.0,5252.0,2.0,C1,1326000.0,104.0
1.0,2700.0,1440.0,1.0,A9,1238000.0,94.0
1.0,2000.0,1344.0,1.0,A1,990000.0,94.0
1.0,2000.0,1440.0,1.0,A1,1130000.0,99.0
1.0,2000.0,1608.0,1.0,A5,1100000.0,99.0
1.0,2000.0,1508.0,1.0,A5,975000.0,99.0
1.0,2000.0,1508.0,1.0,A5,990000.0,99.0
1.0,2200.0,1118.0,1.0,A1,1130000.0,99.0
1.0,2000.0,1146.0,1.0,A1,780000.0,99.0
1.0,2000.0,1430.0,1.0,A5,945000.0,99.0
1.0,2000.0,1278.0,1.0,A5,1146800.0,94.0
1.0,2667.0,1320.0,1.0,A1,989000.0,104.0
1.0,2475.0,1424.0,1.0,A9,980000.0,104.0
1.0,2000.0,1400.0,1.0,A9,648000.0,104.0
1.0,1800.0,1368.0,1.0,A5,998000.0,109.0
1.0,2400.0,1632.0,1.0,A9,800000.0,104.0
1.0,2700.0,1486.0,1.0,A9,1119000.0,104.0
1.0,3000.0,1328.0,1.0,A1,1270000.0,104.0
1.0,2100.0,1288.0,1.0,A9,1095000.0,104.0
1.0,2100.0,1148.0,1.0,A5,144116.0,104.0
1.0,5000.0,2452.0,1.0,A1,1950000.0,99.0
1.0,1800.0,1998.0,1.0,A5,995000.0,79.0
1.0,2667.0,1120.0,1.0,A1,650000.0,104.0
1.0,1300.0,1400.0,1.0,A5,930000.0,109.0
1.0,1725.0,1170.0,1.0,A1,980000.0,99.0
1.0,1431.0,1170.0,1.0,A9,1300000.0,99.0
1.0,1280.0,992.0,1.0,A5,905000.0,74.0
1.0,1740.0,1116.0,1.0,A5,1068000.0,74.0
1.0,1933.0,1709.0,1.0,A1,790000.0,99.0
1.0,1289.0,858.0,1.0,A5,765000.0,99.0
1.0,1933.0,756.0,1.0,A1,550000.0,94.0
1.0,1933.0,1430.0,1.0,A9,585000.0,99.0
1.0,1680.0,928.0,1.0,A5,810000.0,79.0
1.0,1641.0,1060.0,1.0,A5,743000.0,79.0
1.0,2050.0,1386.0,1.0,A9,995000.0,109.0
1.0,1600.0,1940.0,1.0,A5,885000.0,104.0
1.0,2450.0,1264.0,1.0,A9,960000.0,104.0
2.0,1600.0,1204.0,1.0,A5,965000.0,99.0
1.0,2300.0,724.0,1.0,A2,535000.0,99.0
1.0,2000.0,1216.0,1.0,A9,960000.0,99.0
1.0,5993.0,1151.0,1.0,A1,850000.0,104.0
1.0,2000.0,952.0,1.0,A9,315000.0,104.0
1.0,2000.0,952.0,1.0,A9,830000.0,104.0
1.0,2000.0,1050.0,1.0,A2,450000.0,114.0
2.0,1520.0,2369.0,1.0,B1,1421000.0,64.0
2.0,3867.0,2904.0,1.0,B3,1675000.0,74.0
2.0,2008.0,1456.0,1.0,B3,900000.0,84.0
2.0,1650.0,2260.0,1.0,B3,980000.0,64.0
2.0,2450.0,2342.0,1.0,B2,1340000.0,89.0
2.0,4000.0,2088.0,1.0,B2,1603800.0,94.0
2.0,4000.0,1980.0,1.0,B3,1288000.0,99.0
2.0,2200.0,2817.0,1.0,B1,1240000.0,84.0
2.0,2736.0,2880.0,1.0,B1,1380000.0,64.0
2.0,4000.0,2436.0,1.0,B3,1600000.0,94.0
2.0,2000.0,2904.0,1.0,B1,490000.0,99.0
2.0,2000.0,1540.0,1.0,B3,999000.0,99.0
2.0,2000.0,1890.0,1.0,B9,1140000.0,99.0
2.0,1926.0,1152.0,1.0,B3,782000.0,94.0
2.0,1826.0,1472.0,1.0,B3,999000.0,99.0
2.0,2000.0,2416.0,1.0,B1,1510000.0,94.0
2.0,2500.0,2600.0,1.0,B1,400000.0,94.0
2.0,2500.0,2600.0,1.0,B1,1670000.0,94.0
2.0,4000.0,2700.0,1.0,B3,1880000.0,99.0
2.0,2000.0,2180.0,1.0,B1,999000.0,69.0
2.0,4000.0,1260.0,1.0,B3,1285000.0,109.0
2.0,2200.0,1462.0,1.0,B2,998000.0,104.0
2.0,1800.0,1654.0,1.0,B1,1115000.0,109.0
2.0,2500.0,2600.0,1.0,B1,700000.0,99.0
2.0,2850.0,2436.0,1.0,B2,1500000.0,109.0
2.0,2000.0,1488.0,1.0,B2,1095000.0,104.0
2.0,3300.0,2400.0,1.0,B2,1400000.0,92.0
2.0,3200.0,1794.0,1.0,B3,1500000.0,104.0
2.0,2000.0,2224.0,1.0,B1,1258000.0,119.0
2.0,3000.0,1932.0,1.0,B2,1230000.0,99.0
2.0,1595.0,1330.0,1.0,B1,858000.0,109.0
2.0,2442.0,2560.0,1.0,B3,1338000.0,104.0
2.0,2500.0,1258.0,1.0,B2,1160000.0,104.0
2.0,2400.0,2292.0,1.0,B2,1250000.0,104.0
2.0,2400.0,2292.0,1.0,B2,1200000.0,104.0
2.0,1800.0,1998.0,1.0,B1,1090000.0,79.0
2.0,4000.0,3645.0,1.0,B2,2075000.0,99.0
2.0,9324.0,1656.0,1.0,B3,2550000.0,104.0
2.0,4473.0,2324.0,1.0,B3,1250000.0,109.0
2.0,2400.0,1656.0,1.0,B3,1222000.0,99.0
2.0,1933.0,2400.0,1.0,B9,1590000.0,69.0
2.0,1917.0,2504.0,1.0,B1,1499800.0,64.0
2.0,1933.0,2210.0,1.0,B9,1298000.0,69.0
2.0,3673.0,2490.0,1.0,B1,1680000.0,99.0
2.0,2127.0,1736.0,1.0,B1,1250000.0,99.0
2.0,2127.0,1656.0,1.0,B1,850000.0,99.0
2.0,2368.0,1600.0,1.0,B1,999000.0,99.0
2.0,2465.0,2120.0,1.0,B1,1558000.0,94.0
2.0,2900.0,2256.0,1.0,B1,1500000.0,94.0
2.0,1740.0,1764.0,1.0,B9,999000.0,59.0
2.0,1933.0,1800.0,1.0,B1,485000.0,69.0
2.0,1933.0,1640.0,1.0,B1,998000.0,74.0
2.0,2320.0,2280.0,1.0,B1,1399000.0,94.0
2.0,2248.0,2280.0,1.0,B1,1480000.0,94.0
2.0,1837.0,1764.0,1.0,B3,995000.0,99.0
2.0,1783.0,2223.0,1.0,B1,1420000.0,64.0
2.0,773.0,1734.0,1.0,B1,1098000.0,13.0
2.0,1933.0,1432.0,1.0,B3,875000.0,94.0
2.0,1933.0,1376.0,1.0,B3,780000.0,94.0
2.0,1837.0,2534.0,1.0,B2,585000.0,99.0
2.0,2000.0,1504.0,1.0,B2,700000.0,123.0
2.0,2000.0,2125.0,1.0,B1,1150000.0,69.0
2.0,1580.0,1920.0,1.0,B1,10.0,69.0
2.0,2000.0,1216.0,1.0,B1,999000.0,94.0
2.0,2000.0,2688.0,1.0,B1,1210000.0,94.0
2.0,2050.0,1386.0,1.0,B3,980000.0,109.0
2.0,2475.0,1952.0,1.0,B1,760000.0,89.0
2.0,2700.0,2000.0,1.0,B2,1405000.0,94.0
2.0,1950.0,1188.0,1.0,B3,1165000.0,94.0
2.0,1650.0,2365.0,1.0,B1,990000.0,84.0
2.0,1600.0,1204.0,1.0,B1,900000.0,99.0
2.0,1600.0,1300.0,1.0,B3,980000.0,99.0
2.0,1600.0,1300.0,1.0,B3,900000.0,99.0
2.0,2417.0,2324.0,1.0,B2,307235.0,99.0
2.0,1670.0,1092.0,1.0,B3,999000.0,99.0
2.0,1844.0,1280.0,1.0,B3,950000.0,99.0
2.0,1181.0,1608.0,1.0,B1,1165000.0,64.0
2.0,2000.0,1216.0,1.0,B3,967000.0,99.0
2.0,2433.0,2800.0,1.0,B1,1450000.0,94.0
2.0,2000.0,1920.0,1.0,B1,1192500.0,69.0
2.0,5000.0,1124.0,1.0,B3,1320000.0,99.0
2.0,915.0,1590.0,1.0,B3,880000.0,114.0
2.0,1185.0,1881.0,1.0,B1,1170000.0,69.0
2.0,3580.0,1852.0,1.0,B1,1300000.0,104.0
2.0,3242.0,1710.0,1.0,B2,990000.0,94.0
2.0,2400.0,1548.0,1.0,B2,1140000.0,104.0
2.0,1600.0,1084.0,1.0,B3,770000.0,99.0
2.0,1650.0,1666.0,1.0,B3,650000.0,99.0
2.0,3609.0,2020.0,1.0,B2,1200000.0,104.0
2.0,4950.0,1212.0,1.0,B3,1310000.0,99.0
2.0,2333.0,1808.0,1.0,B3,880000.0,94.0
2.0,2788.0,1582.0,1.0,B2,750000.0,114.0
2.0,1845.0,1700.0,1.0,B2,999000.0,94.0
3.0,2900.0,3135.0,1.0,C0,1850000.0,59.0
3.0,2467.0,2512.0,1.0,C0,1250000.0,94.0
3.0,3000.0,3364.0,1.0,C0,1630000.0,49.0
3.0,3120.0,2840.0,1.0,C0,1900000.0,114.0
3.0,1700.0,1296.0,1.0,C0,960000.0,114.0
3.0,2200.0,3276.0,1.0,C0,1400000.0,69.0
3.0,2567.0,2720.0,1.0,C0,1770000.0,104.0
3.0,2650.0,3080.0,1.0,C0,1650000.0,99.0
3.0,2000.0,3660.0,1.0,C0,1538000.0,89.0
3.0,2733.0,2801.0,1.0,C0,775000.0,84.0
3.0,3300.0,3000.0,1.0,C0,550000.0,104.0
3.0,2442.0,2560.0,1.0,C0,1795495.0,104.0
3.0,3000.0,2733.0,1.0,C0,1420000.0,99.0
3.0,2465.0,2600.0,1.0,C0,1300000.0,89.0
3.0,3867.0,1965.0,1.0,C0,1375000.0,114.0
3.0,1933.0,2760.0,1.0,C0,1430000.0,84.0
3.0,2223.0,3069.0,1.0,C0,1490000.0,64.0
3.0,1933.0,2660.0,1.0,C0,1400000.0,64.0
3.0,2900.0,3990.0,1.0,C0,1320000.0,37.0
3.0,2911.0,3168.0,1.0,C0,1700000.0,59.0
3.0,2248.0,2280.0,1.0,C0,1510000.0,94.0
3.0,1933.0,2322.0,1.0,C0,1150000.0,99.0
3.0,2537.0,3168.0,1.0,C0,616041.0,54.0
3.0,2900.0,2300.0,1.0,C0,1442500.0,94.0
3.0,3383.0,3298.0,1.0,C0,1700000.0,64.0
3.0,2000.0,3120.0,1.0,C0,1205000.0,59.0
3.0,2385.0,3220.0,1.0,C0,1500000.0,54.0
3.0,2500.0,2480.0,1.0,C0,1680000.0,94.0
3.0,1172.0,1596.0,1.0,C0,980000.0,99.0
3.0,2333.0,2376.0,1.0,C0,1600000.0,104.0
3.0,1570.0,1024.0,1.0,C0,690000.0,114.0
3.0,2880.0,3168.0,1.0,C0,450000.0,59.0
4.0,2800.0,3600.0,2.0,C3,1800000.0,98.0
4.0,2600.0,3480.0,2.0,C3,1650000.0,96.0
4.0,2667.0,3600.0,2.0,C3,10.0,98.0
4.0,4000.0,4608.0,2.0,C3,1600000.0,104.0
4.0,3000.0,3900.0,2.0,C3,1420000.0,100.0
4.0,2620.0,3520.0,2.0,C3,1220000.0,98.0
4.0,2608.0,3198.0,2.0,C3,1570000.0,93.0
4.0,2997.0,3420.0,2.0,C3,1860000.0,94.0
12.0,8148.0,13171.0,2.0,C1,753505.0,5.0
4.0,2500.0,3120.0,2.0,C3,1840000.0,93.0
1.0,2019.0,1610.0,1.0,A3,2525000.0,125.0
1.0,1425.0,1308.0,1.0,A3,1325000.0,123.0
1.0,2500.0,1312.0,1.0,A9,1950000.0,109.0
1.0,1000.0,2000.0,1.0,A9,1520000.0,114.0
1.0,1467.0,1463.0,1.0,A9,1300000.0,114.0
1.0,1200.0,840.0,1.0,A9,1776000.0,125.0
1.0,750.0,1216.0,1.0,A9,760500.0,125.0
1.0,2925.0,1300.0,1.0,A9,1650000.0,114.0
2.0,2500.0,1720.0,1.0,B2,1910000.0,125.0
2.0,2500.0,1512.0,1.0,B9,2125000.0,123.0
2.0,2000.0,3600.0,1.0,B9,3425000.0,125.0
2.0,2000.0,1428.0,1.0,B2,1365000.0,125.0
2.0,2040.0,1176.0,1.0,B2,1050000.0,125.0
2.0,2500.0,2384.0,1.0,B9,2250000.0,125.0
2.0,1520.0,1680.0,1.0,B9,3560000.0,125.0
2.0,2500.0,3159.0,1.0,B2,1.0,125.0
2.0,1975.0,2376.0,1.0,B2,2600000.0,99.0
2.0,2275.0,2260.0,1.0,B9,2650000.0,104.0
2.0,1342.0,2970.0,1.0,B2,5060475.0,94.0
2.0,1800.0,1764.0,1.0,B9,2155000.0,123.0
2.0,1800.0,1764.0,1.0,B9,2850000.0,123.0
2.0,1800.0,1764.0,1.0,B9,1875000.0,123.0
2.0,1783.0,2592.0,1.0,B9,2700000.0,104.0
2.0,2500.0,2750.0,1.0,B9,2000000.0,109.0
2.0,1581.0,2042.0,1.0,B9,1850000.0,125.0
2.0,1330.0,2394.0,1.0,B9,2105000.0,125.0
2.0,1330.0,2394.0,1.0,B9,2700000.0,125.0
2.0,1045.0,1995.0,1.0,B9,10.0,125.0
2.0,1045.0,2189.0,1.0,B9,2900000.0,125.0
2.0,1900.0,2090.0,1.0,B9,2845000.0,119.0
2.0,2000.0,1712.0,1.0,B9,575000.0,114.0
2.0,2000.0,1712.0,1.0,B9,1350000.0,114.0
2.0,2000.0,2780.0,1.0,B9,2760000.0,114.0
2.0,2500.0,1500.0,1.0,B2,2100000.0,114.0
2.0,1500.0,1960.0,1.0,B9,657500.0,114.0
2.0,2594.0,2002.0,1.0,B9,1.0,114.0
2.0,1800.0,1800.0,1.0,B9,900000.0,114.0
3.0,1667.0,2136.0,1.0,C0,2350000.0,123.0
3.0,1890.0,2976.0,1.0,C0,450000.0,125.0
3.0,2500.0,3592.0,1.0,C0,2999000.0,125.0
3.0,1177.0,2295.0,1.0,C0,2650000.0,114.0
3.0,2967.0,3100.0,1.0,C0,2700000.0,123.0
3.0,1875.0,2603.0,1.0,C0,950000.0,104.0
3.0,2000.0,2220.0,1.0,C0,3150000.0,125.0
3.0,1558.0,2088.0,1.0,C0,1840000.0,125.0
3.0,2375.0,1380.0,1.0,C0,2750000.0,125.0
3.0,1667.0,2904.0,1.0,C0,2650000.0,125.0
3.0,1500.0,3180.0,1.0,C0,10.0,123.0
3.0,2500.0,3375.0,1.0,C0,3100000.0,94.0
3.0,2500.0,2772.0,1.0,C0,2420000.0,123.0
3.0,1667.0,2400.0,1.0,C0,2100000.0,123.0
3.0,1940.0,3384.0,1.0,C0,2450000.0,125.0
3.0,2000.0,3072.0,1.0,C0,2200000.0,114.0
3.0,1892.0,2376.0,1.0,C0,1792300.0,123.0
3.0,1967.0,3420.0,1.0,C0,1725000.0,94.0
3.0,1123.0,2559.0,1.0,C0,1997000.0,19.0
3.0,1667.0,2400.0,1.0,C0,1800000.0,114.0
3.0,2105.0,2268.0,1.0,C0,2000000.0,123.0
3.0,2000.0,3000.0,1.0,C0,2266875.0,114.0
3.0,2000.0,3483.0,1.0,C0,1850000.0,125.0
3.0,1900.0,3402.0,1.0,C0,3700000.0,123.0
3.0,2000.0,3027.0,1.0,C0,2267000.0,123.0
3.0,2000.0,3123.0,1.0,C0,1850000.0,125.0
3.0,1958.0,3273.0,1.0,C0,1835000.0,125.0
3.0,1900.0,2850.0,1.0,C0,2330000.0,114.0
3.0,2000.0,2880.0,1.0,C0,659999.0,114.0
3.0,1875.0,3600.0,1.0,C0,2350000.0,114.0
21.0,48500.0,75490.0,2.0,C7,27500000.0,93.0
4.0,2500.0,2250.0,2.0,C3,2150000.0,96.0
6.0,2500.0,3374.0,2.0,C2,2180000.0,94.0
8.0,1850.0,4500.0,2.0,C1,485000.0,96.0
6.0,2500.0,3900.0,2.0,C2,4500000.0,94.0
5.0,2500.0,4000.0,2.0,C2,2100000.0,93.0
6.0,2500.0,3750.0,2.0,C2,1540000.0,93.0
16.0,2500.0,7000.0,2.0,C1,4350000.0,94.0
4.0,2500.0,4000.0,2.0,C3,3900000.0,94.0
8.0,2500.0,7500.0,2.0,C1,2585000.0,96.0
8.0,2008.0,5500.0,2.0,C1,2600000.0,96.0
8.0,2500.0,5000.0,2.0,C1,2750000.0,96.0
6.0,2500.0,4500.0,2.0,C2,1100000.0,94.0
6.0,3000.0,7110.0,2.0,C2,5350000.0,8.0
6.0,2125.0,4875.0,2.0,C2,2000000.0,101.0
5.0,1892.0,3951.0,2.0,C2,1243000.0,123.0
6.0,2500.0,4500.0,2.0,C2,2660000.0,93.0
6.0,2858.0,4288.0,2.0,C2,1485000.0,93.0
6.0,2375.0,3206.0,2.0,C2,1407000.0,93.0
6.0,2500.0,4125.0,2.0,C2,698000.0,88.0
6.0,2500.0,4350.0,2.0,C2,1075000.0,87.0
6.0,2500.0,3750.0,2.0,C2,1750000.0,99.0
6.0,2219.0,4125.0,2.0,C2,1150000.0,96.0
4.0,2500.0,6749.0,2.0,C3,5125000.0,10.0
6.0,2262.0,6150.0,2.0,C2,1000000.0,94.0
4.0,5504.0,4000.0,2.0,C3,10.0,104.0
5.0,3050.0,3750.0,2.0,C2,4618000.0,96.0
4.0,2009.0,2401.0,2.0,C3,1800000.0,94.0
6.0,2000.0,3300.0,2.0,C2,195000.0,104.0
1.0,2476.0,1722.0,1.0,A1,1080000.0,104.0
1.0,4000.0,1500.0,1.0,A9,1520000.0,99.0
1.0,1775.0,1432.0,1.0,A1,1300000.0,104.0
1.0,2000.0,1440.0,1.0,A1,1750000.0,114.0
1.0,2000.0,1440.0,1.0,A1,1659000.0,114.0
1.0,2000.0,1647.0,1.0,A1,995000.0,123.0
1.0,2000.0,1624.0,1.0,A1,1550000.0,109.0
2.0,2667.0,2717.0,1.0,B1,1200000.0,84.0
2.0,2533.0,2717.0,1.0,B1,1485000.0,89.0
2.0,2565.0,1504.0,1.0,B3,1125500.0,109.0
2.0,2600.0,2640.0,1.0,B1,1400000.0,104.0
2.0,1740.0,2168.0,1.0,B1,1999000.0,114.0
2.0,1300.0,1948.0,1.0,B1,999000.0,114.0
2.0,2817.0,2090.0,1.0,B2,1850000.0,114.0
3.0,3300.0,2717.0,1.0,C0,1710000.0,84.0
3.0,2100.0,2106.0,1.0,C0,1525000.0,104.0
3.0,2525.0,3036.0,1.0,C0,1600000.0,89.0
3.0,4500.0,3432.0,1.0,C0,1999999.0,104.0
3.0,4000.0,3049.0,1.0,C0,1790000.0,104.0
3.0,2000.0,2820.0,1.0,C0,1849000.0,123.0
4.0,2442.0,2320.0,2.0,C3,800000.0,93.0
1.0,3200.0,2000.0,1.0,A1,1525000.0,89.0
1.0,2750.0,1456.0,1.0,A1,1070000.0,99.0
1.0,2667.0,1584.0,1.0,A1,1250000.0,99.0
1.0,10000.0,2976.0,1.0,A1,950000.0,125.0
1.0,4000.0,1656.0,1.0,A1,1570000.0,99.0
1.0,4000.0,1808.0,1.0,A1,1650000.0,99.0
1.0,4000.0,1880.0,1.0,A1,1520000.0,94.0
1.0,5819.0,1683.0,1.0,A1,1855000.0,94.0
1.0,5000.0,2030.0,1.0,A1,1800000.0,99.0
1.0,2326.0,1440.0,1.0,A1,1272000.0,94.0
1.0,2900.0,1632.0,1.0,A1,1175000.0,99.0
1.0,2667.0,1376.0,1.0,A1,920000.0,99.0
1.0,2600.0,1728.0,1.0,A1,999000.0,99.0
1.0,3333.0,1262.0,1.0,A1,860000.0,99.0
1.0,3000.0,1492.0,1.0,A1,1230000.0,99.0
1.0,2300.0,1440.0,1.0,A1,700000.0,94.0
1.0,3000.0,1536.0,1.0,A1,995000.0,94.0
1.0,2567.0,2592.0,1.0,A1,1400000.0,99.0
1.0,2600.0,1540.0,1.0,A1,1250000.0,94.0
1.0,1680.0,1088.0,1.0,A5,736000.0,84.0
1.0,2900.0,2064.0,1.0,A1,1550000.0,99.0
1.0,3000.0,1424.0,1.0,A1,1420000.0,104.0
1.0,2000.0,1795.0,1.0,A1,740000.0,6.0
1.0,2950.0,2087.0,1.0,A1,1960000.0,99.0
1.0,4000.0,952.0,1.0,A2,1400000.0,104.0
1.0,2000.0,1354.0,1.0,A1,1190000.0,104.0
1.0,3800.0,3240.0,1.0,A1,1950000.0,94.0
1.0,2000.0,1428.0,1.0,A1,1374000.0,94.0
1.0,4560.0,1197.0,1.0,A2,1350000.0,99.0
1.0,2500.0,1358.0,1.0,A5,1150000.0,84.0
1.0,2300.0,1506.0,1.0,A1,1250000.0,94.0
1.0,1890.0,1890.0,1.0,A5,720000.0,84.0
1.0,1632.0,1780.0,1.0,A5,748000.0,84.0
1.0,1600.0,1120.0,1.0,A5,721500.0,74.0
1.0,1520.0,1120.0,1.0,A5,10.0,74.0
1.0,1600.0,1120.0,1.0,A5,651463.0,74.0
1.0,4000.0,1734.0,1.0,A1,3500000.0,94.0
1.0,2375.0,1244.0,1.0,A1,10.0,104.0
1.0,3000.0,1584.0,1.0,A1,1575000.0,94.0
1.0,4000.0,1584.0,1.0,A1,1800000.0,94.0
1.0,2000.0,1456.0,1.0,A1,975000.0,104.0
1.0,3300.0,2216.0,1.0,A1,2500000.0,104.0
1.0,2000.0,1352.0,1.0,A9,1125000.0,104.0
1.0,2100.0,1280.0,1.0,A5,1048000.0,94.0
1.0,2780.0,1536.0,1.0,A1,1575000.0,94.0
1.0,6000.0,1428.0,1.0,A1,1800000.0,94.0
1.0,4000.0,2148.0,1.0,A1,1925000.0,89.0
1.0,2000.0,1162.0,1.0,A1,999000.0,89.0
1.0,3000.0,1332.0,1.0,A1,1455000.0,109.0
1.0,1750.0,1360.0,1.0,A5,960000.0,94.0
1.0,2500.0,2367.0,1.0,A5,1284000.0,74.0
1.0,1440.0,1540.0,1.0,A5,1000.0,74.0
1.0,3551.0,4502.0,1.0,A1,1525000.0,15.0
1.0,2600.0,1264.0,1.0,A1,999999.0,109.0
1.0,2600.0,1264.0,1.0,A1,980000.0,109.0
1.0,8000.0,2252.0,1.0,A1,2791000.0,99.0
1.0,2000.0,1388.0,1.0,A1,999000.0,104.0
1.0,2450.0,1417.0,1.0,A1,1255000.0,104.0
1.0,3144.0,1704.0,1.0,A1,1224000.0,94.0
1.0,2250.0,1336.0,1.0,A1,661000.0,94.0
1.0,2250.0,1336.0,1.0,A1,900000.0,94.0
1.0,2000.0,1335.0,1.0,A1,1.0,99.0
1.0,1950.0,1400.0,1.0,A1,950000.0,99.0
1.0,1650.0,1224.0,1.0,A5,150000.0,94.0
1.0,1650.0,1224.0,1.0,A5,345000.0,94.0
1.0,1800.0,1224.0,1.0,A5,920000.0,94.0
1.0,1800.0,1224.0,1.0,A5,975000.0,94.0
1.0,1800.0,1890.0,1.0,A5,890000.0,94.0
1.0,1800.0,1890.0,1.0,A5,958000.0,94.0
1.0,1775.0,1785.0,1.0,A5,600000.0,94.0
1.0,1900.0,1216.0,1.0,A5,670000.0,84.0
1.0,2083.0,1366.0,1.0,A5,928000.0,84.0
1.0,4500.0,1600.0,1.0,A5,920000.0,94.0
1.0,2100.0,1404.0,1.0,A9,1246500.0,104.0
1.0,1800.0,1934.0,1.0,A5,885000.0,94.0
2.0,4000.0,4292.0,1.0,B1,1675000.0,94.0
2.0,3078.0,1683.0,1.0,B2,1250000.0,94.0
2.0,3600.0,2760.0,1.0,B2,1350000.0,99.0
2.0,2236.0,1894.0,1.0,B1,910000.0,79.0
2.0,928.0,1541.0,1.0,B1,731888.0,94.0
2.0,2000.0,2520.0,1.0,B9,900000.0,69.0
2.0,2500.0,1230.0,1.0,B3,2385000.0,104.0
2.0,2500.0,2440.0,1.0,B1,1819000.0,94.0
2.0,3000.0,2728.0,1.0,B2,750000.0,99.0
2.0,4000.0,1096.0,1.0,B3,1600000.0,99.0
2.0,2500.0,1400.0,1.0,B2,1199000.0,89.0
2.0,2667.0,2176.0,1.0,B1,1250000.0,84.0
2.0,1800.0,1890.0,1.0,B3,880000.0,94.0
2.0,2000.0,1344.0,1.0,B3,940000.0,94.0
2.0,2300.0,1688.0,1.0,B3,3750000.0,104.0
2.0,3200.0,2080.0,1.0,B2,1550000.0,104.0
2.0,3144.0,1496.0,1.0,B3,1999999.0,104.0
2.0,2900.0,1476.0,1.0,B3,1400000.0,94.0
2.0,2000.0,1184.0,1.0,B3,999000.0,94.0
2.0,1950.0,2280.0,1.0,B3,990000.0,94.0
2.0,1775.0,1785.0,1.0,B3,900000.0,94.0
2.0,1775.0,1785.0,1.0,B1,930000.0,94.0
2.0,3000.0,2160.0,1.0,B2,2226000.0,104.0
2.0,3000.0,2705.0,1.0,B2,2100000.0,114.0
2.0,4000.0,2260.0,1.0,B2,1700000.0,99.0
2.0,3000.0,3060.0,1.0,B3,2450000.0,99.0
2.0,1700.0,1785.0,1.0,B3,820000.0,84.0
2.0,1864.0,1785.0,1.0,B3,900000.0,94.0
2.0,1767.0,2040.0,1.0,B1,400000.0,94.0
2.0,1767.0,2040.0,1.0,B1,990000.0,94.0
2.0,1767.0,2040.0,1.0,B1,999000.0,94.0
2.0,1900.0,2034.0,1.0,B1,860000.0,89.0
2.0,2667.0,1248.0,1.0,B3,1215000.0,94.0
3.0,2000.0,2920.0,1.0,C0,1500000.0,54.0
3.0,2542.0,3454.0,1.0,C0,1500000.0,54.0
3.0,1767.0,2040.0,1.0,C0,999000.0,94.0
3.0,2700.0,3850.0,1.0,C0,1480000.0,84.0
12.0,3000.0,10240.0,2.0,C1,1000.0,97.0
4.0,2867.0,3840.0,2.0,C3,1400000.0,92.0
46.0,14000.0,35200.0,2.0,C1,6650000.0,98.0
1.0,4000.0,2132.0,1.0,A1,1500000.0,104.0
1.0,4160.0,4039.0,1.0,A1,2475000.0,89.0
1.0,6000.0,1812.0,1.0,A1,1920000.0,94.0
1.0,3000.0,1588.0,1.0,A1,1225000.0,84.0
1.0,3600.0,1342.0,1.0,A5,1350000.0,84.0
1.0,6000.0,2175.0,1.0,A0,1875000.0,69.0
1.0,8025.0,2556.0,1.0,A1,2375000.0,84.0
1.0,10000.0,7200.0,1.0,A1,3385000.0,21.0
1.0,4000.0,4368.0,1.0,A9,2200000.0,99.0
1.0,4000.0,2112.0,1.0,A9,1545000.0,104.0
1.0,10800.0,6188.0,1.0,A1,2850000.0,69.0
1.0,6000.0,5621.0,1.0,A3,8000000.0,99.0
1.0,6000.0,3200.0,1.0,A1,1999999.0,94.0
1.0,4000.0,2544.0,1.0,A1,2300000.0,99.0
1.0,4000.0,2150.0,1.0,A5,1650000.0,99.0
1.0,6000.0,2872.0,1.0,A1,1850000.0,99.0
1.0,3059.0,2054.0,1.0,A1,1200000.0,99.0
1.0,6000.0,1552.0,1.0,A1,1500000.0,99.0
1.0,3000.0,1584.0,1.0,A5,830000.0,99.0
1.0,4000.0,1470.0,1.0,A1,1765000.0,94.0
1.0,4000.0,1750.0,1.0,A1,1775000.0,99.0
1.0,4000.0,3424.0,1.0,A1,1400000.0,84.0
1.0,6000.0,2244.0,1.0,A1,1999000.0,94.0
1.0,6000.0,2028.0,1.0,A1,1750000.0,94.0
1.0,3000.0,1520.0,1.0,A5,1075000.0,94.0
1.0,2080.0,1088.0,1.0,A5,1090000.0,89.0
1.0,744.0,924.0,1.0,A1,999000.0,104.0
1.0,2500.0,3390.0,1.0,A3,1700000.0,99.0
1.0,2450.0,3360.0,1.0,A9,1650000.0,26.0
1.0,2450.0,2907.0,1.0,A1,1750000.0,104.0
2.0,6000.0,1872.0,1.0,B3,875000.0,89.0
2.0,760.0,1500.0,1.0,B9,670239.0,104.0
2.0,4000.0,2488.0,1.0,B3,1450000.0,104.0
2.0,4000.0,2850.0,1.0,B3,1800000.0,114.0
2.0,12000.0,8760.0,1.0,B1,6000000.0,93.0
2.0,4000.0,1824.0,1.0,B3,1700000.0,99.0
2.0,11336.0,4599.0,1.0,B9,3550000.0,114.0
2.0,10400.0,3208.0,1.0,B3,3100000.0,114.0
2.0,3039.0,1760.0,1.0,B3,950000.0,94.0
2.0,8000.0,4884.0,1.0,B3,2500000.0,59.0
2.0,2200.0,1848.0,1.0,B3,980000.0,89.0
2.0,5000.0,2640.0,1.0,B1,1500000.0,89.0
2.0,3200.0,2133.0,1.0,B9,1200000.0,79.0
2.0,1800.0,2196.0,1.0,B1,954000.0,79.0
1.0,2000.0,1424.0,1.0,A9,730000.0,99.0
1.0,2000.0,1280.0,1.0,A5,875000.0,84.0
1.0,2032.0,2080.0,1.0,A5,850000.0,79.0
1.0,2033.0,2340.0,1.0,A5,840000.0,79.0
1.0,2050.0,1408.0,1.0,A5,850000.0,94.0
1.0,4000.0,1345.0,1.0,A1,1100000.0,99.0
1.0,2400.0,1608.0,1.0,A1,615000.0,104.0
1.0,1800.0,1128.0,1.0,A9,770000.0,99.0
1.0,1800.0,1128.0,1.0,A9,688000.0,99.0
1.0,2000.0,1464.0,1.0,A5,820000.0,99.0
1.0,2200.0,1568.0,1.0,A1,938000.0,99.0
1.0,2000.0,1540.0,1.0,A5,888000.0,94.0
1.0,2400.0,1552.0,1.0,A5,877000.0,89.0
1.0,2100.0,1472.0,1.0,A5,838000.0,99.0
1.0,2100.0,1472.0,1.0,A5,800000.0,99.0
1.0,1845.0,1472.0,1.0,A5,51000.0,99.0
1.0,1845.0,1472.0,1.0,A5,700000.0,99.0
1.0,3100.0,1724.0,1.0,A1,991000.0,104.0
1.0,3100.0,1392.0,1.0,A1,950000.0,99.0
1.0,2000.0,1664.0,1.0,A5,835000.0,89.0
1.0,1900.0,1672.0,1.0,A5,720000.0,74.0
1.0,1800.0,1036.0,1.0,A9,870000.0,99.0
1.0,1800.0,1036.0,1.0,A9,560000.0,99.0
1.0,2200.0,1079.0,1.0,A9,938000.0,99.0
1.0,1530.0,1082.0,1.0,A9,777700.0,99.0
1.0,1800.0,1148.0,1.0,A9,815000.0,99.0
1.0,1800.0,1148.0,1.0,A9,550000.0,99.0
1.0,3450.0,1167.0,1.0,A1,815000.0,99.0
1.0,2800.0,750.0,1.0,A1,710000.0,99.0
1.0,4000.0,1664.0,1.0,A1,1295000.0,104.0
1.0,3100.0,1974.0,1.0,A1,1360000.0,99.0
1.0,2025.0,1312.0,1.0,A5,800000.0,99.0
1.0,1460.0,1986.0,1.0,A5,899000.0,89.0
1.0,2000.0,1500.0,1.0,A5,826000.0,84.0
1.0,2000.0,1500.0,1.0,A5,857000.0,84.0
1.0,2667.0,1890.0,1.0,A5,999000.0,89.0
1.0,1800.0,1584.0,1.0,A5,833000.0,89.0
1.0,2000.0,1432.0,1.0,A9,889000.0,104.0
1.0,2000.0,1760.0,1.0,A5,760000.0,84.0
1.0,1850.0,1584.0,1.0,A5,785000.0,94.0
1.0,2450.0,1824.0,1.0,A5,1425000.0,84.0
1.0,1800.0,1092.0,1.0,A9,730000.0,89.0
1.0,1800.0,1092.0,1.0,A9,750000.0,89.0
1.0,1800.0,1036.0,1.0,A9,750000.0,94.0
1.0,2000.0,1296.0,1.0,A5,1000.0,94.0
1.0,2000.0,1296.0,1.0,A1,720000.0,94.0
1.0,2000.0,1485.0,1.0,A1,806000.0,94.0
1.0,2000.0,1395.0,1.0,A1,810000.0,94.0
1.0,2000.0,1680.0,1.0,A5,1.0,94.0
1.0,2000.0,1316.0,1.0,A1,855000.0,94.0
1.0,2000.0,1316.0,1.0,A1,785000.0,94.0
1.0,2380.0,1288.0,1.0,A1,783500.0,94.0
1.0,3000.0,1232.0,1.0,A1,757500.0,104.0
1.0,2100.0,1232.0,1.0,A1,760000.0,104.0
1.0,4000.0,2016.0,1.0,A2,1300000.0,69.0
1.0,2000.0,1316.0,1.0,A1,881000.0,99.0
1.0,1860.0,1440.0,1.0,A1,950000.0,99.0
1.0,2000.0,1200.0,1.0,A1,700000.0,104.0
1.0,2150.0,1700.0,1.0,A5,918000.0,89.0
1.0,2000.0,1352.0,1.0,A9,780000.0,94.0
1.0,2000.0,1536.0,1.0,A5,935000.0,99.0
1.0,1710.0,1078.0,1.0,A9,472500.0,94.0
1.0,1800.0,1036.0,1.0,A9,650000.0,99.0
1.0,1530.0,1036.0,1.0,A9,673000.0,99.0
1.0,1800.0,994.0,1.0,A9,585000.0,99.0
1.0,1800.0,994.0,1.0,A9,693500.0,104.0
1.0,1530.0,1064.0,1.0,A9,679000.0,99.0
1.0,1800.0,924.0,1.0,A9,735000.0,99.0
1.0,2000.0,1148.0,1.0,A1,735000.0,99.0
1.0,2000.0,840.0,1.0,A1,550000.0,94.0
1.0,2200.0,896.0,1.0,A2,230000.0,84.0
1.0,2200.0,968.0,1.0,A1,560038.0,84.0
1.0,1800.0,938.0,1.0,A9,660000.0,94.0
1.0,1800.0,1050.0,1.0,A9,823000.0,94.0
1.0,1800.0,980.0,1.0,A9,800000.0,99.0
1.0,1800.0,980.0,1.0,A9,699999.0,99.0
1.0,1800.0,980.0,1.0,A9,610000.0,99.0
1.0,1800.0,1064.0,1.0,A9,699000.0,99.0
1.0,1870.0,1064.0,1.0,A1,740000.0,99.0
1.0,1800.0,1008.0,1.0,A9,530000.0,99.0
1.0,1530.0,1732.0,1.0,A5,850000.0,84.0
1.0,1800.0,1036.0,1.0,A9,758000.0,99.0
1.0,1800.0,1036.0,1.0,A9,660000.0,99.0
1.0,2608.0,1552.0,1.0,A5,600000.0,74.0
1.0,3000.0,1122.0,1.0,A1,900000.0,99.0
1.0,3000.0,1122.0,1.0,A1,870000.0,99.0
1.0,1674.0,1575.0,1.0,A5,770000.0,84.0
1.0,3000.0,1192.0,1.0,A1,700000.0,99.0
1.0,3000.0,1192.0,1.0,A1,815000.0,99.0
1.0,1850.0,1036.0,1.0,A1,638000.0,99.0
1.0,3000.0,1140.0,1.0,A1,790000.0,99.0
1.0,4000.0,1408.0,1.0,A1,1187500.0,99.0
1.0,3000.0,1140.0,1.0,A1,830000.0,99.0
1.0,3000.0,1156.0,1.0,A1,790000.0,99.0
1.0,2000.0,1200.0,1.0,A5,344900.0,89.0
1.0,1800.0,924.0,1.0,A9,675000.0,99.0
1.0,2025.0,2000.0,1.0,A5,700000.0,89.0
1.0,2000.0,2264.0,1.0,A9,1200000.0,89.0
1.0,1992.0,2368.0,1.0,A1,830000.0,89.0
1.0,2008.0,2272.0,1.0,A9,800000.0,89.0
1.0,2017.0,1568.0,1.0,A5,785000.0,94.0
1.0,2017.0,1568.0,1.0,A5,880000.0,94.0
1.0,2017.0,1800.0,1.0,A5,10.0,94.0
1.0,2000.0,1344.0,1.0,A9,799999.0,99.0
1.0,2583.0,1092.0,1.0,A1,779000.0,99.0
1.0,2500.0,838.0,1.0,A1,740000.0,99.0
1.0,2500.0,1292.0,1.0,A1,880000.0,99.0
1.0,2200.0,946.0,1.0,A5,618000.0,89.0
1.0,2017.0,1600.0,1.0,A9,870000.0,89.0
1.0,2267.0,1694.0,1.0,A2,790000.0,74.0
1.0,2150.0,1120.0,1.0,A9,775000.0,104.0
1.0,2500.0,806.0,1.0,A1,724000.0,99.0
1.0,2000.0,1980.0,1.0,A5,885000.0,89.0
1.0,2000.0,876.0,1.0,A1,699000.0,99.0
1.0,2000.0,1125.0,1.0,A1,718000.0,99.0
1.0,2000.0,1400.0,1.0,A5,1.0,74.0
1.0,2217.0,1392.0,1.0,A5,770000.0,74.0
1.0,3600.0,1168.0,1.0,A2,788000.0,69.0
2.0,3000.0,2427.0,1.0,B3,970000.0,79.0
2.0,3000.0,1587.0,1.0,B3,930000.0,79.0
2.0,2000.0,2460.0,1.0,B3,920000.0,94.0
2.0,2000.0,1800.0,1.0,B3,650000.0,94.0
2.0,2000.0,1790.0,1.0,B3,822000.0,84.0
2.0,2000.0,2270.0,1.0,B1,870000.0,89.0
2.0,2000.0,3234.0,1.0,B1,875000.0,94.0
2.0,1800.0,2046.0,1.0,B1,745000.0,84.0
2.0,2000.0,2305.0,1.0,B3,625000.0,69.0
2.0,2125.0,1782.0,1.0,B1,630000.0,84.0
2.0,2600.0,2576.0,1.0,B1,1355000.0,94.0
2.0,2500.0,1600.0,1.0,B1,800000.0,94.0
2.0,2500.0,1680.0,1.0,B1,625000.0,94.0
2.0,2500.0,1600.0,1.0,B1,770000.0,94.0
2.0,2500.0,1600.0,1.0,B1,900000.0,94.0
2.0,2500.0,1600.0,1.0,B1,910000.0,94.0
2.0,2500.0,1600.0,1.0,B1,995000.0,94.0
2.0,2500.0,2400.0,1.0,B1,875000.0,94.0
2.0,1800.0,1890.0,1.0,B3,918166.0,99.0
2.0,1775.0,1785.0,1.0,B3,820000.0,99.0
2.0,2500.0,1600.0,1.0,B3,1200000.0,89.0
2.0,2500.0,2320.0,1.0,B2,932000.0,99.0
2.0,2500.0,2240.0,1.0,B2,763688.0,99.0
2.0,1476.0,1863.0,1.0,B2,838000.0,79.0
2.0,3100.0,1392.0,1.0,B3,850000.0,99.0
2.0,2500.0,2400.0,1.0,B1,920000.0,94.0
2.0,2500.0,1600.0,1.0,B1,849000.0,99.0
2.0,2375.0,2793.0,1.0,B1,930000.0,94.0
2.0,3200.0,2200.0,1.0,B1,1110000.0,104.0
2.0,4000.0,2727.0,1.0,B2,1200000.0,114.0
2.0,2600.0,1872.0,1.0,B1,900000.0,99.0
2.0,2000.0,1536.0,1.0,B3,865000.0,99.0
2.0,2650.0,1727.0,1.0,B1,890000.0,84.0
2.0,2600.0,1246.0,1.0,B3,778888.0,99.0
2.0,3000.0,1110.0,1.0,B3,515000.0,99.0
2.0,2000.0,1692.0,1.0,B3,608000.0,99.0
2.0,3675.0,1325.0,1.0,B3,955000.0,94.0
2.0,1667.0,1208.0,1.0,B1,550000.0,89.0
2.0,1667.0,1208.0,1.0,B1,820000.0,89.0
2.0,2600.0,3115.0,1.0,B1,1115000.0,69.0
2.0,2000.0,1400.0,1.0,B3,738000.0,79.0
2.0,2000.0,800.0,1.0,B3,499999.0,79.0
2.0,2000.0,800.0,1.0,B9,750000.0,79.0
2.0,1600.0,1998.0,1.0,B1,840000.0,84.0
2.0,3000.0,2160.0,1.0,B1,1250000.0,15.0
2.0,1800.0,2497.0,1.0,B2,970000.0,49.0
2.0,2500.0,2153.0,1.0,B2,780000.0,44.0
3.0,1800.0,1890.0,1.0,C0,910000.0,99.0
3.0,2675.0,3410.0,1.0,C0,10.0,94.0
3.0,2533.0,2645.0,1.0,C0,988000.0,74.0
1.0,4000.0,2580.0,1.0,A1,969000.0,114.0
1.0,2300.0,1917.0,1.0,A1,890969.0,99.0
1.0,2600.0,1656.0,1.0,A9,675000.0,109.0
1.0,1500.0,1680.0,1.0,A5,999000.0,109.0
1.0,2250.0,1326.0,1.0,A1,1050000.0,125.0
1.0,4000.0,2104.0,1.0,A1,1780000.0,114.0
1.0,4000.0,2891.0,1.0,A1,1510000.0,114.0
1.0,4000.0,2520.0,1.0,A1,1500000.0,104.0
1.0,4000.0,1844.0,1.0,A1,1300000.0,114.0
1.0,1700.0,1574.0,1.0,A9,990000.0,94.0
1.0,2400.0,1692.0,1.0,A9,1200000.0,104.0
1.0,4000.0,2466.0,1.0,A1,1800000.0,125.0
1.0,4000.0,2246.0,1.0,A1,1925000.0,119.0
1.0,6000.0,3038.0,1.0,A1,1675000.0,119.0
1.0,5000.0,2750.0,1.0,A1,2465000.0,119.0
1.0,9468.0,3832.0,1.0,A2,2800000.0,59.0
1.0,1134.0,1584.0,1.0,A5,890000.0,64.0
1.0,1700.0,1356.0,1.0,A9,995000.0,114.0
1.0,1700.0,1356.0,1.0,A9,840000.0,114.0
1.0,1800.0,1572.0,1.0,A9,995000.0,99.0
1.0,2592.0,1392.0,1.0,A1,979000.0,99.0
1.0,3000.0,2070.0,1.0,A1,1390000.0,104.0
1.0,3000.0,2670.0,1.0,A3,1226000.0,99.0
1.0,2250.0,1608.0,1.0,A1,985000.0,99.0
1.0,1575.0,928.0,1.0,A1,760000.0,99.0
1.0,2000.0,1504.0,1.0,A9,950000.0,94.0
1.0,3300.0,2382.0,1.0,A1,1650000.0,99.0
1.0,3000.0,1636.0,1.0,A1,1425000.0,99.0
1.0,3600.0,2095.0,1.0,A1,1650000.0,99.0
1.0,2500.0,1728.0,1.0,A9,1125000.0,104.0
1.0,2000.0,1600.0,1.0,A1,1100000.0,104.0
1.0,2000.0,1566.0,1.0,A1,975000.0,99.0
1.0,1900.0,1422.0,1.0,A9,890000.0,104.0
1.0,2000.0,1404.0,1.0,A9,970000.0,104.0
1.0,2600.0,1734.0,1.0,A1,1175000.0,104.0
1.0,5000.0,3730.0,1.0,A1,2345000.0,114.0
1.0,4000.0,1920.0,1.0,A1,393333.0,104.0
1.0,2000.0,1152.0,1.0,A9,675000.0,109.0
1.0,2000.0,1152.0,1.0,A9,455000.0,109.0
1.0,2500.0,1796.0,1.0,A9,1500000.0,94.0
1.0,4800.0,2648.0,1.0,A1,2475000.0,99.0
1.0,4000.0,1968.0,1.0,A1,990000.0,104.0
1.0,5000.0,2388.0,1.0,A1,2050000.0,109.0
1.0,2933.0,1552.0,1.0,A1,820000.0,99.0
1.0,1800.0,1376.0,1.0,A9,924000.0,99.0
1.0,2042.0,1326.0,1.0,A9,835000.0,104.0
1.0,1817.0,1326.0,1.0,A9,972500.0,104.0
1.0,2100.0,1440.0,1.0,A9,995000.0,99.0
1.0,4000.0,1770.0,1.0,A1,1895000.0,94.0
1.0,5000.0,4905.0,1.0,A1,1500000.0,114.0
1.0,4000.0,2232.0,1.0,A1,975000.0,114.0
1.0,4000.0,2070.0,1.0,A1,1599000.0,114.0
1.0,3750.0,3862.0,1.0,A1,1378650.0,104.0
1.0,2800.0,2052.0,1.0,A1,1885000.0,94.0
1.0,3300.0,2064.0,1.0,A1,1715000.0,99.0
1.0,2200.0,1312.0,1.0,A9,675450.0,99.0
1.0,2100.0,1372.0,1.0,A9,1215000.0,99.0
1.0,2695.0,1584.0,1.0,A9,1350000.0,99.0
1.0,2398.0,1584.0,1.0,A9,765000.0,99.0
1.0,5000.0,2881.0,1.0,A1,1831500.0,104.0
1.0,4000.0,3975.0,1.0,A1,1835000.0,84.0
1.0,3000.0,2482.0,1.0,A1,1900000.0,99.0
1.0,4000.0,3304.0,1.0,A1,995000.0,104.0
1.0,2400.0,1866.0,1.0,A5,1165000.0,99.0
1.0,4000.0,4524.0,1.0,A1,1550000.0,89.0
1.0,3000.0,1977.0,1.0,A1,1325000.0,99.0
1.0,3000.0,1680.0,1.0,A1,1850000.0,104.0
1.0,3450.0,2279.0,1.0,A1,1542500.0,104.0
1.0,4000.0,1705.0,1.0,A1,1650000.0,104.0
1.0,5000.0,5225.0,1.0,A1,4031963.0,24.0
1.0,3000.0,2436.0,1.0,A1,1200500.0,104.0
1.0,4000.0,2697.0,1.0,A1,1830000.0,99.0
1.0,2500.0,1618.0,1.0,A1,1420000.0,114.0
1.0,3750.0,2344.0,1.0,A9,2075000.0,109.0
1.0,2489.0,1312.0,1.0,A1,800000.0,99.0
1.0,3780.0,2244.0,1.0,A1,2150000.0,109.0
1.0,4000.0,3250.0,1.0,A1,1996000.0,94.0
1.0,5000.0,3360.0,1.0,A1,1999000.0,109.0
1.0,4000.0,2990.0,1.0,A1,100.0,114.0
1.0,4000.0,2186.0,1.0,A1,1500000.0,114.0
1.0,4000.0,2491.0,1.0,A1,1750000.0,99.0
1.0,4000.0,2250.0,1.0,A1,1850000.0,99.0
1.0,4000.0,1896.0,1.0,A1,1050000.0,74.0
1.0,4000.0,1896.0,1.0,A1,1350000.0,74.0
1.0,4000.0,2000.0,1.0,A1,1650000.0,104.0
1.0,3333.0,1572.0,1.0,A1,10.0,114.0
1.0,4000.0,2160.0,1.0,A1,1900000.0,109.0
1.0,4000.0,2532.0,1.0,A1,1850000.0,99.0
1.0,2000.0,1326.0,1.0,A9,930000.0,99.0
1.0,2625.0,1408.0,1.0,A1,850000.0,94.0
1.0,2667.0,1496.0,1.0,A1,10.0,94.0
1.0,2383.0,1404.0,1.0,A9,1290000.0,94.0
1.0,2000.0,1925.0,1.0,A1,1090000.0,99.0
1.0,1083.0,1224.0,1.0,A5,825000.0,89.0
1.0,1167.0,1152.0,1.0,A5,753500.0,89.0
1.0,3500.0,1456.0,1.0,A1,1380000.0,99.0
1.0,4000.0,2352.0,1.0,A1,1650000.0,104.0
1.0,8500.0,4418.0,1.0,A1,3900000.0,94.0
1.0,2400.0,1376.0,1.0,A9,970000.0,99.0
2.0,2000.0,1940.0,1.0,B2,850000.0,109.0
2.0,1092.0,1842.0,1.0,B9,796000.0,69.0
2.0,3500.0,3180.0,1.0,B9,2100000.0,109.0
2.0,1473.0,1848.0,1.0,B1,1.0,79.0
2.0,2767.0,2648.0,1.0,B1,1450000.0,104.0
2.0,3000.0,2204.0,1.0,B2,1410000.0,104.0
2.0,3600.0,2908.0,1.0,B2,1960000.0,104.0
2.0,2750.0,2352.0,1.0,B2,965000.0,99.0
2.0,2000.0,2480.0,1.0,B2,1120000.0,99.0
2.0,4700.0,2852.0,1.0,B2,1700000.0,99.0
2.0,1629.0,1704.0,1.0,B1,780000.0,79.0
2.0,3000.0,2524.0,1.0,B3,995000.0,99.0
2.0,2400.0,3900.0,1.0,B3,1879000.0,99.0
2.0,3690.0,1908.0,1.0,B3,1300000.0,99.0
2.0,2025.0,2163.0,1.0,B2,900000.0,104.0
2.0,2125.0,2163.0,1.0,B2,915000.0,104.0
2.0,1725.0,1872.0,1.0,B1,788000.0,89.0
2.0,2000.0,3410.0,1.0,B1,1175000.0,89.0
2.0,2667.0,2439.0,1.0,B3,999000.0,114.0
2.0,2000.0,1660.0,1.0,B1,1.0,59.0
2.0,2000.0,2120.0,1.0,B1,775000.0,109.0
2.0,5000.0,4413.0,1.0,B1,1825000.0,104.0
2.0,5000.0,7190.0,1.0,B2,4800000.0,109.0
2.0,5000.0,4008.0,1.0,B2,2500000.0,99.0
2.0,4333.0,2844.0,1.0,B1,1650000.0,94.0
2.0,2625.0,1408.0,1.0,B3,999000.0,94.0
2.0,3000.0,1609.0,1.0,B3,925000.0,104.0
3.0,2000.0,2832.0,1.0,C0,786000.0,69.0
3.0,2000.0,3736.0,1.0,C0,1725000.0,54.0
3.0,2000.0,3220.0,1.0,C0,1575000.0,49.0
3.0,2000.0,3736.0,1.0,C0,1675000.0,54.0
3.0,6000.0,4760.0,1.0,C0,2390000.0,104.0
4.0,3000.0,3432.0,2.0,C3,1650000.0,99.0
4.0,2000.0,4180.0,2.0,C3,3600000.0,18.0
4.0,3000.0,3300.0,2.0,C3,1080000.0,93.0
1.0,5000.0,1377.0,1.0,A2,940000.0,74.0
1.0,8703.0,3000.0,1.0,A3,1700000.0,19.0
1.0,2333.0,1360.0,1.0,A5,775000.0,64.0
1.0,2325.0,1440.0,1.0,A5,730000.0,64.0
1.0,1800.0,2045.0,1.0,A5,687000.0,59.0
1.0,2209.0,1404.0,1.0,A5,684000.0,59.0
1.0,2300.0,1324.0,1.0,A5,840000.0,64.0
1.0,4000.0,2041.0,1.0,A1,760000.0,1.0
1.0,4000.0,2651.0,1.0,A2,1425000.0,59.0
1.0,11000.0,6828.0,1.0,A3,3500000.0,18.0
1.0,8000.0,3276.0,1.0,A2,1800000.0,59.0
1.0,3500.0,1959.0,1.0,A2,950000.0,64.0
1.0,3800.0,2454.0,1.0,A1,994000.0,64.0
1.0,3800.0,2506.0,1.0,A1,1250000.0,64.0
1.0,3556.0,2840.0,1.0,A1,1350000.0,59.0
1.0,4160.0,2800.0,1.0,A3,980000.0,64.0
1.0,4300.0,1836.0,1.0,A2,1045000.0,64.0
1.0,4233.0,1836.0,1.0,A2,1350000.0,64.0
1.0,3750.0,3640.0,1.0,A1,990000.0,59.0
1.0,4343.0,2076.0,1.0,A2,995000.0,59.0
1.0,5915.0,3732.0,1.0,A3,2250000.0,64.0
1.0,5108.0,2360.0,1.0,A2,950000.0,59.0
1.0,5033.0,1908.0,1.0,A1,1662000.0,64.0
1.0,4800.0,1614.0,1.0,A2,810000.0,69.0
1.0,4500.0,2307.0,1.0,A1,1773731.0,3.0
1.0,4783.0,2569.0,1.0,A1,990000.0,74.0
1.0,1800.0,1224.0,1.0,A5,655000.0,64.0
1.0,2250.0,1224.0,1.0,A5,660000.0,64.0
1.0,4150.0,1924.0,1.0,A1,875000.0,64.0
1.0,5450.0,2756.0,1.0,A3,1325000.0,64.0
1.0,1800.0,1188.0,1.0,A5,690000.0,64.0
1.0,3975.0,1869.0,1.0,A2,1250000.0,64.0
1.0,2326.0,1824.0,1.0,A5,735000.0,59.0
1.0,2898.0,1624.0,1.0,A5,665000.0,59.0
1.0,2247.0,1624.0,1.0,A5,810000.0,59.0
1.0,2100.0,1152.0,1.0,A1,760000.0,64.0
1.0,2100.0,1152.0,1.0,A1,850000.0,64.0
1.0,1992.0,1672.0,1.0,A5,885000.0,59.0
1.0,3000.0,1672.0,1.0,A5,824601.0,59.0
1.0,1800.0,1188.0,1.0,A5,665000.0,64.0
1.0,1800.0,1188.0,1.0,A5,605000.0,64.0
1.0,5100.0,2032.0,1.0,A2,800000.0,74.0
2.0,2500.0,2760.0,1.0,B9,1280000.0,64.0
2.0,3000.0,2124.0,1.0,B1,780000.0,59.0
2.0,2325.0,2538.0,1.0,B1,10.0,64.0
2.0,1792.0,2397.0,1.0,B1,1075000.0,64.0
2.0,3000.0,2104.0,1.0,B1,990000.0,64.0
2.0,4067.0,2792.0,1.0,B1,1620000.0,54.0
2.0,4608.0,3288.0,1.0,B2,1400000.0,59.0
2.0,4833.0,2132.0,1.0,B2,972000.0,64.0
2.0,4000.0,2464.0,1.0,B2,985000.0,64.0
2.0,2900.0,3486.0,1.0,B1,900000.0,64.0
2.0,2000.0,1778.0,1.0,B1,790000.0,64.0
3.0,2683.0,2226.0,1.0,C0,300000.0,59.0
1.0,980.0,1000.0,1.0,A4,975000.0,125.0
1.0,1275.0,2295.0,1.0,A5,2637500.0,9.0
1.0,1413.0,960.0,1.0,A9,254400.0,119.0
1.0,1200.0,1020.0,1.0,A9,650000.0,119.0
2.0,2000.0,2700.0,1.0,B1,625000.0,123.0
2.0,1383.0,1600.0,1.0,B9,885000.0,123.0
2.0,1250.0,1280.0,1.0,B9,1150000.0,123.0
2.0,1667.0,1560.0,1.0,B9,940000.0,123.0
2.0,1500.0,2011.0,1.0,B2,1100000.0,134.0
2.0,2045.0,1900.0,1.0,B1,720000.0,123.0
2.0,1729.0,824.0,1.0,B9,575000.0,99.0
2.0,2000.0,2616.0,1.0,B9,889709.0,123.0
2.0,2555.0,2496.0,1.0,B1,813019.0,123.0
2.0,2854.0,2700.0,1.0,B2,955000.0,20.0
2.0,2854.0,2700.0,1.0,B1,990000.0,20.0
2.0,2427.0,1976.0,1.0,B1,825000.0,104.0
2.0,1700.0,2295.0,1.0,B3,800000.0,125.0
2.0,1700.0,2295.0,1.0,B3,1300200.0,125.0
2.0,1667.0,2001.0,1.0,B3,1235000.0,125.0
2.0,1700.0,2040.0,1.0,B3,1450000.0,125.0
2.0,2025.0,2856.0,1.0,B2,1150000.0,32.0
2.0,2025.0,2856.0,1.0,B2,1215199.0,32.0
2.0,1800.0,2160.0,1.0,B9,2275000.0,125.0
2.0,1800.0,2430.0,1.0,B1,1170000.0,125.0
2.0,1800.0,2430.0,1.0,B9,985000.0,125.0
2.0,1700.0,2040.0,1.0,B3,1234000.0,114.0
2.0,1833.0,2475.0,1.0,B3,1870000.0,125.0
2.0,1833.0,2475.0,1.0,B3,1600000.0,125.0
2.0,2000.0,2700.0,1.0,B9,2100000.0,125.0
2.0,1800.0,3096.0,1.0,B3,1783250.0,125.0
2.0,1900.0,2400.0,1.0,B1,1950000.0,125.0
2.0,1908.0,3147.0,1.0,B1,1250000.0,125.0
2.0,2000.0,2700.0,1.0,B3,1500000.0,125.0
2.0,2000.0,2200.0,1.0,B1,1205000.0,125.0
2.0,2000.0,2700.0,1.0,B9,2100000.0,114.0
2.0,1800.0,2268.0,1.0,B9,610000.0,123.0
2.0,1800.0,2430.0,1.0,B9,1268000.0,123.0
2.0,1725.0,2175.0,1.0,B3,1150000.0,123.0
2.0,1833.0,2832.0,1.0,B9,2195000.0,119.0
2.0,3483.0,2623.0,1.0,B1,999000.0,27.0
2.0,1975.0,2564.0,1.0,B1,1149000.0,27.0
2.0,2000.0,2080.0,1.0,B1,10.0,125.0
2.0,1667.0,2001.0,1.0,B3,875000.0,125.0
2.0,2050.0,1464.0,1.0,B9,925000.0,114.0
2.0,2008.0,1600.0,1.0,B2,774000.0,114.0
2.0,5000.0,1540.0,1.0,B2,10.0,123.0
2.0,1750.0,2100.0,1.0,B9,1645000.0,114.0
2.0,2050.0,1800.0,1.0,B2,1116000.0,23.0
2.0,1500.0,1400.0,1.0,B9,622250.0,125.0
2.0,1500.0,1400.0,1.0,B9,810000.0,125.0
2.0,4538.0,1666.0,1.0,B3,1310000.0,114.0
2.0,2050.0,2245.0,1.0,B2,1.0,23.0
2.0,1500.0,2145.0,1.0,B3,1550000.0,109.0
2.0,1625.0,1936.0,1.0,B3,1218691.0,114.0
2.0,1500.0,1830.0,1.0,B3,763688.0,114.0
2.0,1740.0,1870.0,1.0,B9,1130000.0,119.0
2.0,1500.0,1800.0,1.0,B2,900000.0,125.0
2.0,2000.0,2100.0,1.0,B3,1100000.0,104.0
2.0,1667.0,1840.0,1.0,B3,1575000.0,125.0
2.0,1533.0,1575.0,1.0,B3,1210000.0,125.0
2.0,1533.0,1575.0,1.0,B3,690000.0,125.0
2.0,1667.0,1650.0,1.0,B9,1622000.0,125.0
2.0,1650.0,1680.0,1.0,B9,630000.0,114.0
2.0,1358.0,2080.0,1.0,B1,755000.0,109.0
2.0,1593.0,2260.0,1.0,B9,715000.0,123.0
2.0,1593.0,2260.0,1.0,B9,1200411.0,123.0
2.0,1649.0,2100.0,1.0,B3,1150000.0,125.0
2.0,1560.0,2016.0,1.0,B3,1065000.0,125.0
2.0,1313.0,2160.0,1.0,B1,1100000.0,123.0
2.0,1320.0,2160.0,1.0,B9,600000.0,123.0
2.0,1307.0,1408.0,1.0,B9,665000.0,123.0
2.0,1462.0,2120.0,1.0,B3,870000.0,123.0
2.0,1280.0,1188.0,1.0,B2,1300000.0,123.0
2.0,1280.0,1396.0,1.0,B2,995000.0,123.0
2.0,1350.0,1872.0,1.0,B9,550000.0,114.0
2.0,1689.0,1782.0,1.0,B9,805000.0,114.0
2.0,1689.0,1782.0,1.0,B9,1180000.0,114.0
2.0,1440.0,1480.0,1.0,B9,1200000.0,114.0
3.0,1667.0,2400.0,1.0,C0,751000.0,123.0
3.0,1933.0,2280.0,1.0,C0,1196000.0,123.0
3.0,2054.0,2280.0,1.0,C0,700000.0,123.0
3.0,2143.0,3500.0,1.0,C0,1038615.0,125.0
3.0,2143.0,3855.0,1.0,C0,1397185.0,4.0
3.0,1403.0,3039.0,1.0,C0,829025.0,18.0
3.0,2000.0,2700.0,1.0,C0,1435000.0,123.0
3.0,1840.0,2637.0,1.0,C0,500000.0,114.0
3.0,2600.0,2748.0,1.0,C0,960000.0,123.0
3.0,2555.0,2400.0,1.0,C0,715505.0,104.0
3.0,2555.0,2955.0,1.0,C0,1360000.0,125.0
3.0,1480.0,2724.0,1.0,C0,925000.0,104.0
3.0,3388.0,3576.0,1.0,C0,1995000.0,114.0
3.0,1924.0,3000.0,1.0,C0,1600000.0,224.0
3.0,1750.0,2911.0,1.0,C0,980000.0,125.0
3.0,1942.0,3135.0,1.0,C0,1700000.0,123.0
3.0,1942.0,3135.0,1.0,C0,1825000.0,123.0
3.0,1950.0,2925.0,1.0,C0,75000.0,114.0
3.0,2000.0,3300.0,1.0,C0,1250000.0,114.0
3.0,1900.0,3300.0,1.0,C0,631750.0,125.0
3.0,1520.0,2700.0,1.0,C0,10.0,125.0
3.0,1800.0,2430.0,1.0,C0,1360000.0,123.0
3.0,2000.0,2700.0,1.0,C0,1200000.0,125.0
3.0,1900.0,3135.0,1.0,C0,1380000.0,125.0
3.0,1900.0,2565.0,1.0,C0,940000.0,114.0
3.0,2000.0,2400.0,1.0,C0,1550000.0,125.0
3.0,1875.0,2754.0,1.0,C0,1603744.0,123.0
3.0,2000.0,2700.0,1.0,C0,1999000.0,125.0
3.0,2233.0,2200.0,1.0,C0,390000.0,22.0
3.0,1677.0,3000.0,1.0,C0,40000.0,16.0
3.0,2320.0,2410.0,1.0,C0,1250000.0,19.0
3.0,1935.0,2700.0,1.0,C0,100.0,125.0
3.0,1935.0,2700.0,1.0,C0,700000.0,125.0
3.0,1875.0,2250.0,1.0,C0,915000.0,125.0
3.0,1875.0,2250.0,1.0,C0,950000.0,125.0
3.0,1540.0,3000.0,1.0,C0,1165000.0,125.0
3.0,1500.0,2115.0,1.0,C0,1452500.0,109.0
3.0,3750.0,3213.0,1.0,C0,990000.0,114.0
3.0,1950.0,2877.0,1.0,C0,10.0,104.0
3.0,1600.0,2520.0,1.0,C0,2100000.0,125.0
3.0,1600.0,2520.0,1.0,C0,999999.0,125.0
3.0,2700.0,3420.0,1.0,C0,1000.0,104.0
3.0,1600.0,2700.0,1.0,C0,1850000.0,104.0
3.0,1750.0,3256.0,1.0,C0,875658.0,114.0
3.0,2156.0,3315.0,1.0,C0,1550000.0,6.0
3.0,2744.0,3300.0,1.0,C0,1603300.0,6.0
3.0,1950.0,2700.0,1.0,C0,800000.0,125.0
3.0,2185.0,3150.0,1.0,C0,1625000.0,114.0
3.0,1894.0,3123.0,1.0,C0,1100000.0,19.0
3.0,1900.0,2700.0,1.0,C0,1390000.0,123.0
3.0,1710.0,2717.0,1.0,C0,10.0,114.0
3.0,1677.0,2565.0,1.0,C0,1100000.0,114.0
3.0,1592.0,2336.0,1.0,C0,860000.0,99.0
4.0,3087.0,3168.0,2.0,C3,80000.0,114.0
17.0,7853.0,20255.0,2.0,C1,552245.0,7.0
17.0,7853.0,20255.0,2.0,C1,554455.0,7.0
17.0,7853.0,20255.0,2.0,C1,554455.0,7.0
17.0,7853.0,20255.0,2.0,C1,554455.0,7.0
8.0,4704.0,9936.0,2.0,C1,554455.0,6.0
8.0,4704.0,9936.0,2.0,C1,554455.0,6.0
8.0,4704.0,9936.0,2.0,C1,554455.0,6.0
8.0,2733.0,5740.0,2.0,C1,4200000.0,119.0
4.0,1750.0,4200.0,2.0,C3,1300000.0,119.0
4.0,1867.0,3240.0,2.0,C3,2143616.0,118.0
6.0,2500.0,5175.0,2.0,C2,1000.0,116.0
6.0,2500.0,5175.0,2.0,C2,10.0,116.0
6.0,2600.0,6474.0,2.0,C2,2530000.0,118.0
6.0,2340.0,4350.0,2.0,C2,638410.0,118.0
4.0,2500.0,5400.0,2.0,C3,1800000.0,117.0
8.0,2500.0,5915.0,2.0,C1,1150000.0,125.0
8.0,2500.0,5500.0,2.0,C1,3206458.0,6.0
6.0,3358.0,4232.0,2.0,C2,1400000.0,114.0
4.0,2500.0,4125.0,2.0,C3,1100000.0,114.0
4.0,2500.0,4125.0,2.0,C3,1580000.0,114.0
6.0,3400.0,3750.0,2.0,C2,900000.0,117.0
6.0,2500.0,3750.0,2.0,C2,791152.0,113.0
1.0,2500.0,1782.0,1.0,A1,1150000.0,94.0
1.0,5000.0,1320.0,1.0,A1,1800000.0,104.0
1.0,3000.0,1710.0,1.0,A1,1960000.0,94.0
1.0,2500.0,1394.0,1.0,A5,260000.0,94.0
1.0,2500.0,1394.0,1.0,A5,998000.0,94.0
1.0,3500.0,3504.0,1.0,A1,1300000.0,94.0
1.0,2072.0,1187.0,1.0,A5,2200000.0,114.0
1.0,2003.0,1400.0,1.0,A5,1650000.0,114.0
1.0,2379.0,1565.0,1.0,A1,830000.0,123.0
1.0,1752.0,1565.0,1.0,A1,980000.0,123.0
1.0,2003.0,1400.0,1.0,A5,1224000.0,119.0
1.0,5000.0,2104.0,1.0,A1,2250000.0,94.0
1.0,4000.0,2165.0,1.0,A9,2200000.0,94.0
1.0,1933.0,1718.0,1.0,A9,860000.0,99.0
1.0,2333.0,1730.0,1.0,A1,1300000.0,99.0
1.0,2239.0,1120.0,1.0,A1,1200000.0,104.0
1.0,3920.0,1890.0,1.0,A2,1725000.0,114.0
1.0,2350.0,1384.0,1.0,A1,1300000.0,104.0
1.0,3013.0,2115.0,1.0,A1,2350000.0,104.0
1.0,3000.0,2160.0,1.0,A1,3600000.0,99.0
1.0,4000.0,4774.0,1.0,A3,5500000.0,27.0
1.0,3000.0,1632.0,1.0,A1,2625000.0,109.0
1.0,3000.0,1863.0,1.0,A1,2850000.0,99.0
1.0,3052.0,1666.0,1.0,A1,1800000.0,104.0
1.0,2600.0,1624.0,1.0,A9,1575000.0,94.0
1.0,2950.0,4182.0,1.0,A1,3400000.0,89.0
1.0,2500.0,1504.0,1.0,A1,1325000.0,104.0
1.0,4820.0,3260.0,1.0,A1,6350000.0,94.0
1.0,4000.0,4062.0,1.0,A1,7000000.0,20.0
1.0,4000.0,4047.0,1.0,A1,9500000.0,94.0
1.0,2250.0,2650.0,1.0,A5,1400000.0,94.0
1.0,2500.0,3649.0,1.0,A5,2415000.0,104.0
1.0,1132.0,856.0,1.0,A9,1200000.0,99.0
1.0,2325.0,1414.0,1.0,A2,1370000.0,104.0
1.0,4000.0,2896.0,1.0,A1,4900000.0,104.0
1.0,4820.0,4556.0,1.0,A3,186761.0,3.0
1.0,4000.0,3802.0,1.0,A1,4650000.0,35.0
1.0,4000.0,3580.0,1.0,A1,4800000.0,99.0
1.0,5800.0,2320.0,1.0,A1,4998999.0,94.0
1.0,3354.0,1184.0,1.0,A9,600000.0,104.0
1.0,2825.0,1727.0,1.0,A9,1245000.0,104.0
1.0,2400.0,1376.0,1.0,A9,1124999.0,99.0
1.0,1840.0,1376.0,1.0,A9,875000.0,99.0
1.0,2000.0,1700.0,1.0,A9,1369000.0,104.0
1.0,2600.0,1772.0,1.0,A1,1725000.0,104.0
1.0,1600.0,1536.0,1.0,A9,1160000.0,104.0
1.0,2400.0,1621.0,1.0,A9,1360000.0,104.0
1.0,2075.0,1456.0,1.0,A9,999900.0,104.0
1.0,2075.0,1456.0,1.0,A9,1250000.0,104.0
1.0,1975.0,1248.0,1.0,A9,1349000.0,94.0
1.0,2410.0,2220.0,1.0,A1,1850000.0,104.0
1.0,1975.0,1044.0,1.0,A9,10.0,104.0
1.0,2000.0,1456.0,1.0,A9,1451500.0,104.0
1.0,2900.0,2994.0,1.0,A1,2995000.0,104.0
1.0,2300.0,1537.0,1.0,A9,2100000.0,94.0
1.0,2500.0,2240.0,1.0,A3,2680000.0,99.0
1.0,3000.0,3220.0,1.0,A9,2600000.0,104.0
1.0,3600.0,1960.0,1.0,A1,2999000.0,104.0
1.0,2000.0,1400.0,1.0,A5,1199000.0,94.0
1.0,2049.0,1370.0,1.0,A9,980000.0,94.0
1.0,2000.0,1676.0,1.0,A1,10.0,104.0
1.0,2317.0,1733.0,1.0,A5,1775000.0,99.0
1.0,2300.0,1280.0,1.0,A9,2350000.0,104.0
1.0,2600.0,1328.0,1.0,A1,3200000.0,99.0
1.0,2700.0,1468.0,1.0,A1,3250000.0,104.0
1.0,1972.0,1408.0,1.0,A5,1224000.0,104.0
2.0,1584.0,2700.0,1.0,B3,995000.0,114.0
2.0,3750.0,3412.0,1.0,B2,1450000.0,94.0
2.0,2500.0,2360.0,1.0,B1,1650000.0,99.0
2.0,2500.0,2360.0,1.0,B1,1395000.0,99.0
2.0,2600.0,2360.0,1.0,B1,1550000.0,99.0
2.0,2000.0,1230.0,1.0,B3,490000.0,99.0
2.0,2000.0,2096.0,1.0,B1,1450000.0,99.0
2.0,1992.0,1770.0,1.0,B3,958669.0,99.0
2.0,3615.0,2430.0,1.0,B1,1050000.0,99.0
2.0,2000.0,2700.0,1.0,B2,1100000.0,104.0
2.0,2000.0,2310.0,1.0,B2,2050000.0,114.0
2.0,2250.0,1500.0,1.0,B3,1250000.0,109.0
2.0,2867.0,2544.0,1.0,B1,1700000.0,99.0
2.0,4000.0,2058.0,1.0,B3,1900000.0,119.0
2.0,3000.0,2147.0,1.0,B2,1550500.0,89.0
2.0,3000.0,2101.0,1.0,B2,1800000.0,89.0
2.0,4400.0,3500.0,1.0,B2,1850000.0,99.0
2.0,4017.0,3276.0,1.0,B2,375000.0,114.0
2.0,4519.0,3500.0,1.0,B2,1671931.0,104.0
2.0,4519.0,3500.0,1.0,B2,1629200.0,104.0
2.0,3013.0,2480.0,1.0,B1,1250000.0,99.0
2.0,4000.0,3456.0,1.0,B2,1825000.0,94.0
2.0,3500.0,3072.0,1.0,B2,1500000.0,94.0
2.0,3000.0,3250.0,1.0,B2,2100000.0,99.0
2.0,2806.0,2560.0,1.0,B1,2650000.0,99.0
2.0,2003.0,2368.0,1.0,B1,1740000.0,99.0
2.0,2508.0,4116.0,1.0,B1,2150000.0,99.0
2.0,2003.0,3090.0,1.0,B1,1200000.0,125.0
2.0,6000.0,3220.0,1.0,B2,3650000.0,94.0
2.0,4000.0,2424.0,1.0,B3,1650000.0,104.0
2.0,3333.0,2048.0,1.0,B2,1950000.0,94.0
2.0,2500.0,1928.0,1.0,B1,1525000.0,104.0
2.0,2400.0,2080.0,1.0,B9,1700000.0,104.0
2.0,3250.0,2770.0,1.0,B2,2700000.0,94.0
2.0,3333.0,2852.0,1.0,B2,3050000.0,99.0
2.0,3200.0,2496.0,1.0,B1,486740.0,94.0
2.0,4550.0,3064.0,1.0,B1,3800000.0,94.0
2.0,4061.0,2640.0,1.0,B1,2474000.0,94.0
1.0,4500.0,4280.0,1.0,B1,4100000.0,94.0
2.0,2731.0,2544.0,1.0,B2,1650000.0,94.0
2.0,2731.0,2544.0,1.0,B2,1720000.0,94.0
2.0,2492.0,1775.0,1.0,B3,1989000.0,104.0
2.0,3333.0,2640.0,1.0,B1,2600000.0,99.0
2.0,3000.0,2218.0,1.0,B2,2200000.0,114.0
2.0,5000.0,3032.0,1.0,B2,3999999.0,109.0
2.0,3600.0,2800.0,1.0,B1,720000.0,89.0
2.0,2443.0,2720.0,1.0,B1,3200000.0,99.0
2.0,3374.0,2640.0,1.0,B2,10.0,99.0
2.0,2550.0,2400.0,1.0,B2,10.0,99.0
2.0,4135.0,1400.0,1.0,B2,1650000.0,99.0
2.0,2500.0,1260.0,1.0,B3,1160000.0,99.0
2.0,3000.0,2280.0,1.0,B2,1650000.0,104.0
2.0,1960.0,1184.0,1.0,B3,911730.0,104.0
2.0,2050.0,1140.0,1.0,B3,1348500.0,99.0
2.0,3142.0,2400.0,1.0,B1,5250000.0,104.0
2.0,3535.0,2720.0,1.0,B1,3500000.0,104.0
2.0,3108.0,2600.0,1.0,B2,2150000.0,99.0
3.0,3000.0,2932.0,1.0,C0,1.0,114.0
3.0,3300.0,3423.0,1.0,C0,2200000.0,99.0
3.0,1880.0,1892.0,1.0,C0,1725000.0,99.0
3.0,3750.0,2800.0,1.0,C0,1805000.0,114.0
3.0,2142.0,3867.0,1.0,C0,2250000.0,34.0
3.0,3200.0,2232.0,1.0,C0,1850000.0,114.0
3.0,3667.0,2558.0,1.0,C0,1725000.0,89.0
3.0,4218.0,2843.0,1.0,C0,1635000.0,114.0
3.0,3000.0,3760.0,1.0,C0,1595000.0,54.0
3.0,2004.0,2160.0,1.0,C0,895000.0,104.0
3.0,1967.0,3151.0,1.0,C0,2175000.0,17.0
3.0,1900.0,3151.0,1.0,C0,2175000.0,17.0
3.0,2094.0,3330.0,1.0,C0,49405.0,114.0
3.0,3206.0,2617.0,1.0,C0,411600.0,114.0
3.0,3200.0,2229.0,1.0,C0,2800000.0,104.0
3.0,2440.0,2040.0,1.0,C0,3475000.0,94.0
3.0,4820.0,6900.0,1.0,C0,4215000.0,31.0
3.0,4000.0,4687.0,1.0,C0,2600000.0,59.0
3.0,2260.0,2730.0,1.0,C0,1125000.0,64.0
3.0,6000.0,2640.0,1.0,C0,3900000.0,84.0
3.0,3300.0,3560.0,1.0,C0,1850000.0,64.0
3.0,2412.0,3190.0,1.0,C0,1775000.0,94.0
3.0,2150.0,1944.0,1.0,C0,1605000.0,99.0
6.0,2958.0,4929.0,2.0,C2,805000.0,94.0
6.0,2958.0,4929.0,2.0,C2,1150000.0,94.0
6.0,2958.0,4929.0,2.0,C2,1150000.0,94.0
4.0,2625.0,3520.0,2.0,C3,1420000.0,94.0
4.0,2625.0,3520.0,2.0,C3,1575000.0,94.0
4.0,2767.0,3440.0,2.0,C3,1350000.0,100.0
4.0,2550.0,3140.0,2.0,C3,1200000.0,98.0
1.0,3142.0,2940.0,1.0,A1,10.0,99.0
1.0,4000.0,5250.0,1.0,A7,6860000.0,25.0
1.0,4000.0,5250.0,1.0,A9,6290000.0,28.0
1.0,4000.0,3000.0,1.0,A1,7300000.0,29.0
1.0,2940.0,1536.0,1.0,A1,2680000.0,104.0
1.0,3000.0,2016.0,1.0,A1,3450000.0,104.0
1.0,2800.0,1172.0,1.0,A1,5145000.0,109.0
1.0,3978.0,2052.0,1.0,A1,3800000.0,99.0
1.0,2160.0,1364.0,1.0,A9,1352000.0,99.0
1.0,2400.0,1808.0,1.0,A5,1350000.0,104.0
1.0,1800.0,1668.0,1.0,A5,1200000.0,119.0
1.0,3104.0,5213.0,1.0,A4,7000000.0,6.0
1.0,4000.0,5860.0,1.0,A9,9186750.0,15.0
1.0,4000.0,4580.0,1.0,A3,1476463.0,99.0
1.0,3474.0,2880.0,1.0,A9,4250000.0,104.0
1.0,2780.0,1024.0,1.0,A5,915000.0,94.0
1.0,2567.0,2792.0,1.0,A1,3500000.0,84.0
1.0,4000.0,6430.0,1.0,A7,6005000.0,25.0
1.0,3513.0,960.0,1.0,A9,3500000.0,99.0
1.0,2000.0,1512.0,1.0,A9,2000000.0,99.0
1.0,1990.0,1320.0,1.0,A1,1718000.0,94.0
1.0,1694.0,2178.0,1.0,A5,1300000.0,64.0
1.0,2838.0,1674.0,1.0,A5,1950000.0,94.0
1.0,2000.0,1408.0,1.0,A5,900000.0,94.0
1.0,2000.0,2235.0,1.0,A5,1050000.0,64.0
1.0,1190.0,1597.0,1.0,A9,905000.0,64.0
1.0,2517.0,1082.0,1.0,A9,415000.0,69.0
1.0,3800.0,3880.0,1.0,A1,2990000.0,104.0
2.0,2425.0,2480.0,1.0,B2,1800000.0,99.0
2.0,4000.0,2416.0,1.0,B2,4800000.0,104.0
2.0,4250.0,2600.0,1.0,B2,2900000.0,99.0
2.0,2000.0,1320.0,1.0,B1,1200000.0,54.0
2.0,4000.0,1800.0,1.0,B3,9350000.0,94.0
2.0,4615.0,3086.0,1.0,B1,5600000.0,99.0
2.0,3813.0,2736.0,1.0,B1,4750000.0,99.0
2.0,3500.0,3502.0,1.0,B1,6050000.0,99.0
2.0,2750.0,2730.0,1.0,B3,1400000.0,109.0
2.0,6000.0,2306.0,1.0,B3,10.0,125.0
2.0,1672.0,3144.0,1.0,B2,1800000.0,74.0
2.0,3020.0,2286.0,1.0,B2,2000000.0,94.0
2.0,3445.0,2296.0,1.0,B3,4250000.0,99.0
2.0,4000.0,1288.0,1.0,B3,2150000.0,104.0
2.0,2000.0,2176.0,1.0,B1,1650000.0,94.0
2.0,2000.0,2184.0,1.0,B1,1700000.0,69.0
2.0,1800.0,1368.0,1.0,B3,900000.0,74.0
2.0,4363.0,2724.0,1.0,B1,4400000.0,89.0
2.0,2660.0,2880.0,1.0,B1,2600000.0,89.0
2.0,3844.0,2000.0,1.0,B2,1999999.0,99.0
2.0,2100.0,2289.0,1.0,B1,1188000.0,69.0
2.0,2000.0,2205.0,1.0,B1,998000.0,69.0
2.0,2000.0,768.0,1.0,B2,776000.0,89.0
2.0,2800.0,3120.0,1.0,B9,1650000.0,89.0
2.0,2000.0,3024.0,1.0,B1,1100000.0,64.0
2.0,2000.0,1800.0,1.0,B1,1100000.0,104.0
2.0,2000.0,1350.0,1.0,B1,1230000.0,104.0
2.0,2000.0,2340.0,1.0,B1,999000.0,79.0
2.0,6000.0,3630.0,1.0,B1,3300000.0,84.0
2.0,1933.0,1710.0,1.0,B1,388000.0,94.0
2.0,1958.0,1710.0,1.0,B1,1300000.0,94.0
2.0,1743.0,1536.0,1.0,B1,1500000.0,104.0
2.0,2125.0,1704.0,1.0,B1,950000.0,79.0
2.0,2000.0,2880.0,1.0,B1,1270000.0,94.0
2.0,2100.0,1551.0,1.0,B1,1163000.0,69.0
2.0,2017.0,2185.0,1.0,B1,1150000.0,64.0
2.0,1983.0,2078.0,1.0,B1,1185000.0,64.0
2.0,2000.0,3048.0,1.0,B1,1280000.0,94.0
2.0,2000.0,2496.0,1.0,B1,1250000.0,94.0
2.0,2000.0,2980.0,1.0,B1,1040000.0,84.0
2.0,1800.0,1863.0,1.0,B1,988000.0,94.0
2.0,1992.0,1370.0,1.0,B3,883000.0,74.0
2.0,2117.0,1701.0,1.0,B1,538730.0,79.0
2.0,1800.0,1728.0,1.0,B3,860000.0,79.0
2.0,1800.0,1863.0,1.0,B3,700000.0,79.0
2.0,2175.0,1736.0,1.0,B1,821000.0,79.0
2.0,4233.0,2769.0,1.0,B2,1500000.0,94.0
2.0,2000.0,2812.0,1.0,B1,1220000.0,59.0
2.0,4000.0,2400.0,1.0,B9,2300000.0,64.0
2.0,1890.0,1643.0,1.0,B1,930000.0,89.0
2.0,1890.0,1643.0,1.0,B1,950000.0,89.0
2.0,2200.0,1809.0,1.0,B3,980000.0,94.0
2.0,1992.0,1640.0,1.0,B1,750000.0,94.0
3.0,2410.0,2265.0,1.0,C0,1244000.0,84.0
3.0,2733.0,2720.0,1.0,C0,10.0,94.0
3.0,2950.0,3518.0,1.0,C0,10.0,59.0
3.0,3000.0,3066.0,1.0,C0,10.0,94.0
3.0,4400.0,3906.0,1.0,C0,5500000.0,94.0
3.0,2000.0,1788.0,1.0,C0,700000.0,123.0
3.0,2567.0,2720.0,1.0,C0,2200000.0,94.0
3.0,2500.0,3660.0,1.0,C0,537995.0,94.0
3.0,3071.0,2400.0,1.0,C0,1200000.0,89.0
3.0,1801.0,3840.0,1.0,C0,10.0,94.0
3.0,2400.0,4950.0,1.0,C0,1340000.0,84.0
3.0,2000.0,2812.0,1.0,C0,1300000.0,59.0
3.0,2500.0,3465.0,1.0,C0,1650000.0,64.0
3.0,2000.0,2500.0,1.0,C0,1490000.0,59.0
3.0,2000.0,3000.0,1.0,C0,1275000.0,64.0
3.0,2207.0,3519.0,1.0,C0,1442000.0,16.0
4.0,3223.0,3120.0,2.0,C3,1850000.0,99.0
4.0,4000.0,3150.0,2.0,C3,2650000.0,94.0
1.0,1701.0,868.0,1.0,A9,395000.0,104.0
1.0,1701.0,868.0,1.0,A9,690000.0,104.0
1.0,1800.0,868.0,1.0,A9,500000.0,104.0
1.0,1800.0,1152.0,1.0,A9,630000.0,99.0
1.0,1800.0,988.0,1.0,A9,455000.0,99.0
1.0,1800.0,988.0,1.0,A9,310000.0,99.0
1.0,3000.0,976.0,1.0,A1,530000.0,94.0
1.0,1800.0,852.0,1.0,A9,540000.0,99.0
1.0,1800.0,868.0,1.0,A9,100000.0,99.0
1.0,1800.0,952.0,1.0,A9,575000.0,99.0
1.0,1800.0,952.0,1.0,A9,649000.0,99.0
1.0,1800.0,974.0,1.0,A9,610000.0,99.0
1.0,1800.0,1008.0,1.0,A9,355000.0,99.0
1.0,1800.0,1008.0,1.0,A9,675000.0,99.0
1.0,1800.0,910.0,1.0,A9,141656.0,104.0
1.0,1800.0,910.0,1.0,A9,680000.0,104.0
1.0,1800.0,952.0,1.0,A9,725000.0,104.0
1.0,1800.0,952.0,1.0,A9,640000.0,104.0
1.0,1665.0,1536.0,1.0,A9,725000.0,94.0
1.0,6000.0,1304.0,1.0,A2,750000.0,74.0
1.0,2000.0,1250.0,1.0,A5,725000.0,99.0
1.0,1300.0,983.0,1.0,A5,585000.0,104.0
1.0,1300.0,983.0,1.0,A5,406600.0,104.0
1.0,2200.0,1729.0,1.0,A5,631000.0,69.0
1.0,3000.0,1260.0,1.0,A1,810000.0,104.0
1.0,3000.0,1060.0,1.0,A1,760000.0,104.0
1.0,2100.0,969.0,1.0,A9,625000.0,104.0
1.0,2000.0,1034.0,1.0,A9,380000.0,104.0
1.0,1600.0,1046.0,1.0,A9,275808.0,104.0
1.0,2275.0,1302.0,1.0,A9,10.0,104.0
1.0,2275.0,1302.0,1.0,A9,433433.0,104.0
1.0,1900.0,1274.0,1.0,A9,760000.0,104.0
1.0,1733.0,1166.0,1.0,A9,520000.0,104.0
1.0,2100.0,868.0,1.0,A9,691000.0,104.0
1.0,2400.0,1512.0,1.0,A1,780000.0,104.0
1.0,1730.0,952.0,1.0,A9,743000.0,104.0
1.0,1775.0,952.0,1.0,A9,593600.0,104.0
1.0,1750.0,1232.0,1.0,A9,748000.0,104.0
1.0,2500.0,980.0,1.0,A1,450000.0,104.0
1.0,2000.0,1248.0,1.0,A9,320000.0,104.0
1.0,2000.0,1041.0,1.0,A9,525000.0,104.0
1.0,1333.0,1230.0,1.0,A9,575000.0,99.0
1.0,2500.0,862.0,1.0,A1,625000.0,104.0
1.0,3000.0,1601.0,1.0,A2,745000.0,69.0
1.0,3000.0,1601.0,1.0,A2,665000.0,69.0
1.0,3000.0,1601.0,1.0,A2,800000.0,69.0
1.0,2175.0,1316.0,1.0,A1,735000.0,104.0
1.0,2100.0,1296.0,1.0,A9,100.0,99.0
1.0,2100.0,1208.0,1.0,A9,208000.0,99.0
1.0,1992.0,764.0,1.0,A5,530000.0,69.0
1.0,1983.0,749.0,1.0,A5,650000.0,69.0
1.0,1800.0,1296.0,1.0,A5,770000.0,69.0
1.0,1850.0,1296.0,1.0,A5,690000.0,64.0
1.0,3000.0,1188.0,1.0,A9,685000.0,104.0
1.0,2500.0,1326.0,1.0,A9,760000.0,104.0
1.0,1912.0,1132.0,1.0,A5,765000.0,104.0
1.0,2500.0,1156.0,1.0,A5,640000.0,104.0
1.0,1950.0,1248.0,1.0,A1,650000.0,104.0
1.0,1920.0,1296.0,1.0,A9,679000.0,104.0
1.0,2875.0,1008.0,1.0,A1,670000.0,104.0
1.0,1920.0,1280.0,1.0,A9,758540.0,99.0
1.0,1920.0,1280.0,1.0,A9,100000.0,99.0
1.0,2000.0,1472.0,1.0,A1,825000.0,99.0
1.0,1933.0,1072.0,1.0,A9,635000.0,94.0
1.0,1933.0,1072.0,1.0,A9,600000.0,94.0
1.0,2200.0,1045.0,1.0,A9,450000.0,99.0
1.0,2200.0,1280.0,1.0,A9,395000.0,99.0
1.0,2200.0,1280.0,1.0,A9,860000.0,99.0
1.0,2000.0,1309.0,1.0,A9,785000.0,94.0
1.0,1920.0,1309.0,1.0,A9,705000.0,94.0
1.0,2000.0,1309.0,1.0,A9,810000.0,94.0
1.0,2000.0,1325.0,1.0,A1,575000.0,94.0
1.0,2300.0,1325.0,1.0,A1,685000.0,104.0
1.0,2400.0,1244.0,1.0,A9,830000.0,94.0
1.0,2000.0,1244.0,1.0,A9,680000.0,94.0
1.0,2000.0,1260.0,1.0,A9,700000.0,94.0
1.0,2000.0,1066.0,1.0,A9,100000.0,99.0
1.0,2050.0,1594.0,1.0,A5,770000.0,69.0
1.0,2942.0,1184.0,1.0,A1,225000.0,99.0
1.0,1800.0,1818.0,1.0,A5,788000.0,69.0
1.0,2000.0,1320.0,1.0,A5,25000.0,69.0
1.0,2500.0,1035.0,1.0,A1,675000.0,99.0
1.0,2000.0,1096.0,1.0,A9,1.0,99.0
1.0,2000.0,1248.0,1.0,A9,655000.0,104.0
2.0,2650.0,1252.0,1.0,B3,505000.0,104.0
2.0,1800.0,988.0,1.0,B3,139721.0,99.0
2.0,4000.0,1180.0,1.0,B3,688888.0,123.0
2.0,4000.0,3588.0,1.0,B1,938100.0,74.0
2.0,2000.0,1250.0,1.0,B3,745000.0,104.0
2.0,2383.0,2178.0,1.0,B1,910000.0,69.0
2.0,6000.0,2445.0,1.0,B2,1225000.0,104.0
2.0,2500.0,1305.0,1.0,B3,885000.0,104.0
2.0,2500.0,1305.0,1.0,B3,650188.0,104.0
2.0,2000.0,2000.0,1.0,B1,985000.0,94.0
2.0,2000.0,1248.0,1.0,B3,512000.0,99.0
2.0,2200.0,1274.0,1.0,B3,700000.0,104.0
2.0,2000.0,2000.0,1.0,B1,500.0,104.0
2.0,1983.0,2674.0,1.0,B1,1180000.0,64.0
2.0,1983.0,2674.0,1.0,B1,985000.0,64.0
2.0,1900.0,1280.0,1.0,B3,525417.0,94.0
2.0,2008.0,1802.0,1.0,B1,728000.0,69.0
2.0,4000.0,3200.0,1.0,B1,1155000.0,17.0
2.0,1983.0,1404.0,1.0,B9,570000.0,69.0
2.0,3335.0,2760.0,1.0,B9,10.0,59.0
2.0,2000.0,1560.0,1.0,B1,890000.0,64.0
2.0,1967.0,1510.0,1.0,B1,795000.0,64.0
2.0,1967.0,1510.0,1.0,B1,680000.0,64.0
2.0,1967.0,1710.0,1.0,B1,795000.0,64.0
2.0,2000.0,2125.0,1.0,B9,800000.0,69.0
2.0,2000.0,3000.0,1.0,B1,960000.0,64.0
2.0,2000.0,1720.0,1.0,B1,570570.0,69.0
2.0,2000.0,1659.0,1.0,B1,685000.0,64.0
2.0,2000.0,1659.0,1.0,B1,750000.0,64.0
2.0,2000.0,1638.0,1.0,B1,820000.0,69.0
2.0,2000.0,1627.0,1.0,B1,775000.0,64.0
2.0,2800.0,1610.0,1.0,B1,639000.0,84.0
2.0,2850.0,1640.0,1.0,B2,610000.0,99.0
2.0,2850.0,1640.0,1.0,B2,870000.0,99.0
2.0,2000.0,1944.0,1.0,B3,880000.0,74.0
2.0,2000.0,1472.0,1.0,B3,880000.0,89.0
2.0,1983.0,1414.0,1.0,B1,910000.0,64.0
2.0,2500.0,2250.0,1.0,B9,625000.0,64.0
2.0,1967.0,2536.0,1.0,B9,850000.0,59.0
2.0,1967.0,2536.0,1.0,B9,10.0,59.0
2.0,1967.0,2536.0,1.0,B9,702593.0,59.0
3.0,6000.0,2207.0,1.0,C0,1275000.0,104.0
3.0,2700.0,1980.0,1.0,C0,750000.0,125.0
3.0,2000.0,2760.0,1.0,C0,100.0,64.0
3.0,2200.0,2688.0,1.0,C0,1158000.0,54.0
1.0,1408.0,1470.0,1.0,A4,1620000.0,123.0
1.0,1750.0,2300.0,1.0,A5,3415000.0,125.0
1.0,1143.0,3007.0,1.0,A4,4200000.0,9.0
1.0,2000.0,3868.0,1.0,A5,5900000.0,114.0
1.0,1750.0,3413.0,1.0,A5,5900000.0,123.0
1.0,2000.0,1800.0,1.0,A4,3062500.0,125.0
1.0,2000.0,3290.0,1.0,A4,7000000.0,125.0
1.0,2500.0,3012.0,1.0,A4,5300000.0,99.0
1.0,2000.0,4296.0,1.0,A4,5321000.0,125.0
1.0,1440.0,3240.0,1.0,A4,3720000.0,119.0
1.0,2250.0,4733.0,1.0,A4,12500000.0,123.0
1.0,1625.0,2432.0,1.0,A4,4995000.0,123.0
1.0,2050.0,5777.0,1.0,A4,7800000.0,114.0
1.0,2000.0,4000.0,1.0,A4,6500000.0,104.0
1.0,2000.0,4624.0,1.0,A4,4550000.0,114.0
1.0,1734.0,2730.0,1.0,A4,1025000.0,123.0
1.0,1615.0,2712.0,1.0,A4,3900000.0,125.0
1.0,1700.0,2955.0,1.0,A4,5495000.0,125.0
1.0,1817.0,2430.0,1.0,A5,4450000.0,114.0
1.0,1284.0,1920.0,1.0,A5,2995000.0,125.0
2.0,2000.0,2400.0,1.0,B3,2725000.0,114.0
2.0,1658.0,3400.0,1.0,B1,3885000.0,125.0
2.0,1767.0,2556.0,1.0,B9,323010.0,125.0
2.0,1767.0,2556.0,1.0,B9,2356000.0,125.0
2.0,2000.0,3600.0,1.0,B1,3725000.0,125.0
2.0,2392.0,3200.0,1.0,B3,4175000.0,123.0
2.0,1552.0,1920.0,1.0,B3,2707500.0,123.0
2.0,1583.0,2880.0,1.0,B3,4400000.0,123.0
2.0,1520.0,2080.0,1.0,B1,2225000.0,123.0
2.0,2000.0,3600.0,1.0,B1,5900000.0,123.0
2.0,1667.0,2880.0,1.0,B3,3300000.0,123.0
2.0,1750.0,3195.0,1.0,B3,2950000.0,123.0
2.0,1500.0,3000.0,1.0,B1,4805000.0,123.0
2.0,1700.0,2980.0,1.0,B3,6300000.0,123.0
2.0,1500.0,2250.0,1.0,B3,2650000.0,123.0
2.0,1500.0,2250.0,1.0,B9,930295.0,123.0
2.0,1800.0,1404.0,1.0,B3,2155000.0,125.0
2.0,1245.0,2280.0,1.0,B3,2200000.0,125.0
2.0,1710.0,2508.0,1.0,B3,3500000.0,125.0
2.0,2000.0,2520.0,1.0,B3,2625000.0,125.0
2.0,2000.0,3824.0,1.0,B1,773261.0,125.0
2.0,1995.0,4032.0,1.0,B3,4600000.0,125.0
2.0,1995.0,4200.0,1.0,B3,4950000.0,125.0
2.0,2000.0,4460.0,1.0,B1,5410000.0,119.0
2.0,2000.0,4288.0,1.0,B3,6500000.0,119.0
2.0,1858.0,5106.0,1.0,B1,4250000.0,125.0
2.0,1660.0,2640.0,1.0,B9,6925000.0,123.0
2.0,2050.0,4432.0,1.0,B1,5695000.0,123.0
2.0,1900.0,4016.0,1.0,B1,4100000.0,125.0
2.0,1900.0,4552.0,1.0,B1,5800000.0,123.0
2.0,1900.0,3624.0,1.0,B9,5900000.0,123.0
2.0,1700.0,2955.0,1.0,B3,4275000.0,125.0
2.0,1667.0,2964.0,1.0,B3,4000000.0,123.0
2.0,1958.0,2322.0,1.0,B9,2350000.0,123.0
2.0,1750.0,1160.0,1.0,B1,2500000.0,114.0
2.0,1900.0,2960.0,1.0,B3,3850000.0,123.0
3.0,2000.0,2920.0,1.0,C0,2885000.0,123.0
3.0,2083.0,3780.0,1.0,C0,4445000.0,125.0
3.0,1700.0,2331.0,1.0,C0,2617250.0,123.0
3.0,1970.0,3192.0,1.0,C0,2600000.0,125.0
3.0,2167.0,5544.0,1.0,C0,3950000.0,123.0
3.0,1686.0,2295.0,1.0,C0,2700000.0,125.0
3.0,1983.0,5600.0,1.0,C0,3400000.0,125.0
3.0,1217.0,2080.0,1.0,C0,2950000.0,114.0
3.0,1325.0,1410.0,1.0,C0,1850000.0,114.0
3.0,2000.0,2700.0,1.0,C0,2125000.0,114.0
3.0,2000.0,3600.0,1.0,C0,3600000.0,104.0
3.0,2000.0,2772.0,1.0,C0,1925000.0,114.0
3.0,1833.0,2430.0,1.0,C0,1900000.0,125.0
3.0,1875.0,2511.0,1.0,C0,2900000.0,125.0
3.0,2000.0,4529.0,1.0,C0,5300000.0,119.0
3.0,2000.0,3000.0,1.0,C0,3782000.0,123.0
3.0,1845.0,2952.0,1.0,C0,3500000.0,123.0
3.0,1793.0,3705.0,1.0,C0,3515000.0,123.0
7.0,2000.0,3760.0,2.0,C1,370000.0,104.0
8.0,2080.0,5720.0,2.0,C1,2300000.0,104.0
25.0,5000.0,18020.0,2.0,C1,16750000.0,104.0
4.0,2520.0,5460.0,2.0,C3,4075000.0,104.0
4.0,1387.0,3060.0,2.0,C3,2900000.0,104.0
6.0,3475.0,7000.0,2.0,C2,8906282.0,124.0
6.0,3475.0,7000.0,2.0,C2,8906282.0,124.0
4.0,2132.0,4132.0,2.0,C3,1380000.0,94.0
4.0,1950.0,5176.0,2.0,C3,5975991.0,104.0
4.0,1884.0,5340.0,2.0,C3,4000000.0,104.0
8.0,1995.0,5208.0,2.0,C1,7016075.0,104.0
4.0,1527.0,4125.0,2.0,C3,3750000.0,104.0
4.0,1750.0,3095.0,2.0,C3,750000.0,104.0
4.0,2000.0,5504.0,2.0,C3,4250000.0,99.0
4.0,2000.0,4296.0,2.0,C3,4950000.0,104.0
9.0,2576.0,6666.0,2.0,C1,3300000.0,139.0
1.0,1170.0,1092.0,1.0,A9,995000.0,109.0
1.0,1594.0,1406.0,1.0,A9,1399000.0,109.0
1.0,1669.0,1696.0,1.0,A9,2250000.0,109.0
1.0,1250.0,1596.0,1.0,A9,637500.0,123.0
1.0,2488.0,1404.0,1.0,A9,2695000.0,125.0
1.0,1600.0,1440.0,1.0,A9,2665000.0,125.0
2.0,1748.0,1596.0,1.0,B2,1350000.0,114.0
2.0,1339.0,1600.0,1.0,B1,10.0,114.0
2.0,1339.0,1600.0,1.0,B1,10.0,114.0
2.0,1339.0,1600.0,1.0,B1,2850000.0,114.0
2.0,1120.0,868.0,1.0,B2,725000.0,109.0
2.0,1305.0,3576.0,1.0,B1,2900000.0,123.0
2.0,1733.0,2104.0,1.0,B3,1800000.0,125.0
2.0,1667.0,1968.0,1.0,B1,2750000.0,125.0
2.0,2000.0,2000.0,1.0,B2,1999999.0,125.0
2.0,1671.0,1680.0,1.0,B3,1750000.0,104.0
2.0,1667.0,2052.0,1.0,B3,3085000.0,125.0
2.0,1500.0,1523.0,1.0,B3,1725000.0,123.0
2.0,1667.0,1440.0,1.0,B3,2999000.0,123.0
2.0,1875.0,2409.0,1.0,B3,3300000.0,123.0
2.0,1908.0,1996.0,1.0,B3,2680000.0,123.0
2.0,1800.0,2050.0,1.0,B3,2050000.0,138.0
2.0,1700.0,1546.0,1.0,B2,2050000.0,125.0
2.0,1575.0,2314.0,1.0,B3,2750000.0,125.0
2.0,1917.0,2102.0,1.0,B1,1300000.0,125.0
2.0,1550.0,1252.0,1.0,B3,2150000.0,123.0
2.0,1468.0,1695.0,1.0,B3,2250000.0,123.0
2.0,1817.0,2160.0,1.0,B9,2410000.0,123.0
2.0,1600.0,1728.0,1.0,B3,2100000.0,123.0
2.0,1600.0,1728.0,1.0,B3,1875000.0,123.0
2.0,1700.0,2142.0,1.0,B9,1800000.0,123.0
3.0,1900.0,2736.0,1.0,C0,2625000.0,123.0
3.0,1933.0,2673.0,1.0,C0,3350000.0,125.0
3.0,1767.0,2142.0,1.0,C0,3090000.0,125.0
3.0,1667.0,2400.0,1.0,C0,2230000.0,125.0
3.0,1958.0,2736.0,1.0,C0,2850000.0,125.0
3.0,1140.0,3001.0,1.0,C0,1755000.0,125.0
3.0,1957.0,2988.0,1.0,C0,2375000.0,123.0
6.0,1863.0,3750.0,2.0,C2,2000000.0,93.0
6.0,1403.0,3600.0,2.0,C2,1495000.0,104.0
8.0,2500.0,6000.0,2.0,C1,6154343.0,93.0
4.0,1940.0,4408.0,2.0,C3,20.0,99.0
4.0,1350.0,4968.0,2.0,C3,2400000.0,93.0
4.0,1767.0,2385.0,2.0,C3,1600000.0,93.0
7.0,2446.0,7212.0,2.0,C7,3200000.0,117.0
7.0,2753.0,6040.0,2.0,C7,3400000.0,104.0
4.0,1485.0,3900.0,2.0,C3,2500000.0,104.0
1.0,900.0,1956.0,1.0,A5,2985000.0,94.0
1.0,1620.0,3328.0,1.0,A4,4850000.0,93.0
2.0,2200.0,2140.0,1.0,B1,525000.0,40.0
2.0,2336.0,3297.0,1.0,B1,4999999.0,123.0
2.0,2183.0,2160.0,1.0,B9,2750000.0,114.0
2.0,2227.0,2040.0,1.0,B3,1999000.0,114.0
2.0,2000.0,3600.0,1.0,B3,7400000.0,114.0
2.0,2096.0,1944.0,1.0,B1,10.0,114.0
2.0,2729.0,3512.0,1.0,B1,5400000.0,125.0
2.0,2124.0,2322.0,1.0,B1,10.0,125.0
2.0,2456.0,3464.0,1.0,B3,3200000.0,125.0
3.0,2620.0,3000.0,1.0,C0,2675000.0,93.0
3.0,2336.0,3084.0,1.0,C0,3447500.0,114.0
3.0,2456.0,3580.0,1.0,C0,10.0,123.0
3.0,1933.0,3708.0,1.0,C0,930000.0,125.0
3.0,2620.0,4552.0,1.0,C0,4030000.0,125.0
3.0,1867.0,3536.0,1.0,C0,2995000.0,125.0
6.0,2700.0,5826.0,2.0,C2,3150000.0,93.0
4.0,1593.0,4000.0,2.0,C3,2600000.0,93.0
4.0,2565.0,4640.0,2.0,C3,7000000.0,93.0
4.0,1933.0,2600.0,2.0,C3,1397164.0,93.0
4.0,2751.0,2570.0,2.0,C3,10.0,93.0
8.0,3275.0,8200.0,2.0,C1,3250000.0,113.0
16.0,5000.0,14520.0,2.0,C1,3580.0,110.0
10.0,3600.0,11743.0,2.0,C1,3570000.0,109.0
10.0,3600.0,11743.0,2.0,C1,2550000.0,109.0
10.0,3600.0,11743.0,2.0,C1,3545000.0,109.0
18.0,5000.0,17314.0,2.0,C1,5985000.0,109.0
1.0,2500.0,1500.0,1.0,A9,1360000.0,125.0
1.0,1950.0,3253.0,1.0,A4,3547106.0,2.0
1.0,1600.0,2382.0,1.0,A5,2532500.0,114.0
1.0,2500.0,1875.0,1.0,A9,958211.0,114.0
1.0,2500.0,600.0,1.0,A9,999999.0,123.0
2.0,1575.0,2100.0,1.0,B2,1800000.0,123.0
2.0,2500.0,1012.0,1.0,B9,2180000.0,123.0
2.0,1500.0,1200.0,1.0,B9,1590000.0,99.0
2.0,2500.0,2934.0,1.0,B9,1250000.0,125.0
2.0,1800.0,2000.0,1.0,B1,2185000.0,125.0
2.0,1800.0,3000.0,1.0,B1,1290000.0,125.0
2.0,2000.0,1800.0,1.0,B9,1960000.0,99.0
3.0,990.0,2268.0,1.0,C0,950000.0,109.0
3.0,1605.0,2023.0,1.0,C0,1000000.0,125.0
3.0,2500.0,2250.0,1.0,C0,3000000.0,123.0
3.0,1710.0,2394.0,1.0,C0,1399000.0,114.0
4.0,1800.0,4160.0,2.0,C3,2100000.0,103.0
1.0,2033.0,3626.0,1.0,A5,1200000.0,39.0
1.0,2000.0,1520.0,1.0,A5,436020.0,39.0
1.0,2000.0,1520.0,1.0,A5,550000.0,39.0
1.0,2900.0,1760.0,1.0,A1,850000.0,64.0
1.0,3000.0,1364.0,1.0,A1,630000.0,99.0
1.0,2700.0,1730.0,1.0,A1,640000.0,99.0
1.0,4000.0,2400.0,1.0,A1,999999.0,123.0
1.0,3000.0,2280.0,1.0,A1,820000.0,64.0
1.0,5280.0,2284.0,1.0,A2,10.0,54.0
1.0,3040.0,1750.0,1.0,A1,10.0,20.0
1.0,3200.0,2688.0,1.0,A1,1300000.0,74.0
1.0,2944.0,1368.0,1.0,A1,340000.0,59.0
1.0,3000.0,1496.0,1.0,A5,999950.0,59.0
2.0,3650.0,2808.0,1.0,B2,900000.0,64.0
2.0,3000.0,1750.0,1.0,B1,1100000.0,74.0
2.0,2875.0,1728.0,1.0,B2,650000.0,64.0
2.0,3333.0,2100.0,1.0,B2,360000.0,104.0
2.0,4000.0,1760.0,1.0,B1,300000.0,84.0
2.0,6325.0,3288.0,1.0,B1,618793.0,74.0
2.0,6325.0,3288.0,1.0,B1,652943.0,74.0
2.0,1600.0,2280.0,1.0,B1,650000.0,79.0
2.0,1600.0,2200.0,1.0,B1,730000.0,84.0
2.0,2640.0,2504.0,1.0,B9,850000.0,69.0
3.0,5250.0,2100.0,1.0,C0,1100000.0,89.0
3.0,4000.0,2678.0,1.0,C0,1160000.0,99.0
3.0,5000.0,3036.0,1.0,C0,565000.0,104.0
3.0,10260.0,4488.0,1.0,C0,10.0,94.0
4.0,6000.0,4744.0,2.0,C3,640000.0,114.0
1.0,2100.0,1204.0,1.0,A9,1350000.0,99.0
1.0,1200.0,1595.0,1.0,A5,910000.0,64.0
1.0,1950.0,1320.0,1.0,A9,620000.0,99.0
1.0,2250.0,1320.0,1.0,A9,990000.0,99.0
1.0,2200.0,1408.0,1.0,A9,996800.0,99.0
1.0,1867.0,1827.0,1.0,A5,890000.0,69.0
1.0,1900.0,1116.0,1.0,A5,770000.0,74.0
1.0,2500.0,1116.0,1.0,A5,856000.0,74.0
1.0,1800.0,1116.0,1.0,A5,800000.0,74.0
1.0,1600.0,928.0,1.0,A5,693000.0,74.0
1.0,2250.0,1584.0,1.0,A5,825000.0,84.0
1.0,4000.0,1888.0,1.0,A2,825000.0,74.0
1.0,2500.0,1080.0,1.0,A2,750000.0,104.0
1.0,1287.0,1648.0,1.0,A5,650000.0,64.0
1.0,2750.0,1960.0,1.0,A2,1038000.0,89.0
1.0,2200.0,1440.0,1.0,A1,913000.0,94.0
1.0,1600.0,1592.0,1.0,A5,620000.0,84.0
1.0,1800.0,1888.0,1.0,A5,980000.0,84.0
1.0,1600.0,1592.0,1.0,A5,937500.0,84.0
1.0,1890.0,1890.0,1.0,A5,838000.0,79.0
1.0,2150.0,1344.0,1.0,A9,950000.0,104.0
1.0,2000.0,1408.0,1.0,A9,1060000.0,94.0
1.0,2200.0,1780.0,1.0,A5,1.0,79.0
1.0,3150.0,1632.0,1.0,A1,999000.0,99.0
1.0,3130.0,960.0,1.0,A9,800000.0,104.0
1.0,4000.0,3299.0,1.0,A1,2120000.0,9.0
1.0,2970.0,720.0,1.0,A9,750000.0,94.0
1.0,2100.0,1685.0,1.0,A5,1335000.0,94.0
1.0,1184.0,1452.0,1.0,A9,600000.0,94.0
1.0,2000.0,1348.0,1.0,A1,1312000.0,104.0
1.0,1600.0,1088.0,1.0,A5,838000.0,74.0
1.0,1600.0,1526.0,1.0,A5,885000.0,94.0
1.0,2000.0,1925.0,1.0,A5,1150000.0,94.0
1.0,1890.0,2088.0,1.0,A5,939998.0,79.0
1.0,2000.0,2160.0,1.0,A5,875000.0,69.0
1.0,3800.0,1639.0,1.0,A1,175000.0,94.0
1.0,2000.0,738.0,1.0,A2,610000.0,119.0
1.0,4000.0,3249.0,1.0,A3,2100000.0,119.0
1.0,2000.0,1280.0,1.0,A5,700000.0,94.0
1.0,1854.0,1140.0,1.0,A9,640000.0,104.0
1.0,2040.0,1460.0,1.0,A5,1700000.0,114.0
1.0,2020.0,1460.0,1.0,A5,1100000.0,114.0
1.0,1140.0,1216.0,1.0,A5,860000.0,94.0
1.0,1062.0,1152.0,1.0,A5,500000.0,94.0
1.0,3226.0,1400.0,1.0,A9,816250.0,104.0
1.0,1261.0,1032.0,1.0,A9,680000.0,123.0
1.0,2320.0,1120.0,1.0,A5,10.0,84.0
1.0,2237.0,1260.0,1.0,A5,485000.0,84.0
1.0,1664.0,788.0,1.0,A2,526000.0,104.0
1.0,1612.0,788.0,1.0,A2,350000.0,104.0
1.0,1200.0,540.0,1.0,A2,330000.0,104.0
1.0,1778.0,1446.0,1.0,A2,115000.0,104.0
1.0,1332.0,712.0,1.0,A2,465000.0,104.0
1.0,1320.0,608.0,1.0,A2,399999.0,6.0
1.0,1975.0,1312.0,1.0,A9,820000.0,104.0
2.0,2200.0,1729.0,1.0,B1,998000.0,79.0
2.0,2200.0,1729.0,1.0,B1,980000.0,79.0
2.0,2800.0,2332.0,1.0,B2,1670000.0,94.0
2.0,2425.0,2280.0,1.0,B1,1200000.0,94.0
2.0,1800.0,2113.0,1.0,B3,990000.0,84.0
2.0,2100.0,1400.0,1.0,B1,387500.0,74.0
2.0,3150.0,2304.0,1.0,B1,1049000.0,64.0
2.0,3480.0,2720.0,1.0,B2,1570000.0,94.0
2.0,2410.0,3674.0,1.0,B1,907000.0,94.0
2.0,2840.0,2310.0,1.0,B3,1230000.0,94.0
2.0,4000.0,2128.0,1.0,B3,1050000.0,104.0
2.0,1780.0,2520.0,1.0,B3,910000.0,89.0
2.0,5060.0,4554.0,1.0,B1,2880000.0,8.0
2.0,2500.0,2425.0,1.0,B1,1.0,94.0
2.0,2500.0,2425.0,1.0,B1,1250000.0,94.0
2.0,2800.0,2023.0,1.0,B1,715000.0,74.0
2.0,2000.0,2070.0,1.0,B1,940000.0,84.0
2.0,2000.0,2180.0,1.0,B1,600000.0,89.0
2.0,2175.0,1575.0,1.0,B1,800000.0,74.0
2.0,2175.0,1575.0,1.0,B1,960000.0,74.0
2.0,1650.0,1512.0,1.0,B1,579000.0,84.0
2.0,2200.0,1848.0,1.0,B9,608000.0,74.0
2.0,2200.0,1848.0,1.0,B9,860000.0,74.0
2.0,1800.0,1980.0,1.0,B3,980000.0,84.0
2.0,2000.0,2200.0,1.0,B3,999000.0,84.0
2.0,1800.0,1939.0,1.0,B9,980000.0,64.0
2.0,2200.0,1827.0,1.0,B3,980000.0,84.0
2.0,2200.0,1827.0,1.0,B1,1150000.0,84.0
2.0,3255.0,2786.0,1.0,B1,1500000.0,89.0
2.0,2917.0,1840.0,1.0,B2,1200000.0,94.0
2.0,1600.0,1432.0,1.0,B3,354900.0,94.0
2.0,2400.0,1975.0,1.0,B1,990000.0,84.0
2.0,2200.0,1890.0,1.0,B9,962000.0,84.0
2.0,2200.0,1855.0,1.0,B9,990000.0,74.0
2.0,2000.0,1960.0,1.0,B3,1100000.0,75.0
2.0,1992.0,1792.0,1.0,B1,808000.0,89.0
2.0,1992.0,1592.0,1.0,B1,833600.0,89.0
2.0,2175.0,1844.0,1.0,B1,932000.0,84.0
2.0,2000.0,1540.0,1.0,B9,750000.0,69.0
2.0,2000.0,1540.0,1.0,B9,880000.0,69.0
2.0,2000.0,1540.0,1.0,B9,782250.0,69.0
2.0,2000.0,1540.0,1.0,B9,700000.0,69.0
2.0,1742.0,2520.0,1.0,B1,990000.0,94.0
2.0,1500.0,1600.0,1.0,B2,769250.0,94.0
2.0,1983.0,2021.0,1.0,B2,995000.0,94.0
2.0,2625.0,2160.0,1.0,B2,1355000.0,94.0
2.0,2625.0,2160.0,1.0,B2,950000.0,94.0
2.0,2500.0,3640.0,1.0,B1,1310000.0,94.0
2.0,2500.0,2200.0,1.0,B1,1.0,89.0
2.0,2000.0,2256.0,1.0,B1,1100000.0,69.0
2.0,2200.0,2072.0,1.0,B1,1130000.0,79.0
2.0,2200.0,1961.0,1.0,B9,965000.0,84.0
2.0,4000.0,1500.0,1.0,B3,1415000.0,94.0
2.0,2600.0,3003.0,1.0,B1,1250000.0,84.0
2.0,2000.0,2244.0,1.0,B9,1139500.0,69.0
2.0,2000.0,2244.0,1.0,B9,1185000.0,69.0
2.0,2000.0,2265.0,1.0,B9,890000.0,69.0
2.0,2000.0,2265.0,1.0,B9,1040000.0,69.0
2.0,2000.0,2265.0,1.0,B9,1128900.0,69.0
2.0,2500.0,2000.0,1.0,B1,1200000.0,89.0
2.0,2500.0,2000.0,1.0,B1,1250000.0,89.0
2.0,2467.0,2256.0,1.0,B2,1350000.0,94.0
2.0,2467.0,2256.0,1.0,B2,10.0,99.0
2.0,2500.0,2160.0,1.0,B2,1288000.0,99.0
2.0,1520.0,1942.0,1.0,B9,1220000.0,74.0
2.0,2200.0,1578.0,1.0,B1,1150000.0,84.0
2.0,2444.0,1862.0,1.0,B2,900000.0,94.0
2.0,2079.0,2016.0,1.0,B9,987500.0,64.0
2.0,4017.0,4224.0,1.0,B1,1409000.0,93.0
2.0,3800.0,3909.0,1.0,B3,2175000.0,104.0
2.0,1520.0,1914.0,1.0,B3,950000.0,74.0
2.0,4000.0,3841.0,1.0,B1,1560000.0,74.0
2.0,3000.0,2484.0,1.0,B9,1090000.0,74.0
2.0,2000.0,2225.0,1.0,B9,1175000.0,74.0
2.0,2000.0,2225.0,1.0,B9,1150000.0,74.0
2.0,2000.0,2251.0,1.0,B9,900000.0,64.0
2.0,2000.0,2251.0,1.0,B9,641498.0,64.0
2.0,2000.0,2251.0,1.0,B9,1547880.0,64.0
2.0,2000.0,2251.0,1.0,B9,1200000.0,64.0
2.0,1950.0,1400.0,1.0,B1,825000.0,64.0
2.0,1755.0,1863.0,1.0,B1,221250.0,64.0
2.0,2925.0,1400.0,1.0,B1,800000.0,64.0
2.0,1950.0,1400.0,1.0,B1,800000.0,64.0
2.0,2975.0,2116.0,1.0,B1,935000.0,74.0
2.0,1311.0,1176.0,1.0,B3,885000.0,99.0
2.0,2300.0,1888.0,1.0,B1,158609.0,104.0
2.0,2050.0,2110.0,1.0,B1,1210000.0,84.0
2.0,6235.0,1980.0,1.0,B3,1530000.0,94.0
2.0,2600.0,2220.0,1.0,B9,150000.0,64.0
2.0,2000.0,2220.0,1.0,B9,999999.0,64.0
2.0,2096.0,1728.0,1.0,B3,970000.0,84.0
2.0,1900.0,2160.0,1.0,B9,1030000.0,69.0
2.0,1892.0,2052.0,1.0,B9,975000.0,69.0
2.0,2017.0,1312.0,1.0,B3,760000.0,104.0
2.0,2800.0,2320.0,1.0,B2,1170000.0,7.0
2.0,6000.0,1146.0,1.0,B3,1265000.0,89.0
2.0,1400.0,1152.0,1.0,B2,770000.0,104.0
3.0,3200.0,4480.0,1.0,C0,1880000.0,26.0
3.0,4400.0,2799.0,1.0,C0,328825.0,114.0
3.0,4000.0,2912.0,1.0,C0,1735000.0,104.0
3.0,2500.0,2667.0,1.0,C0,1240000.0,94.0
3.0,2500.0,2425.0,1.0,C0,1200000.0,94.0
3.0,2500.0,3465.0,1.0,C0,1.0,94.0
3.0,2600.0,3003.0,1.0,C0,1220000.0,84.0
3.0,2550.0,3720.0,1.0,C0,1330000.0,104.0
3.0,2500.0,2560.0,1.0,C0,1155000.0,114.0
3.0,2500.0,3000.0,1.0,C0,1250000.0,69.0
3.0,2000.0,2200.0,1.0,C0,1050000.0,54.0
3.0,3150.0,2276.0,1.0,C0,1.0,104.0
3.0,4000.0,3850.0,1.0,C0,1300000.0,54.0
3.0,3001.0,3496.0,1.0,C0,950000.0,54.0
4.0,3000.0,3600.0,2.0,C3,1495000.0,98.0
4.0,4500.0,3129.0,2.0,C3,1400000.0,99.0
1.0,2300.0,1630.0,1.0,A5,640000.0,13.0
2.0,1900.0,2430.0,1.0,B2,849000.0,15.0
2.0,4025.0,2499.0,1.0,B2,10.0,13.0
1.0,1987.0,1430.0,1.0,A5,1150000.0,99.0
1.0,2003.0,1968.0,1.0,A9,1233000.0,119.0
1.0,2003.0,944.0,1.0,A5,1600000.0,104.0
1.0,2504.0,652.0,1.0,A2,1600000.0,114.0
1.0,2504.0,1368.0,1.0,A2,1100000.0,123.0
2.0,1669.0,1408.0,1.0,B9,1375000.0,114.0
2.0,1878.0,1970.0,1.0,B9,1350000.0,114.0
2.0,1252.0,1296.0,1.0,B9,1150000.0,114.0
2.0,2003.0,2160.0,1.0,B9,2385000.0,125.0
2.0,2003.0,1800.0,1.0,B9,1285000.0,114.0
2.0,1818.0,1260.0,1.0,B9,718500.0,114.0
2.0,1703.0,1462.0,1.0,B9,1313000.0,114.0
2.0,1783.0,2233.0,1.0,B9,1260000.0,119.0
2.0,1669.0,2272.0,1.0,B9,1225000.0,114.0
2.0,1667.0,2016.0,1.0,B9,1410000.0,114.0
2.0,1669.0,1920.0,1.0,B9,1690000.0,114.0
2.0,1503.0,1965.0,1.0,B1,1130000.0,114.0
2.0,1669.0,1440.0,1.0,B9,975000.0,114.0
2.0,1853.0,2340.0,1.0,B9,700000.0,114.0
2.0,2003.0,1960.0,1.0,B9,1220000.0,114.0
2.0,1017.0,2100.0,1.0,B1,990000.0,5.0
2.0,992.0,2048.0,1.0,B1,980000.0,5.0
2.0,992.0,2048.0,1.0,B1,865512.0,5.0
2.0,992.0,2048.0,1.0,B1,1099710.0,5.0
2.0,1017.0,2091.0,1.0,B1,1170988.0,5.0
2.0,2003.0,2400.0,1.0,B9,1450000.0,123.0
2.0,1669.0,1728.0,1.0,B9,300000.0,114.0
2.0,2003.0,2712.0,1.0,B9,1365000.0,125.0
2.0,2003.0,2964.0,1.0,B9,1520000.0,114.0
2.0,2003.0,2460.0,1.0,B9,980000.0,114.0
2.0,2003.0,2148.0,1.0,B9,1340000.0,123.0
2.0,2003.0,2904.0,1.0,B9,1400000.0,109.0
2.0,2003.0,1800.0,1.0,B9,1250000.0,104.0
2.0,2003.0,2948.0,1.0,B9,1900000.0,114.0
2.0,2003.0,2146.0,1.0,B1,1650000.0,104.0
2.0,2003.0,2094.0,1.0,B9,878888.0,114.0
2.0,2000.0,2232.0,1.0,B9,1600000.0,125.0
2.0,2003.0,2772.0,1.0,B9,1500000.0,123.0
2.0,1995.0,1970.0,1.0,B9,1160000.0,104.0
2.0,1970.0,1864.0,1.0,B9,1600000.0,104.0
2.0,2003.0,2120.0,1.0,B1,1600000.0,94.0
2.0,2003.0,1712.0,1.0,B9,995000.0,114.0
2.0,2003.0,2000.0,1.0,B9,962000.0,114.0
2.0,2070.0,3180.0,1.0,B9,1380000.0,123.0
2.0,2003.0,2610.0,1.0,B1,1390000.0,123.0
2.0,2003.0,2828.0,1.0,B9,1540000.0,125.0
2.0,1669.0,1776.0,1.0,B1,140000.0,114.0
2.0,2003.0,2328.0,1.0,B1,1700000.0,114.0
2.0,2003.0,2034.0,1.0,B9,1470000.0,114.0
2.0,1903.0,1710.0,1.0,B9,1399000.0,114.0
2.0,2003.0,2120.0,1.0,B9,1560000.0,94.0
2.0,2003.0,2520.0,1.0,B9,1238000.0,114.0
2.0,1803.0,2540.0,1.0,B9,1270000.0,123.0
2.0,2504.0,2120.0,1.0,B9,1780000.0,125.0
2.0,2003.0,3090.0,1.0,B9,1300000.0,94.0
2.0,2003.0,3184.0,1.0,B9,666000.0,109.0
2.0,2003.0,2080.0,1.0,B1,1400000.0,119.0
2.0,2003.0,2532.0,1.0,B9,705000.0,104.0
2.0,2003.0,2532.0,1.0,B9,1290000.0,104.0
2.0,2003.0,2080.0,1.0,B9,1700000.0,119.0
2.0,2003.0,3192.0,1.0,B9,2030000.0,114.0
2.0,1669.0,1536.0,1.0,B9,650000.0,123.0
2.0,1669.0,1536.0,1.0,B9,1090000.0,123.0
2.0,1669.0,1856.0,1.0,B9,900000.0,123.0
2.0,2003.0,2400.0,1.0,B9,1490000.0,125.0
2.0,1815.0,3240.0,1.0,B9,1560000.0,114.0
2.0,1800.0,2852.0,1.0,B9,1530000.0,114.0
2.0,1600.0,2880.0,1.0,B1,1700000.0,114.0
2.0,1770.0,2076.0,1.0,B9,1100000.0,104.0
2.0,2003.0,2128.0,1.0,B9,1770000.0,104.0
2.0,1970.0,2132.0,1.0,B9,1860000.0,114.0
2.0,2003.0,3004.0,1.0,B9,1300000.0,123.0
2.0,2003.0,2640.0,1.0,B1,1230000.0,123.0
2.0,2037.0,2928.0,1.0,B9,1550000.0,123.0
2.0,2003.0,2104.0,1.0,B1,1700000.0,74.0
2.0,2003.0,2104.0,1.0,B1,1800000.0,74.0
2.0,2003.0,2400.0,1.0,B9,1360000.0,123.0
2.0,2003.0,3162.0,1.0,B9,1649000.0,123.0
2.0,2003.0,1922.0,1.0,B9,1400000.0,114.0
2.0,2003.0,2640.0,1.0,B9,1725000.0,114.0
2.0,1786.0,1516.0,1.0,B9,1400000.0,109.0
2.0,2020.0,2048.0,1.0,B9,1850000.0,109.0
2.0,2003.0,1696.0,1.0,B9,1580000.0,109.0
2.0,2003.0,2000.0,1.0,B9,1300000.0,89.0
2.0,2003.0,2162.0,1.0,B9,1750000.0,89.0
2.0,2000.0,1848.0,1.0,B9,486486.0,104.0
2.0,2012.0,2200.0,1.0,B1,1580000.0,114.0
2.0,2504.0,4108.0,1.0,B9,3300000.0,125.0
2.0,1903.0,2090.0,1.0,B2,1830000.0,104.0
2.0,2003.0,1184.0,1.0,B3,1600000.0,104.0
2.0,1770.0,1532.0,1.0,B9,1014249.0,125.0
2.0,1669.0,1200.0,1.0,B2,2365000.0,125.0
2.0,1803.0,1368.0,1.0,B2,1460000.0,125.0
2.0,1561.0,1440.0,1.0,B9,2200000.0,125.0
2.0,1574.0,2100.0,1.0,B1,2500000.0,87.0
2.0,1594.0,1208.0,1.0,B3,1200000.0,119.0
2.0,1603.0,1564.0,1.0,B3,10.0,119.0
2.0,2504.0,1920.0,1.0,B3,1280000.0,114.0
2.0,1900.0,2985.0,1.0,B1,1520000.0,114.0
2.0,2504.0,2212.0,1.0,B2,1140000.0,109.0
2.0,2000.0,1920.0,1.0,B3,1480000.0,99.0
2.0,2000.0,2080.0,1.0,B9,1165000.0,125.0
2.0,4862.0,1204.0,1.0,B2,4000000.0,104.0
2.0,3842.0,1204.0,1.0,B2,4000000.0,104.0
2.0,2000.0,2080.0,1.0,B9,1550000.0,109.0
2.0,2000.0,2200.0,1.0,B9,1490000.0,123.0
2.0,1500.0,2200.0,1.0,B9,1210000.0,93.0
2.0,2900.0,3498.0,1.0,B9,1660000.0,123.0
2.0,1900.0,3285.0,1.0,B9,1400000.0,123.0
3.0,10058.0,2700.0,1.0,C0,1240000.0,114.0
3.0,2023.0,2820.0,1.0,C0,1150000.0,114.0
3.0,1669.0,2160.0,1.0,C0,1100000.0,114.0
3.0,3005.0,3420.0,1.0,C0,1750000.0,104.0
3.0,1669.0,1920.0,1.0,C0,1380000.0,114.0
3.0,2003.0,3072.0,1.0,C0,1450000.0,114.0
3.0,1700.0,2277.0,1.0,C0,1300000.0,109.0
3.0,2003.0,2820.0,1.0,C0,1450000.0,125.0
3.0,2003.0,2820.0,1.0,C0,1554000.0,125.0
3.0,2003.0,2784.0,1.0,C0,1650000.0,125.0
3.0,2003.0,2892.0,1.0,C0,1600000.0,114.0
3.0,2003.0,2712.0,1.0,C0,870000.0,125.0
3.0,2003.0,2952.0,1.0,C0,1492500.0,125.0
3.0,2003.0,2472.0,1.0,C0,1359000.0,125.0
3.0,2404.0,1725.0,1.0,C0,1625000.0,125.0
3.0,2033.0,2970.0,1.0,C0,1660000.0,119.0
3.0,2003.0,3048.0,1.0,C0,1350000.0,114.0
3.0,2028.0,1300.0,1.0,C0,990000.0,84.0
3.0,2003.0,2760.0,1.0,C0,840000.0,123.0
3.0,1600.0,3120.0,1.0,C0,1300000.0,114.0
3.0,2003.0,2700.0,1.0,C0,1420000.0,125.0
3.0,2003.0,2700.0,1.0,C0,980000.0,125.0
3.0,2504.0,1400.0,1.0,C0,1900000.0,125.0
3.0,1879.0,2772.0,1.0,C0,2365000.0,125.0
3.0,2003.0,3420.0,1.0,C0,1950000.0,94.0
3.0,2104.0,2108.0,1.0,C0,1300000.0,104.0
3.0,2000.0,3168.0,1.0,C0,330000.0,99.0
3.0,2000.0,3144.0,1.0,C0,1300000.0,123.0
8.0,2780.0,11780.0,2.0,C1,1355577.0,100.0
6.0,2587.0,4000.0,2.0,C2,975000.0,99.0
6.0,3005.0,4890.0,2.0,C2,876041.0,110.0
4.0,2504.0,3206.0,2.0,C3,1680000.0,94.0
8.0,2500.0,6380.0,2.0,C1,4985411.0,101.0
6.0,2003.0,5320.0,2.0,C2,4985411.0,113.0
4.0,1603.0,1360.0,2.0,C3,1263000.0,114.0
8.0,3005.0,6960.0,2.0,C1,1700000.0,100.0
6.0,14000.0,5250.0,2.0,C2,1210000.0,117.0
6.0,2705.0,5508.0,2.0,C2,895000.0,109.0
10.0,1613.0,3642.0,2.0,C1,1200000.0,93.0
16.0,4007.0,10280.0,2.0,C1,1940000.0,113.0
4.0,2003.0,3217.0,2.0,C3,1470000.0,125.0
8.0,2190.0,4068.0,2.0,C1,40528.0,119.0
6.0,1875.0,4988.0,2.0,C2,4985411.0,93.0
4.0,1888.0,5340.0,2.0,C3,4985411.0,93.0
6.0,1924.0,3900.0,2.0,C2,980000.0,93.0
4.0,2504.0,3200.0,2.0,C3,1688000.0,93.0
5.0,2504.0,3224.0,2.0,C2,1630000.0,93.0
6.0,2700.0,4455.0,2.0,C2,1350000.0,93.0
4.0,2000.0,4800.0,2.0,C3,2080000.0,117.0
4.0,2633.0,6760.0,2.0,C3,1400000.0,117.0
8.0,2633.0,6760.0,2.0,C1,1400000.0,93.0
16.0,4000.0,14080.0,2.0,C1,20000000.0,100.0
21.0,5000.0,14200.0,2.0,C1,20000000.0,102.0
20.0,5000.0,14200.0,2.0,C1,20000000.0,102.0
6.0,2048.0,5100.0,2.0,C2,1130000.0,113.0
6.0,2048.0,5100.0,2.0,C2,1175000.0,113.0
16.0,4800.0,16512.0,2.0,C1,20000000.0,111.0
16.0,4800.0,13200.0,2.0,C1,20000000.0,112.0
16.0,4800.0,16512.0,2.0,C1,20000000.0,112.0
20.0,5000.0,17200.0,2.0,C1,20000000.0,112.0
6.0,2362.0,4980.0,2.0,C2,1390000.0,93.0
4.0,2500.0,3120.0,2.0,C3,1800000.0,101.0
6.0,2283.0,5549.0,2.0,C2,1380000.0,97.0
2.0,2017.0,4437.0,1.0,B1,998000.0,125.0
2.0,2000.0,3660.0,1.0,B9,999000.0,125.0
2.0,2000.0,3660.0,1.0,B9,2100000.0,125.0
3.0,2200.0,3952.0,1.0,C0,10.0,119.0
3.0,1917.0,3168.0,1.0,C0,511174.0,125.0
3.0,1917.0,3420.0,1.0,C0,333253.0,125.0
3.0,2000.0,3280.0,1.0,C0,3500000.0,125.0
3.0,1992.0,3200.0,1.0,C0,1500000.0,93.0
3.0,4182.0,5400.0,1.0,C0,995000.0,36.0
3.0,2000.0,2432.0,1.0,C0,272000.0,125.0
3.0,2956.0,8608.0,1.0,C0,2850000.0,2.0
3.0,1850.0,3737.0,1.0,C0,3450000.0,125.0
3.0,3375.0,5940.0,1.0,C0,965000.0,38.0
22.0,5854.0,20800.0,2.0,C7,7950000.0,97.0
22.0,5854.0,20800.0,2.0,C7,14577000.0,97.0
6.0,2200.0,3608.0,2.0,C2,2630000.0,119.0
4.0,2175.0,2936.0,2.0,C3,10.0,114.0
4.0,1900.0,2565.0,2.0,C3,1400000.0,114.0
1.0,2500.0,2400.0,1.0,A1,195000.0,125.0
1.0,2500.0,840.0,1.0,A1,1900000.0,125.0
1.0,2500.0,1204.0,1.0,A9,1950000.0,123.0
1.0,750.0,1080.0,1.0,A9,1425000.0,114.0
1.0,1083.0,1491.0,1.0,A9,1400000.0,114.0
1.0,1388.0,2038.0,1.0,A9,1630000.0,114.0
1.0,2500.0,1220.0,1.0,A5,15000.0,114.0
1.0,2500.0,1040.0,1.0,A9,1495000.0,114.0
1.0,2500.0,1300.0,1.0,A9,2200000.0,114.0
1.0,2000.0,1683.0,1.0,A9,975000.0,94.0
2.0,2500.0,1656.0,1.0,B9,4180000.0,125.0
2.0,3133.0,2250.0,1.0,B1,3456000.0,109.0
2.0,2500.0,1400.0,1.0,B9,2000000.0,114.0
2.0,2025.0,1200.0,1.0,B3,1900000.0,114.0
2.0,1875.0,1608.0,1.0,B9,2350000.0,123.0
2.0,2500.0,1700.0,1.0,B9,2300000.0,123.0
2.0,2375.0,2848.0,1.0,B9,4918000.0,125.0
2.0,1219.0,1620.0,1.0,B3,1440000.0,123.0
2.0,1313.0,1530.0,1.0,B9,2300000.0,123.0
2.0,843.0,1512.0,1.0,B9,1400000.0,123.0
2.0,2621.0,1756.0,1.0,B3,1.0,123.0
2.0,3100.0,3004.0,1.0,B9,3125000.0,123.0
2.0,2600.0,1182.0,1.0,B9,2100000.0,104.0
2.0,1883.0,1485.0,1.0,B9,2100000.0,114.0
2.0,1406.0,2022.0,1.0,B9,625172.0,114.0
2.0,2500.0,1070.0,1.0,B2,15000.0,104.0
2.0,1704.0,1980.0,1.0,B2,825000.0,94.0
2.0,1983.0,2000.0,1.0,B2,1350000.0,28.0
2.0,1940.0,1900.0,1.0,B2,1450000.0,35.0
3.0,2308.0,8851.0,1.0,C0,1.0,1.0
3.0,1100.0,1920.0,1.0,C0,2499000.0,114.0
3.0,2500.0,1921.0,1.0,C0,1820000.0,114.0
3.0,2100.0,2640.0,1.0,C0,10.0,123.0
3.0,2500.0,2400.0,1.0,C0,1050000.0,125.0
3.0,2500.0,2250.0,1.0,C0,2455000.0,123.0
3.0,2400.0,2190.0,1.0,C0,2395000.0,114.0
3.0,2108.0,2205.0,1.0,C0,1900000.0,94.0
3.0,2500.0,3500.0,1.0,C0,2350000.0,94.0
6.0,2500.0,4125.0,2.0,C2,2950000.0,94.0
6.0,1875.0,4875.0,2.0,C2,2815000.0,96.0
8.0,2850.0,5848.0,2.0,C1,3046613.0,96.0
6.0,2500.0,5000.0,2.0,C2,1630000.0,96.0
6.0,1875.0,3750.0,2.0,C2,1850000.0,94.0
6.0,2736.0,4866.0,2.0,C4,15500000.0,104.0
11.0,5000.0,12000.0,2.0,C7,6000000.0,104.0
53.0,8000.0,48000.0,2.0,C7,12000000.0,104.0
6.0,2500.0,3750.0,2.0,C2,2325000.0,104.0
8.0,2500.0,6500.0,2.0,C4,650000.0,93.0
5.0,2500.0,4875.0,2.0,C2,5470000.0,104.0
10.0,10350.0,10500.0,2.0,C1,725000.0,93.0
1.0,1800.0,2040.0,1.0,A1,2400000.0,125.0
2.0,2000.0,1536.0,1.0,B3,2250000.0,125.0
2.0,1200.0,2400.0,1.0,B9,5250000.0,125.0
3.0,1460.0,1944.0,1.0,C0,2565000.0,114.0
3.0,2500.0,1750.0,1.0,C0,2750000.0,114.0
3.0,800.0,1800.0,1.0,C0,2425000.0,114.0
3.0,1925.0,5497.0,1.0,C0,3060000.0,114.0
3.0,1275.0,2400.0,1.0,C0,3150000.0,125.0
6.0,1960.0,5600.0,2.0,C4,2500000.0,124.0
8.0,2500.0,5500.0,2.0,C1,10.0,114.0
6.0,2808.0,5617.0,2.0,C2,1.0,114.0
5.0,1875.0,3434.0,2.0,C2,2725000.0,26.0
8.0,2500.0,6000.0,2.0,C1,2525000.0,114.0
8.0,2419.0,6232.0,2.0,C1,6150000.0,114.0
4.0,1318.0,3645.0,2.0,C3,2600000.0,114.0
2.0,1500.0,2400.0,1.0,B1,1.0,104.0
3.0,1958.0,3000.0,1.0,C0,2500000.0,125.0
3.0,1560.0,3348.0,1.0,C0,3687500.0,114.0
3.0,1500.0,2800.0,1.0,C0,2400000.0,125.0
3.0,2200.0,3696.0,1.0,C0,3550000.0,125.0
3.0,1900.0,3200.0,1.0,C0,2525000.0,94.0
3.0,4004.0,4680.0,1.0,C0,3200000.0,125.0
3.0,1475.0,4839.0,1.0,C0,3800000.0,104.0
4.0,2288.0,6494.0,2.0,C3,2300000.0,104.0
7.0,3990.0,6638.0,2.0,C1,1.0,114.0
4.0,2500.0,3000.0,2.0,C3,1485000.0,114.0
4.0,1738.0,2640.0,2.0,C3,2725000.0,114.0
23.0,5000.0,23650.0,2.0,C7,4750000.0,116.0
15.0,3000.0,14375.0,2.0,C7,2850000.0,114.0
4.0,1995.0,3822.0,2.0,C3,2500000.0,125.0
25.0,3705.0,19890.0,2.0,C7,5250000.0,112.0
6.0,2375.0,6500.0,2.0,C4,1810000.0,114.0
1.0,1003.0,1024.0,1.0,A5,2450000.0,114.0
1.0,1700.0,1662.0,1.0,A5,2210000.0,104.0
1.0,1700.0,1789.0,1.0,A5,1650000.0,89.0
1.0,1275.0,2309.0,1.0,A5,2795000.0,125.0
1.0,6000.0,1200.0,1.0,A1,2400000.0,125.0
1.0,1367.0,1074.0,1.0,A5,1825000.0,114.0
1.0,1620.0,1575.0,1.0,A9,1330000.0,125.0
1.0,1300.0,1152.0,1.0,A9,1915000.0,125.0
1.0,1300.0,1500.0,1.0,A9,2050000.0,99.0
1.0,1125.0,1112.0,1.0,A9,998000.0,99.0
1.0,1125.0,1112.0,1.0,A9,1955000.0,99.0
1.0,1313.0,954.0,1.0,A9,1480000.0,99.0
1.0,3125.0,1272.0,1.0,A1,1300000.0,99.0
1.0,3125.0,1272.0,1.0,A1,2600000.0,99.0
1.0,1733.0,1588.0,1.0,A5,1800000.0,123.0
2.0,2500.0,3400.0,1.0,B1,2945000.0,99.0
2.0,1803.0,1920.0,1.0,B9,2200000.0,64.0
2.0,1410.0,1360.0,1.0,B1,2250000.0,104.0
2.0,2003.0,2048.0,1.0,B1,2202000.0,114.0
2.0,2003.0,2690.0,1.0,B1,1800000.0,69.0
2.0,2003.0,1500.0,1.0,B2,1500000.0,109.0
2.0,1600.0,1984.0,1.0,B3,2360000.0,123.0
2.0,1900.0,1544.0,1.0,B1,2000000.0,123.0
2.0,2000.0,2128.0,1.0,B1,2390000.0,123.0
2.0,1557.0,2160.0,1.0,B1,3075000.0,123.0
2.0,2030.0,1600.0,1.0,B2,1850000.0,99.0
2.0,2000.0,2940.0,1.0,B9,2750000.0,114.0
2.0,1300.0,2430.0,1.0,B9,2800000.0,104.0
2.0,2000.0,3165.0,1.0,B1,1850000.0,109.0
2.0,2100.0,2790.0,1.0,B2,2850000.0,125.0
2.0,4000.0,3496.0,1.0,B1,100.0,99.0
2.0,3028.0,2530.0,1.0,B1,2000000.0,64.0
2.0,2500.0,1552.0,1.0,B2,1950000.0,114.0
2.0,2500.0,2640.0,1.0,B2,2020000.0,125.0
2.0,1620.0,1732.0,1.0,B2,1653000.0,125.0
2.0,2525.0,1092.0,1.0,B2,1100000.0,99.0
2.0,2000.0,2144.0,1.0,B2,1300000.0,125.0
3.0,1615.0,2898.0,1.0,C0,3050000.0,125.0
3.0,2500.0,3334.0,1.0,C0,2325000.0,24.0
3.0,1933.0,2565.0,1.0,C0,2650000.0,114.0
3.0,1206.0,3168.0,1.0,C0,2790000.0,104.0
3.0,2425.0,3560.0,1.0,C0,2750000.0,99.0
3.0,1950.0,2925.0,1.0,C0,2936000.0,114.0
3.0,2900.0,3300.0,1.0,C0,2200000.0,24.0
1.0,2200.0,1452.0,1.0,A5,1575000.0,40.0
1.0,1500.0,1680.0,1.0,A5,1135000.0,16.0
2.0,2375.0,1932.0,1.0,B2,1500000.0,114.0
2.0,2450.0,2240.0,1.0,B1,1449000.0,89.0
2.0,1875.0,2520.0,1.0,B2,1420000.0,94.0
2.0,2000.0,2100.0,1.0,B2,2410000.0,99.0
2.0,1833.0,2585.0,1.0,B3,1850000.0,99.0
2.0,1800.0,1224.0,1.0,B3,940000.0,84.0
2.0,2000.0,1680.0,1.0,B2,1699995.0,104.0
2.0,1800.0,2700.0,1.0,B2,1120000.0,104.0
2.0,2000.0,2400.0,1.0,B2,900000.0,104.0
2.0,2000.0,2700.0,1.0,B1,1175000.0,104.0
2.0,2000.0,3300.0,1.0,B1,1450000.0,123.0
2.0,2000.0,2200.0,1.0,B2,1150000.0,123.0
2.0,2000.0,2200.0,1.0,B2,1730000.0,123.0
2.0,2000.0,3300.0,1.0,B1,900000.0,123.0
2.0,1900.0,3300.0,1.0,B1,1115000.0,114.0
3.0,2500.0,3276.0,1.0,C0,1650000.0,104.0
3.0,2000.0,3360.0,1.0,C0,1425000.0,123.0
3.0,2000.0,3240.0,1.0,C0,1000.0,123.0
3.0,1950.0,3012.0,1.0,C0,1250000.0,123.0
3.0,1958.0,3078.0,1.0,C0,2425000.0,125.0
3.0,2000.0,3000.0,1.0,C0,1.0,104.0
3.0,2000.0,3420.0,1.0,C0,550000.0,93.0
3.0,2000.0,3420.0,1.0,C0,1600000.0,125.0
3.0,1958.0,3285.0,1.0,C0,1530000.0,125.0
6.0,2500.0,4725.0,2.0,C2,2150000.0,93.0
6.0,2250.0,4725.0,2.0,C2,950000.0,93.0
8.0,2500.0,7091.0,2.0,C1,1000.0,9.0
6.0,2500.0,4875.0,2.0,C2,620000.0,93.0
6.0,2500.0,4500.0,2.0,C2,875000.0,93.0
4.0,2250.0,2500.0,2.0,C3,2500000.0,93.0
5.0,1800.0,4247.0,2.0,C2,3240000.0,104.0
8.0,2500.0,7000.0,2.0,C1,765000.0,93.0
6.0,2500.0,4875.0,2.0,C2,2125000.0,93.0
6.0,2683.0,4830.0,2.0,C2,998000.0,93.0
5.0,2500.0,4500.0,2.0,C2,1500000.0,93.0
5.0,2500.0,4500.0,2.0,C2,1500000.0,93.0
6.0,2600.0,5070.0,2.0,C2,570000.0,93.0
8.0,2000.0,6000.0,2.0,C1,3575000.0,93.0
6.0,2500.0,4875.0,2.0,C2,50000.0,93.0
6.0,1900.0,4285.0,2.0,C2,1987500.0,114.0
